family,split,regime,label,lam,variant,mean_rr_s,min_rr_s,max_rr_s,sdnn_ms,rmssd_ms,lf_ms2,hf_ms2,lf_hf,lf_nu,skewness,n_distinct,duration_s
mackey_glass,DEV,mackey_glass:tau=16.5,CHAOTIC,0.0017784722791161,i_clean,0.8,0.7358482205068334,0.8742537361256333,50.0244319584578,77.4981495194441,0.8092066502992646,2063.9587739986473,0.0003922313020506548,0.03920775025075883,-0.04922792036689684,1024.0,819.2
mackey_glass,DEV,mackey_glass:tau=16.5,CHAOTIC,0.0017784722791161,iv_q,0.7999335394965279,0.7319444444444445,0.8777777777777778,50.06142236070443,77.54214434725073,1.3173474560211569,2064.623322892122,0.000639762705196288,0.06393536274456414,-0.04956697180320081,25.5,819.1319444444446
mackey_glass,DEV,mackey_glass:tau=16.5,CHAOTIC,0.0017784722791161,vi_E3_10,0.79993896484375,0.38750000000000007,1.4708333333333334,137.6270392140828,212.3360250613041,1274.3014535460518,11589.330207177758,0.11088035466675078,9.981143633368422,1.536483909171363,141.0,819.1375
mackey_glass,DEV,mackey_glass:tau=17.0,CHAOTIC,0.0051652746061272,i_clean,0.8,0.7342867919328075,0.8769599916910651,50.0244319584578,78.04240093324779,51.53910911997232,1871.9402197402214,0.027618077617730025,2.687581852521194,-0.07380180842142606,1024.0,819.2
mackey_glass,DEV,mackey_glass:tau=17.0,CHAOTIC,0.0051652746061272,iv_q,0.8000203450520833,0.7333333333333334,0.8805555555555555,50.10257803275025,78.16187686876583,52.11320720404451,1875.938664701016,0.027801809810804667,2.704976567818843,-0.07471310861232781,30.0,819.2208333333333
mackey_glass,DEV,mackey_glass:tau=17.0,CHAOTIC,0.0051652746061272,vi_E3_10,0.8000054253472222,0.38888888888888884,1.4902777777777778,137.01817632294325,210.91630752965648,1310.959464097144,11515.031047810371,0.11625812215861459,10.414338481751656,1.5616369199140687,147.5,819.2055555555555
mackey_glass,DEV,mackey_glass:tau=18.0,CHAOTIC,0.0072618281949162,i_clean,0.8,0.7297653484217308,0.885553391428188,50.024431958457804,79.75710942385372,94.08788265805461,1286.2044711711646,0.07390841752950916,6.882186250908388,-0.03324544863224382,1024.0,819.2
mackey_glass,DEV,mackey_glass:tau=18.0,CHAOTIC,0.0072618281949162,iv_q,0.8000135633680556,0.7305555555555556,0.8861111111111112,50.035886009156954,79.77204697902641,94.55971328505649,1286.1150514913993,0.07332115436881537,6.831218656512743,-0.032162073725638646,40.5,819.213888888889
mackey_glass,DEV,mackey_glass:tau=18.0,CHAOTIC,0.0072618281949162,vi_E3_10,0.8000176323784722,0.3944444444444445,1.4944444444444445,137.8880134846055,214.81454138027567,1350.0844978213195,10958.889715782429,0.12397136102423226,11.029689191877857,1.487364489734266,157.0,819.2180555555556
mackey_glass,DEV,mackey_glass:tau=20.0,CHAOTIC,0.0076164618811697,i_clean,0.8,0.72322634007206,0.8885182504590581,50.0244319584578,80.8908733962055,129.2325073441052,748.7582510272407,0.17075110626154866,14.584594977377916,-0.004159757168739289,1024.0,819.2
mackey_glass,DEV,mackey_glass:tau=20.0,CHAOTIC,0.0076164618811697,iv_q,0.8000406901041668,0.7222222222222222,0.8902777777777778,50.05318345479788,80.94317097685791,128.5085993326358,747.2257764470514,0.17058065411511883,14.572298776650054,-0.005468088768015588,47.0,819.2416666666668
mackey_glass,DEV,mackey_glass:tau=20.0,CHAOTIC,0.0076164618811697,vi_E3_10,0.8000406901041667,0.3833333333333333,1.4472222222222222,136.7908750218267,211.6484145362904,1215.2851573383548,9677.32508387254,0.1306722847070178,11.555215645827069,1.4292296866979535,159.5,819.2416666666667
mackey_glass,DEV,mackey_glass:tau=23.0,CHAOTIC,0.0095057501531082,i_clean,0.8,0.7167953666746095,0.9341688483045256,50.0244319584578,77.34421776619376,321.71683154431366,695.3399930014903,0.45398658767924044,31.223492515924086,0.13378432973012427,1024.0,819.2
mackey_glass,DEV,mackey_glass:tau=23.0,CHAOTIC,0.0095057501531082,iv_q,0.8000040690104167,0.7166666666666667,0.9361111111111111,50.08051775892574,77.36579268270913,319.4397019634266,696.9974554911737,0.4494262690090062,31.007048575973847,0.1341748597069517,54.5,819.2041666666667
mackey_glass,DEV,mackey_glass:tau=23.0,CHAOTIC,0.0095057501531082,vi_E3_10,0.8000067816840277,0.38055555555555554,1.4472222222222224,136.2559875040746,210.98502965802368,1426.1848202706346,9523.46687591363,0.1480408293754077,12.893449300848676,1.4768437015928293,167.5,819.2069444444444
mackey_glass,DEV,mackey_glass:tau=26.0,CHAOTIC,0.0094862186122464,i_clean,0.8,0.7112702077326413,0.8974890912856909,50.024431958457804,72.71199998471013,514.136128504909,640.9838695078779,0.8082831933614126,44.68514573752309,0.33518004574201044,1024.0,819.2
mackey_glass,DEV,mackey_glass:tau=26.0,CHAOTIC,0.0094862186122464,iv_q,0.7999688042534723,0.7111111111111111,0.8972222222222223,50.05254166288445,72.74084101524839,517.2265843887698,640.1058869601317,0.807361629829164,44.658340491865246,0.3346366739574803,59.0,819.1680555555556
mackey_glass,DEV,mackey_glass:tau=26.0,CHAOTIC,0.0094862186122464,vi_E3_10,0.7999769422743056,0.39027777777777783,1.488888888888889,136.4744014514193,208.11429050078755,1778.951744507844,9839.914273689876,0.17818160113329418,15.123163523701061,1.5191105954944435,175.5,819.1763888888889
mackey_glass,DEV,mackey_glass:tau=30.0,CHAOTIC,0.0070034779462017,i_clean,0.8,0.715254726854161,0.9601927545082296,50.0244319584578,73.08584552350794,382.85686808201467,821.4405562800591,0.466047852413078,31.78922684204009,0.5133246637432016,1024.0,819.2
mackey_glass,DEV,mackey_glass:tau=30.0,CHAOTIC,0.0070034779462017,iv_q,0.7999742296006945,0.7138888888888889,0.9625,50.09529522426573,73.1312922705109,385.4335158006727,823.5860472435115,0.4662201568133648,31.79739141837846,0.5126415063333823,68.0,819.1736111111112
mackey_glass,DEV,mackey_glass:tau=30.0,CHAOTIC,0.0070034779462017,vi_E3_10,0.7999918619791667,0.3805555555555556,1.5055555555555555,137.125236576214,209.02400795783558,1636.8045055148914,9683.52541447161,0.16509841981996717,14.169927713429072,1.5123702245503403,181.5,819.1916666666667
mackey_glass,DEV,mackey_glass:tau=14.0,NON-CHAOTIC,-4.188806168795391e-06,i_clean,0.7999999999999998,0.7499745825612764,0.8500271737810616,50.0244319584578,100.00000057931106,8.33616836373897e-05,0.00034749935676571184,0.2398774103822474,19.3468650992953,5.010650802692723e-09,1024.0,819.1999999999998
mackey_glass,DEV,mackey_glass:tau=14.0,NON-CHAOTIC,-4.188806168795391e-06,iv_q,0.8000501844618055,0.7444444444444445,0.8555555555555556,50.07009774264351,100.06239521245237,0.4482275994100223,1.1239370380243225,0.3991380652481349,28.523839212937236,-0.00012040374339520536,10.0,819.2513888888889
mackey_glass,DEV,mackey_glass:tau=14.0,NON-CHAOTIC,-4.188806168795391e-06,vi_E3_10,0.800039333767361,0.3555555555555555,1.4125,138.87823896574696,221.62630776433625,1265.966247240725,9665.250663339222,0.13307913805731175,11.74484678396255,1.4000761453259063,123.5,819.2402777777777
mackey_glass,DEV,mackey_glass:tau=15.0,NON-CHAOTIC,-8.491604270209413e-06,i_clean,0.8,0.7337615908670916,0.8545386845934464,50.02443195845779,86.60658612620597,0.00014198455629922793,6.665396198558059,2.1308948762874156e-05,0.002130849416186008,-0.3388350535641249,1024.0,819.2
mackey_glass,DEV,mackey_glass:tau=15.0,NON-CHAOTIC,-8.491604270209413e-06,iv_q,0.8000013563368057,0.7305555555555556,0.8583333333333334,50.032763330429106,86.6270021214192,0.46236377881867385,7.98481855505379,0.057465003376047194,5.434168261992269,-0.33648604012967986,13.0,819.201388888889
mackey_glass,DEV,mackey_glass:tau=15.0,NON-CHAOTIC,-8.491604270209413e-06,vi_E3_10,0.7999945746527779,0.3916666666666667,1.4680555555555557,138.42253767561346,216.58468270713485,1230.7520616119655,9214.29998339024,0.13298704653192894,11.736658343130973,1.4925624736656367,127.5,819.1944444444446
mackey_glass,DEV,mackey_glass:tau=16.0,NON-CHAOTIC,-2.3265929872501063e-06,i_clean,0.8,0.7346219016086495,0.8690549485289608,50.0244319584578,77.08592628819429,0.09043094160083262,2074.188178245167,4.359428779507387e-05,0.004359238741597693,-0.0549128536661917,1024.0,819.2
mackey_glass,DEV,mackey_glass:tau=16.0,NON-CHAOTIC,-2.3265929872501063e-06,iv_q,0.8000122070312501,0.7305555555555556,0.8722222222222222,50.016171118939916,77.05037677818785,0.5769544249828478,2071.4328732842464,0.0002786180527323323,0.02785404378649231,-0.053591346286671296,21.5,819.2125000000001
mackey_glass,DEV,mackey_glass:tau=16.0,NON-CHAOTIC,-2.3265929872501063e-06,vi_E3_10,0.8000094943576388,0.3861111111111111,1.476388888888889,135.57419486960495,209.87394417257804,1152.8422985573816,11207.286057368901,0.10390192062009418,9.412239688554425,1.4793825891198806,138.5,819.2097222222221
phase_reset,TEST,phase_reset:tau=0.58,CHAOTIC,0.0810041112779045,i_clean,0.8,0.667021344917093,1.0195260040305543,86.2601429387565,144.23685252126336,140.14230333659924,809.7344075109852,0.17325316342321925,14.766893656664013,-0.2913407263037553,954.0,819.2
phase_reset,TEST,phase_reset:tau=0.58,CHAOTIC,0.0810041112779045,iv_q,0.800027126736111,0.6625,1.0222222222222224,86.21039746346591,144.30997883946404,142.6280424826018,817.4702143687689,0.17295698287912273,14.745194686895239,-0.2932813124296343,72.5,819.2277777777776
phase_reset,TEST,phase_reset:tau=0.58,CHAOTIC,0.0810041112779045,vi_E3_10,0.800039333767361,0.3472222222222222,1.5680555555555555,154.72720826664326,245.67802065822883,1442.3702886866417,10139.790586740368,0.14160575365243264,12.404084588784642,1.1949295035193201,186.0,819.2402777777777
phase_reset,TEST,phase_reset:tau=0.6,CHAOTIC,0.15790468353439,i_clean,0.8,0.6743524820740727,1.0358792282029965,103.75748139540958,163.77923982279552,1661.5715005607153,3249.2757085685776,0.5177045542938646,34.110817177406105,0.30365364201386724,990.0,819.2
phase_reset,TEST,phase_reset:tau=0.6,CHAOTIC,0.15790468353439,iv_q,0.8000664605034722,0.6680555555555556,1.0402777777777779,103.77202160135224,163.84787523750293,1674.08610366432,3269.0251974465446,0.5161740214365371,34.043490865452625,0.30223595669126846,91.5,819.2680555555555
phase_reset,TEST,phase_reset:tau=0.6,CHAOTIC,0.15790468353439,vi_E3_10,0.8000705295138888,0.3402777777777778,1.6666666666666667,163.7438259360511,253.52923703501548,3029.783978354697,13104.821297768969,0.2265641975942282,18.471436149275878,1.1842919915217178,204.0,819.2722222222221
phase_reset,TEST,phase_reset:tau=1.14,CHAOTIC,0.0353782198403811,i_clean,0.8,0.6623696260792413,0.965485451124219,69.00667238041606,88.71420067948793,1413.7736825505335,1753.9413398192555,0.8049055376787617,44.5954383845316,0.4478862792841839,530.5,819.2
phase_reset,TEST,phase_reset:tau=1.14,CHAOTIC,0.0353782198403811,iv_q,0.8000040690104167,0.6583333333333333,0.9666666666666667,69.04497317712024,88.67269292586909,1416.1649537129324,1755.1367447004836,0.8031836076343436,44.542528075372054,0.45023784321460564,66.5,819.2041666666667
phase_reset,TEST,phase_reset:tau=1.14,CHAOTIC,0.0353782198403811,vi_E3_10,0.8000135633680555,0.3597222222222223,1.5680555555555555,148.09758235736896,220.47373718395272,2708.884907022455,11601.141120301505,0.23373397086694764,18.94440424317335,1.4380619645166812,180.5,819.2138888888888
phase_reset,TEST,phase_reset:tau=1.16,CHAOTIC,0.1848484495656858,i_clean,0.8,0.6474629134679444,0.9854106801338179,67.21036148421918,92.3298827522536,701.6420163874184,1828.8274853927355,0.3756961456253713,27.305996179833652,-0.05029143152221785,474.5,819.2
phase_reset,TEST,phase_reset:tau=1.16,CHAOTIC,0.1848484495656858,iv_q,0.799972873263889,0.6444444444444445,0.9861111111111112,67.26603387055006,92.37483749465856,701.9379419330659,1830.9431479269274,0.37792727255609104,27.424844151336337,-0.05660089356371441,80.0,819.1722222222223
phase_reset,TEST,phase_reset:tau=1.16,CHAOTIC,0.1848484495656858,vi_E3_10,0.7999742296006945,0.36944444444444446,1.5791666666666666,145.4559966240572,218.67201478511447,2040.5405649301604,10998.541063346163,0.18155645926900438,15.36583649006629,1.3550531891356183,190.0,819.1736111111112
phase_reset,TEST,phase_reset:tau=1.2,CHAOTIC,0.1378629048128483,i_clean,0.8,0.6563805147999417,1.0052557086449583,70.0518310830181,105.58066564580602,452.4115589366735,1933.2216365604138,0.2330769453540832,18.902050097487646,-0.44868038339312677,443.5,819.2
phase_reset,TEST,phase_reset:tau=1.2,CHAOTIC,0.1378629048128483,iv_q,0.7999688042534722,0.6513888888888889,1.0055555555555555,70.12462945555166,105.84770963771805,450.6915989203819,1934.3482938357056,0.23440636621224412,18.989134498283416,-0.4481986137057059,72.5,819.1680555555555
phase_reset,TEST,phase_reset:tau=1.2,CHAOTIC,0.1378629048128483,vi_E3_10,0.7999620225694444,0.3583333333333334,1.5472222222222223,146.36896929020935,223.08773016189173,1821.4817113917195,10880.447418405418,0.15862614360014757,13.6908811378676,1.2688190154773822,180.5,819.161111111111
phase_reset,TEST,phase_reset:tau=1.58,CHAOTIC,0.0812817000356294,i_clean,0.8,0.6539451562944919,0.9994447924632976,53.08741476544601,76.34238866078357,150.72714516408163,1163.8662347549541,0.129045154846287,11.429245479483328,-1.3679504606539132,361.5,819.2
phase_reset,TEST,phase_reset:tau=1.58,CHAOTIC,0.0812817000356294,iv_q,0.8000122070312501,0.65,1.0,53.11710103966789,76.45802959429474,151.31666869674615,1164.1626230827278,0.13006204129612436,11.508399057420473,-1.3640534529709167,61.5,819.2125000000001
phase_reset,TEST,phase_reset:tau=1.58,CHAOTIC,0.0812817000356294,vi_E3_10,0.8000311957465278,0.3819444444444445,1.4875,140.57553861067157,214.75691672904645,1421.469195068377,10703.838441798967,0.13218272399906117,11.674457109126081,1.4807322031756502,167.5,819.2319444444445
phase_reset,TEST,phase_reset:tau=1.6,CHAOTIC,0.1576280244855872,i_clean,0.8,0.6543484182588781,1.0037133865305066,65.55693820644981,95.01426006358682,444.9656500451664,1785.676804514874,0.24347488303419332,19.57830831369734,-0.5476226712398001,386.0,819.2
phase_reset,TEST,phase_reset:tau=1.6,CHAOTIC,0.1576280244855872,iv_q,0.8000515407986111,0.65,1.0041666666666667,65.58379141309706,95.08387979699006,443.3197534055148,1787.1233912093164,0.24290975834182976,19.54192358018077,-0.5480528581201318,68.0,819.2527777777777
phase_reset,TEST,phase_reset:tau=1.6,CHAOTIC,0.1576280244855872,vi_E3_10,0.8000339084201389,0.3916666666666667,1.4861111111111112,145.41669379960007,220.94530068047806,1665.2016843535143,11179.731612574717,0.15529413551669438,13.441429286637021,1.3163449865691734,178.0,819.2347222222222
phase_reset,TEST,phase_reset:tau=0.38,NON-CHAOTIC,-0.0453755133136824,i_clean,0.7999999999999999,0.6807239250789088,0.9192760749211677,119.3343578831682,238.55214984203718,0.0007394833061764662,0.0043897029771545176,0.16845862010564228,14.417166103016267,2.8402237359279134e-15,6.0,819.1999999999999
phase_reset,TEST,phase_reset:tau=0.38,NON-CHAOTIC,-0.0453755133136824,iv_q,0.8000176323784722,0.6694444444444445,0.9305555555555556,119.41083929525291,238.64930557494216,2.5260169328281967,6.1137131847574,0.41506326749510924,29.3312049737075,7.106762912810111e-06,17.5,819.2180555555556
phase_reset,TEST,phase_reset:tau=0.38,NON-CHAOTIC,-0.0453755133136824,vi_E3_10,0.8000054253472222,0.34166666666666673,1.4347222222222222,171.43890060906335,297.0567166815155,1420.793982629793,9859.209325471258,0.13605229556833304,11.973582424088361,0.6661651102938649,135.0,819.2055555555555
phase_reset,TEST,phase_reset:tau=0.62,NON-CHAOTIC,-0.7254282227685627,i_clean,0.8000000000000003,0.7284598010170076,0.8715401989829057,71.57515632616715,143.08039796555005,6.507861093795397e-05,0.0009778121301996412,0.06655533198272234,6.2402137035868765,-1.0115321492110869e-14,6.0,819.2000000000003
phase_reset,TEST,phase_reset:tau=0.62,NON-CHAOTIC,-0.7254282227685627,iv_q,0.799997287326389,0.7222222222222222,0.8777777777777778,71.61956701220396,143.1331516930427,0.8690577219405259,2.1238552303116274,0.3925746304817836,28.190321357334298,5.5417436164419274e-05,12.0,819.1972222222223
phase_reset,TEST,phase_reset:tau=0.62,NON-CHAOTIC,-0.7254282227685627,vi_E3_10,0.8000054253472222,0.3402777777777778,1.425,145.83228111543136,238.75995188685073,1230.3318916531111,9347.232258695974,0.13291120551641952,11.731827441834781,1.1575131502524463,128.0,819.2055555555555
phase_reset,TEST,phase_reset:tau=0.66,NON-CHAOTIC,-0.8530902234112583,i_clean,0.8,0.7416449865794297,0.8583550134205847,58.383527965340875,116.71002684013413,0.00011977042171415154,0.0005384801305262421,0.22242310333178522,18.19526338512076,-8.716840433261532e-16,8.0,819.2
phase_reset,TEST,phase_reset:tau=0.66,NON-CHAOTIC,-0.8530902234112583,iv_q,0.8000325520833335,0.7361111111111112,0.8638888888888889,58.400996998748624,116.70768017581301,0.6494088244556762,1.4876320916876231,0.42210272454534703,29.679467082489893,7.58477040636232e-05,10.0,819.2333333333335
phase_reset,TEST,phase_reset:tau=0.66,NON-CHAOTIC,-0.8530902234112583,vi_E3_10,0.8000203450520835,0.3652777777777778,1.4180555555555556,139.88486993133336,225.6968918123552,1236.7753209653304,9324.53700312488,0.13626647013043092,11.990935173346404,1.2923260662042952,124.5,819.2208333333335
phase_reset,TEST,phase_reset:tau=1.18,NON-CHAOTIC,-0.2087523273086653,i_clean,0.8,0.6574093669758823,0.9121245105577362,67.50817441248526,113.51948181337227,71.80326329381344,948.8224002239373,0.07567618911480284,7.03522025290686,-0.9781008688628626,13.0,819.2
phase_reset,TEST,phase_reset:tau=1.18,NON-CHAOTIC,-0.2087523273086653,iv_q,0.7999796549479166,0.6527777777777778,0.9166666666666667,67.58101090120896,113.66244737236352,73.09516764209911,949.4113039580402,0.07713842744549257,7.161403982790832,-0.9779214367040621,24.0,819.1791666666666
phase_reset,TEST,phase_reset:tau=1.18,NON-CHAOTIC,-0.2087523273086653,vi_E3_10,0.79998779296875,0.3583333333333334,1.4708333333333334,146.39218645909568,229.15370697448853,1384.7919899003878,10978.450063277218,0.13075041072286092,11.563129087684429,1.2646598805816713,138.0,819.1875
phase_reset,TEST,phase_reset:tau=1.74,NON-CHAOTIC,-0.1923153945222256,i_clean,0.7999999999999998,0.6516704051337167,0.9519059916752152,72.69978301800298,103.01781325088669,56.898359860867856,4533.309757451277,0.01255115804577592,1.2395579172512785,-0.3031493171649386,21.0,819.1999999999998
phase_reset,TEST,phase_reset:tau=1.74,NON-CHAOTIC,-0.1923153945222256,iv_q,0.8000325520833333,0.6472222222222223,0.9583333333333334,72.77446943678268,103.15873404058661,57.63395253002351,4534.460537876648,0.012713003437538336,1.2553398647206584,-0.29906097055311465,24.5,819.2333333333333
phase_reset,TEST,phase_reset:tau=1.74,NON-CHAOTIC,-0.1923153945222256,vi_E3_10,0.8000434027777777,0.36111111111111116,1.5402777777777779,147.55910319792142,222.9374094870059,1292.8706981287748,13613.279592034372,0.09504515455641106,8.67910610735738,1.2959615240755111,142.0,819.2444444444444
coupled_vdp,TEST,"coupled_vdp:rho=2.0,omega=2.7",CHAOTIC,0.0850199053273057,i_clean,0.5549302392522253,0.15052935773007478,1.2521366196029249,202.45484140688433,269.6611864947811,3280.7353673477414,13855.119689159099,0.24294712271283356,19.54515269185019,-0.18003217721530568,1024.0,568.2485649942787
coupled_vdp,TEST,"coupled_vdp:rho=2.0,omega=2.7",CHAOTIC,0.0850199053273057,iv_q,0.5550482855902779,0.1388888888888889,1.2472222222222222,202.58795767724467,269.82916279754704,3278.1827970828913,13972.577544695192,0.24419007603221737,19.626253701941344,-0.17748037153895768,156.0,568.3694444444445
coupled_vdp,TEST,"coupled_vdp:rho=2.0,omega=2.7",CHAOTIC,0.0850199053273057,vi_E3_10,0.5550347222222223,0.09722222222222222,1.4152777777777779,219.3361027607483,300.61731220488093,4218.1440680029555,19853.56079544055,0.21469369466981597,17.674243391185424,0.27394245392973815,247.0,568.3555555555556
coupled_vdp,TEST,"coupled_vdp:rho=6.0,omega=3.3",CHAOTIC,0.0787783087921325,i_clean,0.35779222253453,0.11417702999876893,1.0179877551396923,180.0835471169916,293.08700957375396,1693.3331108947825,10641.956106271587,0.16163117100751934,13.912649928417844,0.006487219651585455,1024.0,366.37923587535875
coupled_vdp,TEST,"coupled_vdp:rho=6.0,omega=3.3",CHAOTIC,0.0787783087921325,iv_q,0.35778537326388893,0.10277777777777779,1.0166666666666666,180.1209170844899,293.03085058432714,1737.2499669554284,10791.650047679368,0.16339873574085337,14.043722771018306,0.010331870631256465,141.5,366.37222222222226
coupled_vdp,TEST,"coupled_vdp:rho=6.0,omega=3.3",CHAOTIC,0.0787783087921325,vi_E3_10,0.35778401692708334,0.07222222222222223,1.1347222222222224,185.37578038286782,300.1897678887986,3118.5202871957354,12352.218527134482,0.2662081565618807,21.023452027876345,0.2678695014560339,220.5,366.37083333333334
coupled_vdp,TEST,"coupled_vdp:rho=6.0,omega=4.0",CHAOTIC,0.1011863405534915,i_clean,0.29947741564883734,0.11837570068142335,0.8604663371053775,165.26614148041926,295.2380447197954,1348.9662405902043,5121.027372221361,0.2992888166290142,23.034783749698583,0.6326060811135592,1024.0,306.66487362440944
coupled_vdp,TEST,"coupled_vdp:rho=6.0,omega=4.0",CHAOTIC,0.1011863405534915,iv_q,0.2995212131076389,0.10833333333333334,0.8638888888888889,165.45182931666162,295.5897556982913,1362.441880349885,5054.833860264617,0.29751312901679905,22.929241758770203,0.6323211050388209,130.0,306.70972222222224
coupled_vdp,TEST,"coupled_vdp:rho=6.0,omega=4.0",CHAOTIC,0.1011863405534915,vi_E3_10,0.2995144314236111,0.08055555555555556,0.951388888888889,163.05500790611,283.76002074938873,1904.1706950578873,6046.618099850371,0.32624081682360373,24.597400957532685,0.7396212581328314,198.0,306.7027777777778
coupled_vdp,TEST,"coupled_vdp:rho=8.0,omega=3.3",CHAOTIC,0.0750770860478834,i_clean,0.3235940768818695,0.11088590069846851,0.6518469778823858,140.77603755321957,242.2268730171474,83.53580538222391,336.65723906637544,0.23428656735795295,18.98148821219052,-0.4583199742139876,1024.0,331.36033472703434
coupled_vdp,TEST,"coupled_vdp:rho=8.0,omega=3.3",CHAOTIC,0.0750770860478834,iv_q,0.32352430555555556,0.10138888888888889,0.6486111111111111,140.8350851982139,242.19553155188459,85.02832416704635,346.01973300749046,0.2331826560432746,18.89580198783088,-0.4587359045281475,87.0,331.2888888888889
coupled_vdp,TEST,"coupled_vdp:rho=8.0,omega=3.3",CHAOTIC,0.0750770860478834,vi_E3_10,0.3235324435763889,0.07222222222222223,0.7652777777777777,145.56685380056865,247.34342695106852,813.6548455366469,2216.736520352246,0.38259597384637045,27.65374690271542,-0.11080767387151252,162.0,331.2972222222222
coupled_vdp,TEST,"coupled_vdp:rho=5.45,omega=5.6",NON-CHAOTIC,-0.0002277929022826,i_clean,0.43949084632189184,0.1564905218590411,0.6595356948028757,192.83343414901336,309.0911021223013,390.5447672776054,3585.4703975536404,0.10901925660121711,9.830240179741589,-0.44924083052208086,1024.0,450.03862663361724
coupled_vdp,TEST,"coupled_vdp:rho=5.45,omega=5.6",NON-CHAOTIC,-0.0002277929022826,iv_q,0.43960639105902777,0.14444444444444446,0.6722222222222223,193.05426435525845,309.3645638135572,402.37039625843454,3612.9918053585907,0.11110061748959855,9.999126271006006,-0.4500563105193123,83.5,450.15694444444443
coupled_vdp,TEST,"coupled_vdp:rho=5.45,omega=5.6",NON-CHAOTIC,-0.0002277929022826,vi_E3_10,0.4395968967013889,0.09722222222222222,1.1180555555555556,203.1604894151093,323.85570877424095,2306.905426349948,8098.475784079887,0.3116195090344227,23.75837236525343,-0.03355903215832824,176.5,450.14722222222224
coupled_vdp,TEST,"coupled_vdp:rho=9.6,omega=2.1",NON-CHAOTIC,-0.081426662537031,i_clean,0.23501215963276917,0.13598003760055163,0.4223633502855126,80.02717552067638,108.12987543394426,0.12983204584136715,2297.946959616007,5.649914820621556e-05,0.005649595623281131,0.5780111177957215,1024.0,240.65245146395563
coupled_vdp,TEST,"coupled_vdp:rho=9.6,omega=2.1",NON-CHAOTIC,-0.081426662537031,iv_q,0.23502875434027776,0.13055555555555556,0.4277777777777778,80.0787334497,108.24637295579902,0.5439225397906076,2298.6235797514237,0.00023601611834194586,0.023596032802014298,0.5773624505548605,51.0,240.66944444444442
coupled_vdp,TEST,"coupled_vdp:rho=9.6,omega=2.1",NON-CHAOTIC,-0.081426662537031,vi_E3_10,0.23501925998263887,0.0875,0.625,84.95663271663989,115.92414697383117,51.55560453637857,2768.361355766997,0.018444400228493276,1.8107842915316923,0.9099543001391921,121.0,240.6597222222222
coupled_vdp,TEST,"coupled_vdp:rho=2.0,omega=5.6",NON-CHAOTIC,-0.0001489165354841,i_clean,0.6668711619382091,0.6566624002807906,0.6752171805703958,6.580079883683474,11.296557505701767,3.360549318676983e-05,4.513195656662738e-05,0.7446052822750865,42.68044386535647,-0.17430080688895214,1024.0,682.8760698247261
coupled_vdp,TEST,"coupled_vdp:rho=2.0,omega=5.6",NON-CHAOTIC,-0.0001489165354841,iv_q,0.6668918185763889,0.6555555555555556,0.675,6.675406342088459,11.435274779337679,0.10325505989616247,0.16788997756242074,0.5601629701694719,35.90356242606457,-0.1845591894898867,8.0,682.8972222222222
coupled_vdp,TEST,"coupled_vdp:rho=2.0,omega=5.6",NON-CHAOTIC,-0.0001489165354841,vi_E3_10,0.666879611545139,0.3138888888888889,1.175,105.84886186670082,164.5381266601663,489.00906475483174,4832.632429648234,0.104212313980826,9.437643022882039,1.7058676517158597,117.5,682.8847222222223
coupled_vdp,TEST,"coupled_vdp:rho=4.0,omega=5.6",NON-CHAOTIC,7.846878903262934e-05,i_clean,0.652010569518234,0.6328908170582919,0.6698676585279772,13.499570354501419,26.274000384268703,3.178281097518606,0.6919866008461015,4.5929806931757415,82.12044605767005,-0.15414954015887086,1024.0,667.6588231866716
coupled_vdp,TEST,"coupled_vdp:rho=4.0,omega=5.6",NON-CHAOTIC,7.846878903262934e-05,iv_q,0.6520168728298612,0.6333333333333333,0.6694444444444445,13.50942034733633,26.273197444050506,3.2136413017900196,0.868316714685444,3.671130439664635,78.59179713190872,-0.15165993672663391,14.5,667.6652777777779
coupled_vdp,TEST,"coupled_vdp:rho=4.0,omega=5.6",NON-CHAOTIC,7.846878903262934e-05,vi_E3_10,0.6520222981770833,0.30972222222222223,1.151388888888889,103.15164083866051,160.04456448131901,417.65980448365013,4448.10963099814,0.09366303323618105,8.564074055684916,1.6541262733576199,125.0,667.6708333333333
coupled_vdp,TEST,"coupled_vdp:rho=10.0,omega=3.3",NON-CHAOTIC,-0.0174066377491885,i_clean,0.31626123651475424,0.1122951989132131,0.5204100218076709,106.94482155196177,108.36976958313562,4375.987685322507,1201.4505939592145,3.6422535452765006,78.45873797613874,-0.42241774941866694,1024.0,323.85150619110834
coupled_vdp,TEST,"coupled_vdp:rho=10.0,omega=3.3",NON-CHAOTIC,-0.0174066377491885,iv_q,0.31631944444444443,0.10555555555555556,0.5277777777777778,107.03406898398975,108.45800582141774,4378.93788739201,1211.3864458064759,3.615655847064164,78.33458925965891,-0.4214519574995186,70.0,323.9111111111111
coupled_vdp,TEST,"coupled_vdp:rho=10.0,omega=3.3",NON-CHAOTIC,-0.0174066377491885,vi_E3_10,0.3163058810763889,0.08055555555555556,0.7625,116.83621161155438,129.2598194550606,4498.796579954366,1685.3230705683343,2.663345998837414,72.70218259875173,0.13208929824533294,148.0,323.89722222222224
coupled_vdp,TEST,"coupled_vdp:rho=6.0,omega=5.6",NON-CHAOTIC,-0.0490383682906965,i_clean,0.4703413000382282,0.15263991779449643,0.628779004878286,190.37757158150205,291.85879261528055,0.02135210453120954,2.434396625614938,0.008771004817596606,0.8694743183248568,-0.9295956918807469,1024.0,481.6294912391457
coupled_vdp,TEST,"coupled_vdp:rho=6.0,omega=5.6",NON-CHAOTIC,-0.0490383682906965,iv_q,0.47035590277777783,0.13611111111111113,0.6444444444444445,190.40926260477715,291.9031140594059,5.330763023743144,18.168805277621793,0.3005508875214568,23.10255519490526,-0.928294638283217,46.0,481.6444444444445
coupled_vdp,TEST,"coupled_vdp:rho=6.0,omega=5.6",NON-CHAOTIC,-0.0490383682906965,vi_E3_10,0.4703423394097222,0.09305555555555556,1.0972222222222223,202.96372680832354,315.8283697731018,1771.9276056122822,4510.936251304582,0.3932919982518998,28.213210494070932,-0.3082251517568654,153.5,481.63055555555553
av_node,TEST,av_node:H=40.0,NON-CHAOTIC,-0.0053389569311066,i_clean,0.16736480366750822,0.12985426943910083,0.20487533789590612,37.52886334462465,75.02106845668965,0.007357322282647529,6.547190953551708e-07,11237.372385872359,99.99110191435499,-9.207956388853493e-16,953.0,171.38155895552842
av_node,TEST,av_node:H=40.0,NON-CHAOTIC,-0.0053389569311066,iv_q,0.1673651801215278,0.125,0.20833333333333334,37.53558258686118,75.00676284637206,0.09124088191844265,0.19824450260267074,0.45916882328347985,31.465303401884693,3.564277104931411e-05,7.5,171.38194444444446
av_node,TEST,av_node:H=40.0,NON-CHAOTIC,-0.0053389569311066,vi_E3_10,0.1673624674479167,0.07777777777777778,0.25833333333333336,38.860853061801535,74.4216178448337,1.7858535169933454,8.51727616221444,0.20769205784655204,17.18223447125328,-0.049518430574666754,73.5,171.3791666666667
av_node,TEST,av_node:H=45.0,NON-CHAOTIC,-0.0059979439747584,i_clean,0.17576668763754583,0.15823333492547478,0.19330004034961695,17.54192019497149,35.066705424139506,1.574647499995664e-05,1.0506217774523976e-07,149.87767565735703,99.33721142266866,1.3995882149141012e-16,352.0,179.98508814084693
av_node,TEST,av_node:H=45.0,NON-CHAOTIC,-0.0059979439747584,iv_q,0.17593722873263887,0.15555555555555556,0.19444444444444445,17.65808738782975,35.2745523619102,0.0270987896683446,0.07348026645334081,0.40255926577866163,28.62312773731523,0.007349192750608704,5.0,180.1597222222222
av_node,TEST,av_node:H=45.0,NON-CHAOTIC,-0.0059979439747584,vi_E3_10,0.1759033203125,0.09444444444444444,0.2694444444444445,23.910762735254877,42.96310660206734,0.6924188147647805,4.434852515684282,0.16276016691430228,13.997516962938501,-0.09247314939733706,77.0,180.125
av_node,TEST,av_node:H=52.0,NON-CHAOTIC,-0.0065219597805428,i_clean,0.18303926928166875,0.17826269893663824,0.18781583962669932,4.778904364395348,9.553140690061076,3.2066511662329294e-07,0.0016677595947478551,0.00019227298564681536,0.019223602385256035,1.6656639944260493e-14,10.0,187.4322117444288
av_node,TEST,av_node:H=52.0,NON-CHAOTIC,-0.0065219597805428,iv_q,0.18330891927083331,0.17777777777777778,0.18888888888888888,5.539866585545118,11.068262116062614,0.0026978987694402934,0.008209198906149344,0.2959618659962502,22.82938294238422,0.005460147610733486,3.0,187.70833333333331
av_node,TEST,av_node:H=52.0,NON-CHAOTIC,-0.0065219597805428,vi_E3_10,0.18326416015625,0.10833333333333334,0.28055555555555556,18.558645268760777,30.159501851014213,0.6570200476419865,4.339395629628366,0.1544135059866211,13.364155608423808,0.02544624591877545,74.5,187.6625
av_node,TEST,av_node:H=55.0,NON-CHAOTIC,-0.006683903440445,i_clean,0.18547762903857992,0.18387251664176665,0.1870827414353931,1.6058967176012076,3.2102247936264536,0.0001903835935774115,3.495804479482523e-08,5446.059546373532,99.98164147111875,-7.780967500072455e-14,2.0,189.92909213550584
av_node,TEST,av_node:H=55.0,NON-CHAOTIC,-0.006683903440445,iv_q,0.18472222222222223,0.18333333333333335,0.18611111111111112,1.3895675544016006,2.777777777777768,0.00013868888346908455,6.425229965454859e-08,2158.504586057511,99.95369308282758,0.0,2.0,189.15555555555557
av_node,TEST,av_node:H=55.0,NON-CHAOTIC,-0.006683903440445,vi_E3_10,0.1848415798611111,0.11111111111111112,0.2861111111111111,18.698341492380422,29.31165501082472,0.9940815857857872,5.780690772911745,0.17548239332685636,14.927402301160367,0.4791574642228954,74.0,189.27777777777777
