record,subject,raw_window,ann_window,overlap,label_raw,label_ann,and_detected_raw,lle_detected_raw,upo_detected_raw,lle_z_raw,upo_score_raw,n_missed_beats_in_span_raw,and_detected_ann,lle_detected_ann,upo_detected_ann,lle_z_ann,upo_score_ann
100,S100,0,0,1.0,0,0,False,False,False,0.742393540592575,0.0,0,False,False,False,-0.31119296485582004,0.0
100,S100,1,1,1.0,0,0,False,True,False,4.641592413638665,0.04135243841126194,0,False,True,False,4.111967475336476,0.0
100,S100,2,2,0.9999859406413879,0,0,False,True,False,2.5727372912977917,0.5631037706450607,0,False,False,False,0.870263922638031,0.4895665238439709
100,S100,3,3,0.9999860803719325,0,0,False,True,False,3.1719753245425815,0.5057656826568265,0,False,True,False,2.1611482364140215,0.0
100,S100,4,4,0.9999865209128038,0,0,False,True,False,1.9747398654288233,0.0,0,False,False,False,0.21266718633633505,1.1034373514969111
100,S100,5,5,0.9999865090928715,0,0,False,False,False,1.558342017277875,0.0,0,False,False,False,0.6811394303552322,0.0
100,S100,6,6,1.0,0,0,False,False,False,1.2530492727221132,0.0,0,False,False,False,-0.7625562385059894,0.0
100,S100,7,7,1.0,0,0,False,False,False,-0.6611966793437375,0.0,0,False,False,False,-0.9630832002512149,0.010280478265728012
101,S101,2,2,0.9888274251797541,0,0,False,False,False,-0.24834342194066034,0.10209494938558979,0,False,False,False,-0.21191061587183144,0.005135648096460879
101,S101,3,3,0.9882622670279402,0,0,False,False,False,-1.6954230102678545,0.0,0,False,False,False,-0.31416886373808856,0.0
101,S101,4,4,0.9896652784204844,0,0,False,False,False,-0.6898911458418641,0.7288053365676169,0,False,False,False,-0.9961137084188437,0.5036329454804126
101,S101,5,5,0.9882471796598754,0,0,False,False,False,0.16973832958223356,0.0,0,False,False,False,-0.1290702553934778,0.0
101,S101,6,6,0.9881770511024981,0,0,False,False,False,1.2704299765389946,1.529405255878285,0,False,False,False,0.8416205839839696,0.6018254980861715
103,S103,0,0,0.9999872504271107,0,0,False,False,False,-0.4827749803723274,0.4694787379972566,0,False,False,False,-1.4385505106549246,0.0
103,S103,1,1,1.0,0,0,False,False,False,-2.4186999129867663,0.0,0,False,False,False,-1.834786025155707,0.4460212341007043
103,S103,2,2,0.9999873513786998,0,0,False,False,False,-0.9485555706221926,0.0,0,False,False,False,1.3899299317241363,0.0
103,S103,3,3,1.0,0,0,False,False,False,0.6910875131610552,0.0,0,False,False,False,0.6339559383064008,0.0
103,S103,4,4,0.9969344648398071,0,0,False,False,False,1.196493320306842,0.06084292806591316,1,False,False,False,-0.3775776040286166,0.44145604275263917
103,S103,5,5,0.9962690800005042,0,0,False,False,False,0.05106981452693911,0.0,0,False,False,False,0.003749338224202552,0.6685764654032614
103,S103,6,6,0.9957556744786861,0,0,False,False,False,0.12043565064608666,0.3266947529682114,0,False,False,False,0.6628377401281841,0.5128260169582484
103,S103,7,7,0.9958548842669014,0,0,False,False,False,-1.0912827670174299,0.0,0,False,False,False,-0.6332690770533955,0.0
105,S105,0,0,1.0,0,0,False,False,False,0.6647461155527921,0.0,0,False,True,False,3.575952950070537,0.0
105,S105,1,1,1.0,0,0,False,False,False,0.5366517352586979,0.0,0,False,False,False,1.2891457596292974,0.0
105,S105,2,2,0.9999849648930252,0,0,False,False,False,1.383832224528684,0.0,0,False,False,False,-0.7311874892323905,0.0
106,S106,0,0,0.9999877231320745,1,1,False,True,False,6.991330795086098,0.0,0,True,True,True,6.228245193593123,2.318558851966821
106,S106,1,1,1.0,0,0,False,True,False,3.1707591408043414,0.40878284281867977,0,False,True,False,2.5528006474081657,0.0
106,S106,2,2,0.9998587553996634,0,0,False,False,False,-0.19775863987298484,0.0,0,False,False,False,1.6502688379305457,1.2383052147239264
106,S106,3,3,0.995873570794051,1,1,False,False,False,0.21254768214646996,0.0,1,False,False,False,1.6883218533705033,0.0
106,S106,4,4,0.9970980623788184,1,1,False,True,False,2.216234193909803,0.0,0,False,True,False,5.075024850828099,0.0
106,S106,5,5,0.9916209973277775,1,1,False,False,False,-0.2331871034825848,0.0,1,False,False,False,-1.2437838578610247,0.0
106,S106,6,6,0.9897120794783059,1,1,False,False,False,-0.032153905353073386,0.0,0,False,False,False,1.517487859177464,0.0
109,S109,0,0,0.9999367718887817,0,0,False,True,False,3.732366109075144,0.08025849489264124,0,False,True,False,2.7457963364755553,0.056987072377099636
109,S109,1,1,0.996274367338105,0,0,False,False,False,0.5435695241915783,0.0,1,False,True,False,3.5759499674484845,0.0
109,S109,2,2,0.9960135539166832,0,0,False,False,False,0.395028281168395,0.1970185782623206,0,False,False,False,-0.19290094309708822,0.9126163391933815
109,S109,3,3,0.9921655403384965,0,0,False,False,False,0.33382817052253777,0.0,1,False,False,False,-0.5243737539733339,0.3653769445552452
109,S109,4,4,0.9925266529329504,0,0,False,False,True,0.4296513025437702,2.5143682310469315,0,False,False,False,0.2172020912211422,0.46120043942874267
109,S109,5,5,0.9923875849801775,0,0,False,False,False,1.0719501278791885,0.0,0,False,True,False,3.4140944851347226,0.0
109,S109,6,6,0.9843492339519684,0,0,False,False,False,0.9216523549486114,0.0,2,False,False,False,0.588204101743914,0.04915210018262458
109,S109,7,7,0.9849794207432833,0,0,False,False,False,-0.5476316853579746,0.0074271567320510394,0,False,False,False,1.1386516480309647,0.0
109,S109,8,8,0.9840022065921942,0,0,False,False,False,0.5095096374402504,0.0,0,False,False,False,-0.485591473784567,0.07686196623634559
111,S111,0,0,1.0,0,0,False,False,False,-0.6972422340003978,0.0,0,False,False,False,-0.4716492441662418,0.0
111,S111,1,1,0.9999874245472837,0,0,False,False,False,0.1853223349515509,0.0,0,False,False,False,-0.5010194318867802,0.0
111,S111,3,3,0.9962036651657901,0,0,False,False,False,-0.9735810289156446,0.0,0,False,False,False,1.2112688962532108,0.0
111,S111,4,4,0.9962186580042636,0,0,False,False,False,-1.4837989456380145,0.0,0,False,False,False,-0.7825990444668752,0.0
111,S111,5,5,0.9961268307263127,0,0,False,False,False,-0.5304136451645021,0.0,1,False,False,False,0.3630681428211443,0.3842821158690176
111,S111,7,7,0.9915140279645417,0,0,False,False,False,-0.1146126386731767,0.0,0,False,False,False,0.596285614855825,0.0
112,S112,0,0,1.0,0,0,False,False,False,-1.2067254710923507,0.0,0,False,True,False,2.0811811406779506,0.961758691206544
112,S112,1,1,1.0,0,0,False,False,False,1.5749626803701806,0.3130672886770448,0,False,False,False,1.5002416652892923,0.7969924812030076
112,S112,2,2,1.0,0,0,False,False,False,-0.339698754517188,0.5117577088480191,0,False,False,False,0.8699647939018655,0.0
112,S112,3,3,1.0,0,0,False,False,False,-0.440666920923939,0.0,0,False,False,False,-0.8427388514033369,0.0
112,S112,4,4,0.9999841919726837,0,0,False,False,False,-1.1453146081458592,0.0,0,False,False,False,-0.7009878188798148,0.0
112,S112,5,5,1.0,0,0,False,False,False,0.9856223560396522,1.294013912021162,0,False,False,False,0.6409085403683947,1.1991639904164755
112,S112,6,6,1.0,0,0,False,False,False,-0.47016490552067963,0.0,0,False,False,False,-1.2963076518191345,0.0
112,S112,7,7,1.0,0,0,False,False,False,-0.6111560083448302,0.3323738662901211,0,False,False,False,0.847182115016116,0.4154267349125104
112,S112,8,8,0.9999851398341606,0,0,False,False,False,-0.4808862213966037,0.4576060524182654,0,False,False,False,0.5391356976935654,0.4283381364073007
113,S113,0,0,1.0,0,0,False,False,False,-0.22192081828168833,0.0,0,False,False,False,-0.09790761044926792,0.0
113,S113,1,1,1.0,0,0,False,False,False,-0.30883647021790156,0.0,0,False,False,False,-0.7045583945992654,0.0
113,S113,2,2,1.0,0,0,False,False,False,0.29977912229547393,0.0,0,False,False,False,0.2715553338688476,0.0
113,S113,3,3,1.0,0,0,False,False,False,-1.2144336711448644,0.0,0,False,False,False,-1.380305052859629,0.0
113,S113,4,4,0.9999892019134209,0,0,False,False,False,1.0572218775192312,0.0,0,False,True,False,2.2477146874865164,1.1134595285100453
113,S113,5,5,0.9999888519765445,0,0,False,False,False,0.8284209728260138,0.0,0,False,False,False,-0.11637443739259279,0.0
113,S113,6,6,1.0,0,0,False,False,False,-0.2353463903962408,0.569845150774246,0,False,False,False,-0.7549687739399215,0.4837730802859641
114,S114,1,1,0.9657483608630518,1,0,False,False,False,-0.6127327781869545,0.0,9,False,False,False,1.284347040170608,0.0
115,S115,0,0,0.9999885703835779,0,0,False,False,False,-0.027975425534378526,0.795951650038373,0,False,False,False,-0.17001855709351432,0.9963424232603361
115,S115,1,1,0.9999885235554026,0,0,False,True,False,2.8210368403360566,0.0,0,False,True,False,3.1743270388496687,0.5318458598159918
115,S115,2,2,0.9999882200494757,0,0,False,False,False,-1.0983734477820768,0.0,0,False,False,False,-0.9029921658846245,0.0
115,S115,3,3,0.9999883009464534,0,0,False,False,False,0.964628880457182,0.0,0,False,False,False,-0.6359427748881087,0.40997258048136487
115,S115,4,4,0.999988088147707,0,0,False,False,False,0.27273499214005126,0.0,0,False,False,False,-0.16520794493056706,0.0
115,S115,5,5,0.9999877437462465,0,0,False,False,False,0.6777571882543315,0.0,0,False,False,False,0.7339200403883677,0.8441364014416411
115,S115,6,6,0.9999882693819138,0,0,False,False,False,0.2716655096638183,1.5979083665338645,0,False,False,False,0.8499088989462839,1.6638939936164039
116,S116,0,0,0.9962142775816919,0,0,False,False,False,-1.8288370943894547,0.0,0,False,False,False,-0.9979079047649076,0.0
116,S116,1,1,0.995992041751968,0,0,False,False,False,1.645470073592123,0.0,0,False,False,False,-0.12337020192851343,0.0
116,S116,2,2,0.9960540161346896,0,0,False,False,False,0.9081415528300092,0.0,0,False,False,False,0.1193784555115084,0.0
116,S116,3,3,0.9959941322500564,0,0,False,True,False,2.992421544781796,0.0,0,False,False,False,-0.5068973346500878,0.0
116,S116,4,4,0.996073187895848,0,0,False,False,False,-0.71355143052835,0.0,0,False,False,False,0.10250352069983105,0.0
116,S116,6,6,0.9552311843742572,0,0,False,False,False,-0.5619885469549734,0.0,12,False,False,False,1.737302854856887,0.0
116,S116,8,8,0.9135555488703709,0,0,False,False,False,-0.3662503946078182,0.0,0,False,False,False,-0.0934012303615527,0.0
117,S117,0,0,0.9999183406826719,0,0,False,False,False,0.09397476355433766,0.0,0,False,False,False,-1.216209749958788,0.0
117,S117,1,1,0.9999174296776088,0,0,False,False,False,1.010239793558186,0.0,0,False,False,False,0.47043303053806845,0.0
117,S117,2,2,0.9999812315834913,0,0,False,False,False,-1.4652436724637654,0.5962443855186969,0,False,False,False,-1.1385206627772577,0.798795386101483
117,S117,3,3,0.9999357733349237,0,0,False,False,False,-2.06982781612706,0.0,0,False,False,False,-1.2065134417211107,0.4841298607155802
117,S117,4,4,0.9999168982742541,0,0,False,False,False,-1.9670892852923403,0.0,0,False,False,False,0.11207829932928201,0.0
118,S118,0,0,0.999973783557047,0,0,False,False,False,0.8963856776879775,0.0,0,False,False,False,0.8183889321380753,0.0
118,S118,1,1,0.9999863665489646,0,0,False,True,False,3.0113352078808244,0.0,0,False,False,False,1.29172781066889,0.0
118,S118,2,2,0.9999849479198025,0,0,False,False,False,1.0800635403130239,0.0,0,False,False,False,1.4965865872775361,0.0
118,S118,4,4,0.9960982639313729,0,0,False,False,False,0.579392217239358,0.0,0,False,False,False,0.695881601316007,0.0
118,S118,5,5,0.9958617042374562,0,0,False,False,False,-0.1633730376472115,0.0,0,False,False,False,-0.2632300091855817,0.0
118,S118,6,6,0.99611510606275,0,0,False,False,False,1.390231282251816,0.0,0,False,True,False,4.673075974530701,0.0
118,S118,7,7,0.9958782581388046,0,0,False,False,False,1.1314578999067075,1.283779055236191,0,False,False,False,1.1228748670281228,0.0
119,S119,0,0,1.0,1,1,False,True,False,3.7674115091752434,0.0033751622674166996,0,False,False,False,0.35214086607730716,0.0
119,S119,1,1,0.9999879959186123,1,1,False,False,False,-0.0630445759869649,0.0,0,False,False,False,-1.419499710824215,0.0
119,S119,2,2,1.0,1,1,False,False,False,0.9448069222812694,0.0,0,False,False,True,0.7465240086495691,2.609703504043127
119,S119,3,3,0.9999881076966987,1,1,False,True,False,1.662438702985514,1.3898992459286486,0,False,True,False,2.72401961350768,0.0
119,S119,4,4,1.0,1,1,False,True,False,4.049295576844478,0.0,0,False,True,False,3.3184015312593496,0.0
119,S119,5,5,0.9995278278872114,1,1,False,True,False,3.137407262878385,1.5141511874579603,0,False,True,False,2.0636638528663633,2.2068925705709175
119,S119,6,6,1.0,1,1,False,True,False,4.884305576270401,2.0218055359744347,0,True,True,True,2.6107005047014,3.35662723080008
121,S121,0,0,0.9999889992629506,0,0,False,False,False,1.1010148880064323,0.0,0,False,False,False,-0.6244860962648022,0.0
121,S121,1,1,0.9999889031914422,0,0,False,False,False,-2.062897534715714,0.0,0,False,False,False,-1.3467005448318352,0.8783575023670703
121,S121,2,2,1.0,0,0,False,True,False,1.6425186509669372,0.9009758602978943,0,False,False,False,0.892219531955377,0.0
121,S121,3,3,0.9999783853885227,0,0,False,False,False,-0.3988797311053263,0.0,0,False,False,False,-0.37711575546168963,0.0
121,S121,4,4,0.9999893692793435,0,0,False,False,False,-1.801479131228469,0.5223177723177722,0,False,False,False,-1.9898950727286662,0.606960184535152
121,S121,5,5,1.0,0,0,False,False,False,1.5219699024398712,0.27249004257656917,0,False,True,False,3.3189091886351565,0.0
121,S121,6,6,0.9917473078919696,0,0,False,False,False,-0.14401567868784074,0.0,2,False,False,False,-2.0088715682626987,0.0
122,S122,0,0,1.0,0,0,False,False,False,0.9809143493087598,0.1869533349621305,0,False,False,False,0.48782760753992216,0.18030820337731837
122,S122,1,1,1.0,0,0,False,False,False,-1.942073719696411,1.2127476313522827,0,False,False,False,-2.1916068354301106,0.7273099564883541
122,S122,2,2,0.9999847253620089,0,0,False,False,False,0.28174082791879484,0.0,0,False,False,False,0.1160064592726235,0.0
122,S122,3,3,1.0,0,0,False,False,False,-1.0511146481120384,0.0,0,False,False,False,-0.04109964574810526,0.536401837193394
122,S122,4,4,0.9999855292670574,0,0,False,False,False,1.1969417082495686,1.2618781306229636,0,False,False,False,1.0411319272932682,1.7206308336015448
122,S122,5,5,1.0,0,0,False,False,False,1.0100534960919034,0.3149452269170579,0,False,False,False,-0.9445729322422082,1.3725308784752739
122,S122,6,6,0.9999715650591446,0,0,False,False,False,-0.24627605493024204,0.6774809160305344,0,False,False,False,-0.3416998852164866,0.0
122,S122,7,7,1.0,0,0,False,False,False,-1.1045184380306485,0.47303949627933606,0,False,False,False,-0.0955844292675207,0.0
122,S122,8,8,0.9999850579006351,0,0,False,False,False,-1.407184454411663,0.0,0,False,False,False,-1.348434300763296,0.0
123,S123,0,0,0.9999910227752192,0,0,False,False,False,0.13777624529925,1.287307652587008,0,False,False,False,0.7243018257416798,1.2305980259338107
123,S123,1,1,0.999990707701457,0,0,False,False,False,0.05481442061603164,0.0,0,False,False,False,0.4366827863908068,0.0
123,S123,2,2,0.9999819930132892,0,0,False,False,False,0.16851361819431504,1.5527896995708155,0,False,False,False,0.34937122144411487,1.521321149819151
123,S123,3,3,0.9999909318437376,0,0,False,False,False,0.1934734027318562,1.0360894532891358,0,False,False,False,0.8310918475064517,0.0
123,S123,4,4,0.999990764428272,0,0,False,False,False,0.12765223970490494,0.0,0,False,False,False,0.9683052873039719,1.8873848370991817
124,S124,0,0,0.9996522916723856,0,0,False,False,False,0.038850585911162853,0.0,0,False,False,False,-0.9921679978320804,0.0
124,S124,1,1,1.0,1,1,False,True,False,2.633832305117815,0.0,0,False,False,False,1.1178713791586365,0.0
124,S124,2,2,1.0,0,0,False,False,False,1.437189621543562,0.12481761506831147,0,False,True,False,1.8726730431410965,0.0
124,S124,4,4,0.9999902627120294,0,0,False,False,False,1.7556380743748936,0.0,0,False,True,False,2.3617221687600534,0.029603234427465222
124,S124,5,5,1.0,0,0,False,True,False,4.371349622195244,0.0,0,False,True,False,2.580129036855135,0.0
200,S200,0,0,0.9999847125189183,1,1,False,True,False,2.7815198857354346,1.406298348056096,0,False,True,False,4.349311107084823,0.0
200,S200,2,2,0.9962559617207041,1,1,False,False,False,1.5857856324816266,0.0,0,False,True,False,2.9035548595917566,0.0
200,S200,4,4,0.9928157589803013,1,1,False,False,False,-0.1523289148514204,0.588221037324285,0,False,False,False,-0.39776173638687223,0.4542723467126323
200,S200,5,5,0.9925247246386399,1,1,False,False,False,-1.1458106005902782,0.0,0,False,False,False,-0.09369457385215954,0.022560703588044094
200,S200,6,6,0.9903771788922601,1,1,False,True,False,2.031388851284824,0.0,2,False,False,False,1.0246766957020434,0.0
200,S200,7,7,1.0,1,1,False,False,False,0.12576479081955547,0.0,0,False,False,False,-1.0935863430058606,0.0
200,S200,8,8,0.9999537743262608,1,1,False,False,False,0.7295451774542049,0.0,0,False,False,False,1.8068845601765617,0.0
200,S200,9,9,0.996469929829093,1,1,False,False,False,1.0304087541428488,0.0,1,False,True,False,1.7258790439965594,0.0
201,S201,0,0,0.999967697650004,0,0,False,False,False,-0.11117009137876503,0.0,0,False,False,False,0.36918995041468977,0.0
201,S201,1,1,0.9999843598486033,0,0,False,True,False,1.725568871043261,0.0,0,False,False,False,1.4252707916104648,0.0
201,S201,2,2,0.9858471577787665,1,1,False,False,False,0.25731410277648126,1.1735669640472244,3,False,False,False,0.6184560963004045,0.76854413996251
201,S201,3,3,0.9883601280102711,1,1,False,False,False,-0.9623290454893739,0.0,0,False,False,False,1.0525536109266267,0.0
201,S201,4,4,0.9844892120166964,1,1,False,True,False,2.0331127678576224,0.8694720216606497,2,False,True,False,4.114006691066794,0.0
201,S201,5,5,0.9744860570062097,1,1,False,False,False,0.951141258252153,0.05430034290008925,1,False,False,False,0.3868913941785643,0.0
201,S201,6,6,0.9819227608874281,1,1,False,True,False,3.22347230712149,0.0,1,False,True,False,4.031265806001464,0.0
202,S201,0,0,0.9999903978183844,0,0,False,False,False,0.829170030060748,0.0,0,False,False,False,-0.35879040195713613,0.0
202,S201,3,3,0.9846337431653902,0,0,False,False,False,-0.4623540495498934,0.0,0,False,False,False,0.3659223985018346,0.0
202,S201,4,4,0.9704140953403094,1,1,False,True,False,4.344683456298419,0.2783377993279741,0,False,True,False,3.8213153613983253,0.0
202,S201,5,5,0.9886379502932142,0,0,False,False,False,1.6398528876648641,0.0,0,False,False,True,0.3837127980102004,3.699117022465631
202,S201,6,6,0.9843101659751037,0,0,False,False,False,0.20709172914582358,0.0,0,False,True,False,2.579390120556499,0.0
202,S201,7,7,0.9899612396814842,0,0,False,False,False,-0.12256103769119589,2.05860247263221,0,False,False,False,1.2601461293012215,0.583721445996895
203,S203,8,8,0.9852227322260014,0,0,False,False,False,-0.07739576612128686,1.5144181566431882,0,False,False,False,-0.1691527242127473,0.275290514368075
203,S203,10,10,0.9451734069969175,1,1,False,False,True,-0.1951482965927436,1.9284556480912187,7,False,False,False,-0.671787685999267,1.774792856775256
205,S205,0,0,1.0,0,0,False,True,False,2.194001952695662,0.5752804660792527,0,False,True,False,2.70902501938805,0.0
205,S205,1,1,0.9960907360732473,0,0,False,False,False,1.1845625675802627,0.19407705577918344,1,False,False,False,-0.5736914338663615,0.03669724770642202
205,S205,2,2,0.9887020580753857,0,0,False,True,False,2.233221463977598,0.0,2,False,False,False,-0.9642772063974753,0.0
205,S205,3,3,0.9878927741266577,0,0,False,False,False,0.3796059963661565,0.0,0,False,False,False,0.16484095840796353,0.0
205,S205,4,4,0.9881428807673226,0,0,False,False,False,-1.4052253273862072,0.0,0,False,False,False,-1.0110220327092194,0.0
205,S205,5,5,0.984698938194117,0,0,False,False,False,-1.344301835337026,0.0,1,False,False,False,-1.322180389514329,0.0
205,S205,6,6,0.9841995583341109,0,0,False,True,False,1.9684339135726565,0.0,0,False,False,False,-0.18952358289488444,0.0
205,S205,7,7,0.9843285720749936,0,0,False,False,False,-1.3799978463066427,0.0,0,False,False,False,-1.0419478307403645,0.0
205,S205,8,8,0.9798077070053958,1,1,False,False,False,0.16902289338263796,0.0,1,False,False,False,0.3414717157268173,0.04295774647887327
205,S205,9,9,0.9804106958191756,0,0,False,False,False,-1.460846737360422,0.0,0,False,False,False,-1.6494769068608996,0.0
208,S208,0,0,0.9999814091838631,1,1,False,True,False,3.4010678234099436,1.8819356473270838,0,False,True,False,3.156182148142827,0.0
208,S208,1,1,0.9923632688204245,1,1,False,False,False,1.3749223885531696,0.0,2,False,False,True,-0.17419302726675714,2.7123299968580272
208,S208,3,3,0.9809632196989292,1,1,False,True,False,2.2777794601585812,0.0,0,False,False,False,0.9791766802636138,0.0
208,S208,4,4,0.9809875091320539,1,1,False,True,False,2.0115083003022143,0.23675725472132658,0,False,False,False,0.40969393210012134,0.0
208,S208,6,6,0.9871114864864865,1,1,False,True,False,2.9188800870185223,0.0,0,False,True,False,5.8975414343593195,1.7960591709056888
208,S208,10,10,0.9726790407087252,1,1,False,True,False,2.1646029138652425,0.0,0,False,True,False,7.91969115653528,0.0
209,S209,0,0,0.999982865269615,0,0,False,False,False,1.0479182475641045,1.1652070654594031,0,False,False,False,-0.09395693004334164,1.299897545982339
209,S209,2,2,0.99619801669737,1,1,False,False,False,0.61249922183159,1.154551135180171,0,False,False,False,0.6677910499407623,1.0762707372661262
209,S209,3,3,0.9955178516466605,1,1,False,True,False,2.7930749873638026,0.0,0,False,False,False,1.5129319179358902,0.8913976254946885
209,S209,4,4,0.9972313311210164,1,1,False,True,False,1.9913226381893336,0.0,0,False,False,False,1.1132390889167938,1.5923321452653887
209,S209,6,6,0.9845157077060562,0,0,False,False,False,0.5769995550629436,1.7556099951004407,0,False,False,False,0.9760352158765744,1.5156574138101355
209,S209,7,7,0.9842359434287685,0,0,False,False,False,0.032385343930965454,0.013234301147873061,0,False,False,False,0.6817840884892198,0.0
209,S209,8,8,0.9839973929300379,0,0,False,True,False,2.8004729628891893,1.03675028388562,0,False,False,False,0.4849033195822832,0.0
209,S209,9,9,0.9837902468186864,0,0,False,True,False,3.0603354621465093,0.03638401956787607,0,False,False,False,0.7389758110826281,0.0
210,S210,0,0,0.9962697366305432,0,0,False,False,False,0.7410955756332472,0.0,1,False,False,False,-0.44356111137834636,0.0
210,S210,2,2,0.9962092138034744,0,0,False,False,False,0.09384169207836894,0.46264062237644815,1,False,False,False,0.3701724499069192,0.0
210,S210,3,3,0.9961150577191424,0,0,False,False,False,1.3229520734449076,0.0,1,False,False,False,1.90002665630406,0.0
210,S210,6,6,0.9930468554247056,1,1,False,False,False,0.6540973227084528,0.0,2,False,False,False,1.2639491654617916,0.0
210,S210,7,7,0.987839397820896,0,0,False,False,False,0.6304593662959962,0.0,1,False,False,False,0.8509670199315148,0.0
210,S210,8,8,0.9894981574327424,0,0,False,False,False,0.12283758880155989,0.0,0,False,False,False,0.6129592367924458,0.0
210,S210,9,9,0.9794361056043299,0,0,False,False,False,0.5130793299347358,0.0,2,False,False,False,0.5408316601801969,0.0
212,S212,0,0,0.9999833472106577,0,0,False,True,False,2.299100476307169,1.2490340709518792,0,False,False,False,1.6403970994488632,0.0
212,S212,1,1,1.0,0,0,False,False,False,1.519933382507039,0.5869524580970776,0,False,False,False,-0.8021512119664347,0.0
212,S212,2,2,0.9999828690855518,0,0,False,False,False,1.6483853219377747,0.0,0,False,False,False,-0.5591113640986045,0.0
212,S212,3,3,1.0,0,0,False,False,False,0.9474976667469603,0.36332731329013074,0,False,False,False,1.338920635796917,0.0
212,S212,4,4,0.999983050560179,0,0,False,False,False,0.3915080419965605,0.0,0,False,False,False,-1.0468663930815698,0.49400320565964734
212,S212,5,5,0.999983484996119,0,0,False,False,False,1.0327736645066665,0.0,0,False,False,False,1.5473192356641445,0.15059079448262222
212,S212,6,6,0.9999833909115068,0,0,False,False,False,-0.5078117515193942,0.0,0,False,False,False,0.8106793202361353,0.0
212,S212,7,7,0.9999836269565787,0,0,False,True,False,2.622492126119083,0.0,0,False,True,False,2.069591793300297,0.0
212,S212,8,8,0.9999841518883025,0,0,False,False,False,-1.7953012251334484,0.22823644357596484,0,False,False,False,-0.8686548582304231,0.3351150867241191
212,S212,9,9,1.0,0,0,False,False,False,-0.23513961468729283,0.6216657593903103,0,False,False,False,1.3289931786667055,0.0
213,S213,0,0,1.0,0,0,False,False,False,-0.9211007373165737,0.0,0,False,False,False,-0.7741495524207053,0.0
213,S213,1,1,1.0,1,1,False,False,False,0.1692198568706872,0.0,0,False,False,False,0.850707845284037,0.0
213,S213,2,2,1.0,0,0,False,False,False,1.3616500595304397,0.0,0,False,True,False,1.8956079893956013,0.0
213,S213,3,3,0.9999801807515459,1,1,False,False,False,0.41946931655450753,0.028814023555190364,0,False,False,False,0.3358415082761197,0.0
213,S213,4,4,1.0,1,1,False,False,False,-0.31343248463082896,0.11819745442036461,0,False,False,False,0.5829712508493651,0.0
213,S213,5,5,1.0,1,1,False,False,False,-0.017575212926862135,0.0,0,False,False,False,0.6405057764311608,0.0
213,S213,6,6,0.9960453518273202,1,1,False,False,False,1.2690617865833447,0.0,1,False,False,False,0.23631591475887875,0.0
213,S213,7,7,0.9952827430264517,1,1,False,False,False,0.20152861231358887,0.0,0,False,False,False,-0.9769516054848036,0.0
213,S213,8,8,0.9960967692069872,1,1,False,True,False,1.8422102084101497,0.011508110477860585,0,False,True,False,2.812810113287879,0.0
213,S213,9,9,0.9920414761531251,1,1,False,False,False,-0.5517012164713871,0.0,1,False,False,False,-1.599922299796901,0.0
213,S213,10,10,0.9920488945089474,1,1,False,False,False,-0.791787143712622,0.0,0,False,False,False,0.6101336400659878,0.0
213,S213,11,11,0.9920495038124066,1,1,False,False,False,0.34385216362271964,0.0,0,False,False,False,0.32355854892550245,0.03869325413661435
214,S214,0,0,0.999986174669229,1,1,False,True,False,2.337572751869615,0.0,0,False,True,False,3.922473295424473,0.0
214,S214,1,1,0.9878809050357392,1,1,False,True,False,4.296672086680997,0.3635721017907636,3,False,True,False,4.656443092019204,0.2923789010586131
214,S214,2,2,0.9885900797857502,1,1,False,True,False,2.6841773346612596,1.4831631441462834,0,False,True,False,3.8075796202895082,0.0
214,S214,3,3,0.988839851198016,1,1,False,True,False,2.055895531065533,0.0,0,False,True,False,1.5893970797108607,0.0
214,S214,4,4,0.9883302213923713,1,1,False,True,False,6.231363140058345,0.0,0,False,True,False,3.945573606600389,0.0
214,S214,5,5,0.9868980887418113,1,1,False,True,False,3.0651684392724268,0.0,0,False,True,False,3.0935485132884573,0.0
214,S214,6,6,0.9891734528233542,1,1,False,True,False,4.453106209059629,0.0,0,False,True,False,5.6292768502452315,0.0
214,S214,7,7,0.9893244662233112,1,1,False,True,False,3.0435051418535095,0.0,0,False,True,False,5.180736028983534,0.39895798157171114
215,S215,0,0,1.0,0,0,False,True,False,3.271385191475615,0.0,0,False,False,False,0.31025627993868155,0.0
215,S215,1,1,0.9999793020656539,0,0,False,True,False,2.3417462036218817,0.0,0,False,False,False,0.4946620290879547,0.0
215,S215,2,2,0.9999796661176519,0,0,False,False,False,0.32939432188382206,0.0,0,False,False,False,0.3508240006731935,0.0
215,S215,3,3,0.9999796574311404,0,0,False,False,False,-0.7941333814088453,0.0,0,False,False,False,-0.8852512824158374,0.0
215,S215,4,4,0.9999797505264864,0,0,False,True,False,2.0297591671787036,0.0,0,False,True,False,4.509564086212123,1.3145211517271114
215,S215,5,5,0.9999797996121526,0,0,False,False,False,0.23228205888310643,0.25673031152483206,0,False,True,False,2.1893838821746177,0.042362256680963384
215,S215,6,6,1.0,0,0,False,False,False,1.6440473385193166,0.0,0,False,True,False,2.4542446888149074,0.0
215,S215,7,7,0.9999797824592617,0,0,False,False,False,-0.8244605128304744,0.0,0,False,False,False,0.508643344266497,0.0
215,S215,8,8,0.9999798999015095,0,0,False,False,False,1.1243176743257342,0.020471224410969487,0,False,False,False,0.49215797185042426,0.0
215,S215,9,9,1.0,0,0,False,False,False,-0.3260986128253982,0.015339357007774744,0,False,False,False,-1.042741693484477,0.0
215,S215,10,10,0.9999798171433185,0,0,False,False,False,0.4166924948616437,0.5237211460387425,0,False,False,False,1.4188408145526596,1.364697389002527
215,S215,11,11,0.9999799595182268,0,0,False,False,False,0.1974115108356013,0.0,0,False,False,False,-0.029020169573449675,0.0
215,S215,12,12,0.9963329812463878,0,0,False,True,False,2.9237092491220933,0.0,1,False,False,False,1.4489879840706206,0.0
219,S219,0,0,0.9999862654342183,0,0,False,False,False,0.31677084862994753,0.0,0,False,False,False,1.2930815334475905,0.44953367875647665
219,S219,1,1,0.9999862671317531,0,0,False,False,False,-0.4950351634874925,0.0,0,False,False,False,0.1962896591851456,0.0
219,S219,2,2,1.0,0,0,False,False,False,-2.1990987205840806,0.0,0,False,False,False,-0.6169678568671425,0.0
219,S219,3,3,0.9999860914072715,0,0,False,False,False,0.306146354462976,0.0,0,False,False,False,-1.2312160858023125,0.0
219,S219,4,4,0.9999889675867699,0,0,False,True,False,2.8663043059754547,0.15958125877696921,0,False,True,False,3.6080838105748763,0.0
219,S219,5,5,1.0,0,0,False,False,True,0.30845108713237157,2.9586697883319792,0,False,False,True,0.9815693743960062,2.628268353959245
219,S219,6,6,1.0,0,0,False,False,False,1.4521055868293402,0.0,0,False,False,False,1.3837316145063732,0.0
219,S219,7,7,0.9999865833042638,0,0,False,False,False,0.08900179696953228,0.0,0,False,False,False,-0.549550717456977,0.0
220,S220,0,0,0.9998576567716556,0,0,False,False,False,-0.867965879638575,0.0,0,False,False,False,0.21841179936002086,0.08432767938359463
220,S220,1,1,0.9999871491724067,0,0,False,False,False,1.0115188219714613,0.0,0,False,False,False,1.2827015906834578,0.0
220,S220,2,2,0.9999877268989555,0,0,False,False,False,-0.36096646921694636,0.0,0,False,False,False,0.3736043888337596,0.0
220,S220,3,3,0.9999765942257955,0,0,False,False,False,-0.41141946428124526,0.0,0,False,False,False,0.16706628113869784,0.0
220,S220,4,4,0.999988316528607,0,0,False,True,False,2.5503166260549746,0.0,0,False,True,False,3.1905028661036834,0.0
220,S220,5,5,0.9999878143887697,0,0,False,False,False,0.32813808701681807,0.0,0,False,False,False,0.6299947494629332,0.012314618644067797
220,S220,6,6,0.9999874732240164,0,0,False,False,False,0.8088818772499495,0.0,0,False,False,False,0.8968441278191659,0.0
221,S221,0,0,0.9999855269632675,1,1,False,False,False,1.0955660114024321,0.0,0,False,False,False,1.4168085698345005,0.0
221,S221,1,1,0.9999851433665131,1,1,False,False,False,1.3667174825196262,0.0,0,False,True,False,3.0470348939104994,0.0
221,S221,2,2,0.9999845726627584,1,1,False,True,False,4.446162953971145,0.0,0,False,True,False,3.635026313524753,0.0
221,S221,3,3,0.996426407296344,1,1,False,True,False,1.7192476639080965,0.0,1,False,True,False,2.1330565786276448,0.0
221,S221,4,4,0.9960148189694618,1,1,False,True,False,1.6105563708431498,0.0,0,False,True,False,2.8323638440367236,0.0
221,S221,5,5,0.9963674026929255,1,1,False,True,False,2.2257332051083414,0.0,0,False,True,False,3.329385896034444,0.0
221,S221,6,6,0.993251568902771,1,1,False,True,False,1.80055982701244,0.0,0,False,True,False,2.22783052421371,0.0
221,S221,7,7,0.995900585823874,1,1,False,False,False,0.7371655661469506,0.0,0,False,False,False,0.20899842664668083,0.0
221,S221,8,8,0.9958475852652618,0,0,False,False,True,0.24535857804937367,2.4495619907425117,0,False,False,True,1.4639822316459834,2.644294138050642
222,S222,0,0,1.0,0,0,False,False,False,-0.4450230205130788,0.46920164257906244,0,False,True,False,1.793604218232395,0.5327220630372493
222,S222,1,1,0.999986758825243,0,0,False,False,False,1.1713887467110804,0.5523625624716038,0,False,False,False,0.958849327988705,0.4768079800498753
223,S223,0,0,0.9999707568136624,1,1,False,False,False,0.8268245087490166,0.0,0,False,False,False,1.131795619527115,0.0
223,S223,1,1,0.9999703404911615,0,0,False,False,False,-0.3276462651611189,0.0,0,False,False,False,-0.3401457164226116,0.025136673617764754
223,S223,2,2,0.9999688725642781,0,0,False,False,False,1.5570764977776168,0.1441853376009755,0,False,False,False,1.315620126107846,0.7688025385514669
223,S223,3,3,0.9999829575472502,1,1,False,False,False,0.46330010868664084,0.0,0,False,False,False,0.9662192120029461,0.0
223,S223,4,4,0.9999840979565874,1,1,False,False,False,1.5895147548395574,0.0,0,False,False,False,-0.34898154836101786,0.0
223,S223,5,5,1.0,1,1,False,False,False,0.9281615225046512,0.45920392202638005,0,False,True,False,2.400398694600891,0.0
223,S223,6,6,0.9999525991467847,1,1,False,False,False,-1.4234392340825686,0.0,0,False,False,False,1.610879745558741,0.0
223,S223,7,7,1.0,1,1,False,False,False,-1.2944389300747476,0.0,0,False,False,False,-2.0798311550291815,0.0
223,S223,8,8,0.9959722567802936,1,1,False,False,False,0.01118920667566355,0.0,1,False,True,False,4.920074053799569,0.0
223,S223,9,9,0.9960730936512406,1,1,False,False,False,0.3955268356644035,0.0,0,False,False,False,0.01175467708894415,0.0
230,S230,0,0,0.9999716954429663,0,0,False,False,False,0.23291593290128382,0.0,0,False,False,False,-1.340075063322519,1.0561613958560525
230,S230,1,1,0.9999867915307296,0,0,False,False,False,-0.3512802974573946,0.0,0,False,False,False,0.45408787711082504,0.6288265992360251
230,S230,2,2,0.9999878397276099,0,0,False,False,False,-1.1564587918458105,0.0,0,False,False,False,-0.36001691396747315,0.0
230,S230,3,3,0.9999750287169755,0,0,False,False,True,-1.9941971558882134,2.042316005005119,0,False,False,False,-1.9032977370330166,1.7397044954416847
230,S230,4,4,0.9999871704406954,0,0,False,False,False,-0.48859910392593897,0.0,0,False,False,False,0.31114249423815876,0.0
230,S230,5,5,0.9999856057116536,0,0,False,False,False,-0.342611794230843,0.5063610851262862,0,False,False,False,-0.5922498554073017,0.7922041968883229
230,S230,6,6,0.9999859234234234,0,0,False,False,False,-2.583590391185601,0.5452458198153232,0,False,False,False,-1.8899240101644912,0.0
230,S230,7,7,0.9999853995415456,0,0,False,False,False,-0.9727181996224747,0.8128442273719214,0,False,False,False,-1.089547997489764,0.4134054512673667
231,S231,0,0,1.0,0,0,False,False,False,-1.5840222950468728,0.8681204569055038,0,False,False,False,-1.591028775607223,0.7559889130865177
231,S231,1,1,1.0,0,0,False,False,False,-1.5146662177701262,0.0,0,False,False,False,-1.514080396833608,0.0
231,S231,2,2,1.0,0,0,False,False,False,-0.5952993193715362,0.508716261213617,0,False,False,False,-0.751023405068506,0.0
231,S231,3,3,1.0,0,0,False,False,False,-4.728000381775807,0.0,0,False,False,False,-4.996332547716236,1.581789152837583
231,S231,4,4,1.0,0,0,False,False,False,-4.857062433985765,0.801025839543211,0,False,False,False,-5.3209554876168,0.845112641094094
231,S231,5,5,1.0,0,0,False,False,False,-1.9991302968164215,0.0,0,False,False,False,-0.34621584406663153,0.0
232,S232,0,0,0.9999785306367813,1,1,False,True,False,2.7293919506969004,1.9057971014492734,0,True,True,True,3.6798856532106745,2.220760233918129
232,S232,1,1,0.9999780297038404,1,1,False,True,False,3.6287092222918815,0.7332686711930151,0,False,True,False,2.469380324287257,1.8333333333333368
232,S232,3,3,0.9972695234365905,1,1,False,True,False,3.2561891666502882,1.8611570247933908,0,False,False,False,0.8959628840288636,0.457516339869304
232,S232,4,4,0.9973171077409034,1,1,False,False,False,1.5713836816048334,0.0,0,False,True,False,2.1418710323409873,0.0
232,S232,5,5,0.9973434889536875,1,1,False,True,False,2.465010198224739,0.8355263157894717,0,False,False,False,0.0716407850951313,0.0
233,S233,0,0,1.0,1,1,False,True,False,2.547951603782967,3.203525641025641,0,False,True,False,2.607109181131677,0.0
233,S233,1,1,1.0,1,1,False,True,False,2.5869126120709236,0.7958218368151364,0,False,False,False,0.9536336545082342,0.17295296445210237
233,S233,2,2,0.9959498728659644,1,1,False,False,False,1.0627003845948828,0.0,1,False,False,True,0.9441756880075115,4.808542767770467
233,S233,3,3,0.9934866458045266,1,1,False,True,False,3.473342921345015,0.0,1,False,True,False,3.506559390921538,0.0
233,S233,4,4,0.9922061688908496,1,1,False,True,False,1.979644639475203,0.0,0,False,True,False,2.121922125296588,0.7666275221522358
233,S233,5,5,0.9915936757719715,1,1,False,False,True,1.3403620787565473,2.7169607190412792,0,False,False,True,1.7269902005386926,5.805134788189987
233,S233,6,6,0.9934948280100603,1,1,False,True,False,4.244656820214686,0.0,0,False,True,False,2.4236222698759335,1.374517788255465
233,S233,7,7,0.9912200407240664,1,1,False,True,False,2.4809694820895976,0.0,0,False,False,False,1.6488562658259505,0.0
233,S233,8,8,0.994121452999353,1,1,False,False,True,1.1543667201444654,3.359925424394073,0,True,True,True,1.734584839205181,4.1838112858464385
233,S233,9,9,0.9908601754256652,1,1,False,True,False,2.1416900868519337,0.0,0,False,True,False,1.8480797473971704,0.0
233,S233,10,10,0.9920438050089116,1,1,False,False,False,0.8498856511134453,0.0,0,False,False,False,-0.42966023263764713,0.0
233,S233,11,11,0.9920284567676031,1,1,False,True,False,5.673288202488457,0.0,0,False,True,False,3.8454246161138728,0.24703817463799913
234,S234,0,0,1.0,0,0,False,False,False,0.25419662060797815,0.0,0,False,False,False,-0.09898575619387912,0.0
234,S234,1,1,0.9999833305550925,0,0,False,False,False,-1.41537664056277,0.0,0,False,False,False,0.236425022372878,0.0
234,S234,2,2,1.0,0,0,False,False,False,-0.9993469496335375,0.7869315317132197,0,False,False,False,1.1233339661335033,0.0
234,S234,3,3,1.0,0,0,False,False,False,-0.25520563822136677,0.7656103286384977,0,False,False,False,0.01602870331805687,0.0
234,S234,4,4,1.0,0,0,False,False,False,1.0239851742901838,0.7156357817890895,0,False,False,False,-0.0938162824190745,0.6484684510580733
234,S234,5,5,0.9999829007215896,1,1,False,False,False,-4.705807212191664,0.0,0,False,False,False,-3.8951289678163237,0.0
234,S234,6,6,1.0,0,0,False,False,False,-0.16838910839492624,0.0,0,False,False,False,0.47829948775217973,0.0
234,S234,7,7,0.9999837427452001,0,0,False,False,False,0.12200896679597896,0.02084464227554011,0,False,False,False,-0.6494203355157625,0.0
234,S234,8,8,1.0,0,0,False,False,False,0.23621400138904536,0.0,0,False,False,False,-0.5718982277353021,0.0
234,S234,9,9,1.0,0,0,False,False,False,-0.16004114035545375,0.0,0,False,False,False,-0.25438241294123015,0.0
