task_id,record,subject,window,label,oof_M0,oof_M1,oof_M2,oof_M3,oof_M4
annotation:100:0,100,S100,0,0,0.08208328317968973,0.20234033208630778,0.3044894304369966,0.1863012915974191,0.06401636367157729
annotation:100:1,100,S100,1,0,0.0858937469105636,0.7092206762758876,0.3044894304369966,0.6784933158078412,0.16934219649952148
annotation:100:2,100,S100,2,0,0.06502421624939272,0.3170896701929928,0.3443738587856827,0.32683353122672937,0.07136287610278651
annotation:100:3,100,S100,3,0,0.0703721112604744,0.4733670007978935,0.3044894304369966,0.44207531454215326,0.09566718297548199
annotation:100:4,100,S100,4,0,0.12167502395485943,0.24905260229178208,0.3976018434340796,0.29857090232166267,0.1178609608917993
annotation:100:5,100,S100,5,0,0.1283335717809714,0.2965138963900002,0.3044894304369966,0.2737006621729156,0.12104376204832569
annotation:100:6,100,S100,6,0,0.11108907747352761,0.16760546890398745,0.3044894304369966,0.1543508730621507,0.07710698910480229
annotation:100:7,100,S100,7,0,0.13884725873894715,0.15377387457768935,0.3053000627256812,0.1420649906015732,0.09165557416720298
annotation:101:0,101,S101,0,0,0.0554953627531836,0.5362220993727004,0.3037101643756875,0.5035891654326943,0.08839858754310195
annotation:101:1,101,S101,1,0,0.15752588130523393,0.4732803932951716,0.3037101643756875,0.44197720484818076,0.19897036334516888
annotation:101:2,101,S101,2,0,0.08363931998319805,0.21112956121288193,0.3041121452690511,0.19459614591460567,0.0696266404436634
annotation:101:3,101,S101,3,0,0.07566562301661199,0.2026631550730173,0.3037101643756875,0.186527873631378,0.06231832954811953
annotation:101:4,101,S101,4,0,0.08037299009860854,0.15266412752423858,0.3444898428724561,0.1613885043000132,0.06000499316776965
annotation:101:5,101,S101,5,0,0.06888979380247272,0.2181761010646063,0.3037101643756875,0.2008421376996983,0.058254065953266564
annotation:101:6,101,S101,6,0,0.10100862437422076,0.31292192111189265,0.3527396899341849,0.33051059514861914,0.11028200627096721
annotation:103:0,103,S103,0,0,0.059205973310736515,0.12848823644093296,0.30442947606559756,0.11828263305461528,0.037088634860192385
annotation:103:1,103,S103,1,0,0.05780757681084409,0.10812241165444629,0.3408670883118155,0.11366821208447876,0.035098217069959116
annotation:103:2,103,S103,2,0,0.06319792490302166,0.3734125692514695,0.30442947606559756,0.34584289446341054,0.07385499844406698
annotation:103:3,103,S103,3,0,0.06387339952912233,0.29091860152967114,0.30442947606559756,0.26817367781918977,0.0631842143240594
annotation:103:4,103,S103,4,0,0.05422925415482843,0.19933559131675935,0.34048347238496485,0.20607257184577102,0.0459671447874664
annotation:103:5,103,S103,5,0,0.05662412037161663,0.23109446745198073,0.35981372010225,0.2518137753826115,0.053806241542017186
annotation:103:6,103,S103,6,0,0.07261967600091739,0.2938695300976412,0.34650439028544555,0.30560170567397055,0.07646448150320238
annotation:103:7,103,S103,7,0,0.06509846031011905,0.1799450035762238,0.30442947606559756,0.16543369991500906,0.048829457889699786
annotation:105:0,105,S105,0,0,0.19574615727611083,0.6634207676501611,0.30706651775217436,0.632823110149909,0.3032159426233114
annotation:105:1,105,S105,1,0,0.18986775031031605,0.37063549912412497,0.30706651775217436,0.3449112108898038,0.19246951400049797
annotation:105:2,105,S105,2,0,0.17285493678283625,0.16843118326920548,0.30706651775217436,0.15588978234170467,0.11574295917564979
annotation:105:3,105,S105,3,0,0.13953316059740054,0.24063061079158796,0.30706651775217436,0.22273295708229693,0.11366558788470345
annotation:105:4,105,S105,4,0,0.11719875393741648,0.2526639105015588,0.30706651775217436,0.2339334944437581,0.09990256366815856
annotation:105:5,105,S105,5,0,0.06873889113401528,0.4230698134581904,0.30706651775217436,0.39503098786748875,0.08604265768636098
annotation:105:6,105,S105,6,0,0.137979999458417,0.335411781061352,0.30706651775217436,0.3115333503787137,0.13718231301409267
annotation:105:7,105,S105,7,0,0.1718591928889599,0.24665252202986213,0.30706651775217436,0.22833570846800588,0.13947401111871674
annotation:105:8,105,S105,8,0,0.10911715501823978,0.6544849542636543,0.30706651775217436,0.6237077204543809,0.18668966060355568
annotation:105:9,105,S105,9,0,0.11722894449307875,0.6471901529670004,0.30706651775217436,0.6162839686855983,0.19542830081614115
annotation:106:0,106,S106,0,1,0.9211312991141603,0.8706911903999419,0.49884006087459165,0.9285593865387488,0.9726455857682562
annotation:106:1,106,S106,1,0,0.18203557482650934,0.5081159475442987,0.2897663874719713,0.4734237781160632,0.25184033675583484
annotation:106:2,106,S106,2,0,0.07919485506654798,0.39463767341320394,0.3964735547092846,0.47043101963643963,0.1160336261710665
annotation:106:3,106,S106,3,1,0.9910347411028573,0.39928369374185124,0.2897663874719713,0.36809054438657074,0.9866339883841222
annotation:106:4,106,S106,4,1,0.9571165946373553,0.7889982148255507,0.2897663874719713,0.7613106760323446,0.9737078622606306
annotation:106:5,106,S106,5,1,0.9919918400532493,0.12966356822363592,0.2897663874719713,0.11789858180401054,0.9741994134452512
annotation:106:6,106,S106,6,1,0.9918271772004622,0.37857936202294656,0.2897663874719713,0.3483762037779959,0.9862491583965413
annotation:108:0,108,S108,0,0,0.2917924952312246,0.20588235014786546,0.3024668516792338,0.1889791433142058,0.2309354970448688
annotation:108:1,108,S108,1,0,0.2722595745641807,0.15473576555690097,0.3024668516792338,0.142036639779885,0.18635589709028896
annotation:108:2,108,S108,2,0,0.3759828130959191,0.3501073087742987,0.38288233557624973,0.396272933657733,0.39480617346180946
annotation:108:3,108,S108,3,0,0.2238096725760295,0.30636619929213543,0.3687034390846907,0.33858127353342027,0.22948915600638944
annotation:108:4,108,S108,4,0,0.25265890688663384,0.37355086636552276,0.3024668516792338,0.3455753973914514,0.26724661211888423
annotation:108:5,108,S108,5,0,0.42392853070218695,0.32140315120995744,0.3024668516792338,0.29634369935301524,0.4019417416906625
annotation:109:0,109,S109,0,0,0.07174644313863514,0.5542557713747025,0.3099573211340862,0.5262294261775783,0.112121672251857
annotation:109:1,109,S109,1,0,0.06145510802756008,0.6570371399918835,0.3054524525838088,0.6249588930902786,0.11721468808738784
annotation:109:2,109,S109,2,0,0.08985063712727871,0.2121163786915878,0.38159152629896204,0.24529936998565702,0.07946599859572422
annotation:109:3,109,S109,3,0,0.08606837754063308,0.184702930743435,0.33495095545353976,0.18750390532807687,0.06684981070981796
annotation:109:4,109,S109,4,0,0.0629953427356155,0.24998612306064205,0.3429181102239678,0.25778919508605824,0.06026356924612729
annotation:109:5,109,S109,5,0,0.08849170219510913,0.6378038394890453,0.3054524525838088,0.6054066496878657,0.15398723275147375
annotation:109:6,109,S109,6,0,0.08876965017359617,0.28791826079516986,0.30933579261787125,0.26921094172798493,0.08492451722214615
annotation:109:7,109,S109,7,0,0.07024792606861018,0.3500285604595027,0.3054524525838088,0.32447867162360733,0.0772588605331432
annotation:109:8,109,S109,8,0,0.06872991737383671,0.18776310346651495,0.31153702549085865,0.17684312368569927,0.053403863158224436
annotation:111:0,111,S111,0,0,0.07200196849894411,0.19212421634730784,0.30491063830205256,0.17678490326400814,0.05619188437778981
annotation:111:1,111,S111,1,0,0.07347903768658838,0.18987206513435415,0.30491063830205256,0.17470899573818516,0.05679149705255122
annotation:111:2,111,S111,2,0,0.08887412844856263,0.38939399411076203,0.31225087084662545,0.36861985763939326,0.10493320921486135
annotation:111:3,111,S111,3,0,0.07971606066074156,0.3540948758376562,0.30491063830205256,0.32802346706449315,0.08948527354309621
annotation:111:4,111,S111,4,0,0.0725076297011045,0.16930222174231718,0.30491063830205256,0.1557751348081135,0.052801830020737885
annotation:111:5,111,S111,5,0,0.06633568248177377,0.2646336008587996,0.33526989950123554,0.2673642140043802,0.06502800022913081
annotation:111:6,111,S111,6,0,0.0660045204180717,0.2780930048950693,0.30491063830205256,0.25653387526672944,0.06388455433568584
annotation:111:7,111,S111,7,0,0.06588807733216695,0.2877607912393653,0.30491063830205256,0.2655718418305601,0.06504335112055913
annotation:112:0,112,S112,0,0,0.05462385312206756,0.45980358869812016,0.38856820896235544,0.5109614266878598,0.08341347069033743
annotation:112:1,112,S112,1,0,0.05330279137927088,0.3891455097686585,0.37356258749206367,0.4259607072125666,0.0704572510573856
annotation:112:2,112,S112,2,0,0.051806787731481924,0.3174995126753524,0.30475798125910003,0.2921968854212658,0.05436718380206777
annotation:112:3,112,S112,3,0,0.06030915443414541,0.16526253547472855,0.30475798125910003,0.15128162227804332,0.04246178586384391
annotation:112:4,112,S112,4,0,0.06091313065832785,0.17524857457287005,0.30475798125910003,0.16042424943373373,0.04429396943413414
annotation:112:5,112,S112,5,0,0.05237945141343849,0.29327311088627855,0.410559084096864,0.35897968441154937,0.06029200027237433
annotation:112:6,112,S112,6,0,0.05274169397353669,0.13636423350389548,0.30475798125910003,0.12488111543907575,0.03394015374709083
annotation:112:7,112,S112,7,0,0.05262316632440534,0.31504213438666057,0.33977107595208883,0.3205256436047333,0.05765836670914121
annotation:112:8,112,S112,8,0,0.05287098130415461,0.28286300294235883,0.34089047502498776,0.2894783239831228,0.05414158346445029
annotation:113:0,113,S113,0,0,0.23700231752871406,0.22126614178542495,0.3034923029469573,0.20296457220759986,0.20262944317221893
annotation:113:1,113,S113,1,0,0.262411201453312,0.1736852189995704,0.3034923029469573,0.15916615777734996,0.19642049720512245
annotation:113:2,113,S113,2,0,0.19363663121281047,0.2545051577655159,0.3034923029469573,0.2337519030305774,0.17710462696520754
annotation:113:3,113,S113,3,0,0.21895850940268927,0.13061963623904277,0.3034923029469573,0.11974970744712175,0.14747595998982693
annotation:113:4,113,S113,4,0,0.218429628633862,0.47680969907743503,0.3979862194245554,0.5382093808004567,0.31179816681357286
annotation:113:5,113,S113,5,0,0.23791874885351746,0.2196891518058082,0.3034923029469573,0.20150802729533554,0.20247315384142325
annotation:113:6,113,S113,6,0,0.20508121173350816,0.17011975880033184,0.3430782231514286,0.17851038590534293,0.162198863212009
annotation:114:0,114,S114,0,0,0.5097426719794159,0.14043063880588738,0.3038799423221438,0.12911197761110366,0.35757330041084334
annotation:114:1,114,S114,1,0,0.7943090059261045,0.35983274062766396,0.3038799423221438,0.33313420662242105,0.7595312088858905
annotation:114:2,114,S114,2,0,0.2889700304515873,0.18808199137604648,0.3038799423221438,0.17285516753742122,0.2160318502949192
annotation:114:3,114,S114,3,0,0.2640419500160947,0.1095122090707104,0.3038799423221438,0.10082791330664552,0.15917016613737725
annotation:114:4,114,S114,4,0,0.09046816838141447,0.17302394934613907,0.3331801122353584,0.17571297433355149,0.0719507142737444
annotation:114:5,114,S114,5,0,0.09500777315840293,0.19132931888135413,0.3038799423221438,0.17584491445521186,0.07595364226719828
annotation:114:6,114,S114,6,0,0.11085136035453312,0.20281824838049048,0.32173288535191524,0.1978847293159029,0.09227120052118029
annotation:115:0,115,S115,0,0,0.15746002576559703,0.21462024268388752,0.39188132297205397,0.2583808345249951,0.14946987057012992
annotation:115:1,115,S115,1,0,0.18589697507018524,0.5950095248893398,0.34882538334879615,0.6061761780401382,0.3109060812076977
annotation:115:2,115,S115,2,0,0.18051297039857397,0.1589661989842133,0.30242093598533626,0.14554276830819038,0.13304177930369404
annotation:115:3,115,S115,3,0,0.1772873489038132,0.17775532780103293,0.33789421851175017,0.1835319732501829,0.14315992366514904
annotation:115:4,115,S115,4,0,0.12093519002188462,0.21502834418173053,0.30242093598533626,0.19688818660961638,0.10179780780170912
annotation:115:5,115,S115,5,0,0.10590230925271443,0.3009730143156303,0.3775489717284368,0.3402211120062419,0.12108752740613178
annotation:115:6,115,S115,6,0,0.11685932579657356,0.31338675625382123,0.45665104858641176,0.42215296454821466,0.14970442015739213
annotation:116:0,116,S116,0,0,0.13500187609037137,0.15561682196513665,0.30604595919920025,0.14325543421651496,0.08838328401553608
annotation:116:1,116,S116,1,0,0.20420967169453408,0.22120064012611174,0.30604595919920025,0.2037467978331085,0.15632316197862853
annotation:116:2,116,S116,2,0,0.34084453477900045,0.24257283927006873,0.30604595919920025,0.22357735708370063,0.2750540204807046
annotation:116:3,116,S116,3,0,0.43709547795509873,0.19025300501710912,0.30604595919920025,0.17513986189897185,0.3228391501338339
annotation:116:4,116,S116,4,0,0.1772567045246242,0.24104272228247783,0.30604595919920025,0.22215544421087308,0.142225153875789
annotation:116:5,116,S116,5,0,0.27013570663289127,0.24918146918304118,0.30604595919920025,0.22972261268685343,0.21850759200500805
annotation:116:6,116,S116,6,0,0.2721172198762618,0.41618923305192196,0.30604595919920025,0.38750710714678754,0.2834115257692498
annotation:116:7,116,S116,7,0,0.20239129689016022,0.37186427203431943,0.3077880551943944,0.3467538283889407,0.20382561709968341
annotation:116:8,116,S116,8,0,0.13470047436572358,0.22376458256891765,0.30604595919920025,0.20612242254408872,0.10592682527678762
annotation:117:0,117,S117,0,0,0.08101791588814954,0.13928408662700675,0.3016644202401403,0.12809280068037526,0.053651964866365164
annotation:117:1,117,S117,1,0,0.07222129944907633,0.27184893534111454,0.3016644202401403,0.25028119259216625,0.06876729590562312
annotation:117:2,117,S117,2,0,0.06121791342828653,0.14396486313108228,0.36842648671170575,0.16576274630451668,0.045654208023956894
annotation:117:3,117,S117,3,0,0.06938456285060776,0.1398612473811174,0.34134352761458914,0.1476555441803994,0.048700960911862885
annotation:117:4,117,S117,4,0,0.07591579341777184,0.23814418107702398,0.3016644202401403,0.21899910762757666,0.06657838186448053
annotation:118:0,118,S118,0,0,0.1550330512628369,0.31238643712804615,0.30504350537433705,0.2893032019423161,0.1467490944953869
annotation:118:1,118,S118,1,0,0.13557911188781785,0.36744718525719805,0.30504350537433705,0.3413336973150017,0.14551623657674767
annotation:118:2,118,S118,2,0,0.14541954270017485,0.3925031892413925,0.30504350537433705,0.3651979754538021,0.1622575820160465
annotation:118:3,118,S118,3,0,0.17097095984308505,0.36652098414699125,0.30504350537433705,0.34045387397939114,0.17960205112729083
annotation:118:4,118,S118,4,0,0.2293493542676697,0.29888704650028075,0.30504350537433705,0.27662753632338205,0.2064215789832311
annotation:118:5,118,S118,5,0,0.1614707138203975,0.2057618631559429,0.30504350537433705,0.18993660194634457,0.1196321736979715
annotation:118:6,118,S118,6,0,0.23296715031815318,0.7707813687006483,0.30504350537433705,0.7440663666869277,0.4146010144453624
annotation:118:7,118,S118,7,0,0.12110540010753924,0.34731366027068533,0.30504350537433705,0.322244616081161,0.12481176873756664
annotation:119:0,119,S119,0,1,0.9780401534444153,0.2447267835812425,0.2895745286457846,0.2281746369224608,0.9547002980053672
annotation:119:1,119,S119,1,1,0.9749056378571649,0.11687079794619983,0.2895745286457846,0.10882282560995878,0.9259305572523037
annotation:119:2,119,S119,2,1,0.8928914196892962,0.2834121817764673,0.489516812825773,0.4308882920184362,0.8730478058793868
annotation:119:3,119,S119,3,1,0.9544760049442407,0.5179710202908975,0.2895745286457846,0.49127333656497013,0.9500411448288412
annotation:119:4,119,S119,4,1,0.9702060587428293,0.5920247457293071,0.2895745286457846,0.5650612243609587,0.9701350198289262
annotation:119:5,119,S119,5,1,0.9942603530451877,0.43490705351822645,0.45661232485461695,0.5657039234206157,0.9928722570862397
annotation:119:6,119,S119,6,1,0.990855331063674,0.503659579738853,0.5505560171439087,0.7036945249051079,0.9916948950420046
annotation:121:0,121,S121,0,0,0.047925815031027955,0.178001398699449,0.30356063530744576,0.16388214232569265,0.036009815855622705
annotation:121:1,121,S121,1,0,0.04258203758035887,0.13092090425622302,0.3769119243792186,0.15441301981326835,0.030321923883549345
annotation:121:2,121,S121,2,0,0.05139920821310016,0.3169458589305933,0.30356063530744576,0.2928081799761515,0.05388904378047743
annotation:121:3,121,S121,3,0,0.12238954027576245,0.19692102696001573,0.30356063530744576,0.1812870496967546,0.08941634440738504
annotation:121:4,121,S121,4,0,0.04905384365058694,0.09832029654199535,0.35344346432561635,0.10854425057491056,0.028993908456648846
annotation:121:5,121,S121,5,0,0.04242397670212686,0.6109966860227959,0.30356063530744576,0.5780410619096674,0.07744351255991438
annotation:121:6,121,S121,6,0,0.04016931898888202,0.09747820168700856,0.30356063530744576,0.09011618325215559,0.022289844348391128
annotation:122:0,122,S122,0,0,0.05239749864954691,0.2769273762300235,0.319571248738916,0.2665012357204677,0.051547047115856
annotation:122:1,122,S122,1,0,0.04367384852122956,0.09328195603363693,0.3683048426697908,0.10811797493153073,0.025398932323884054
annotation:122:2,122,S122,2,0,0.04228832229709465,0.24192423839776633,0.3042746251492811,0.2219843243781635,0.03797739295699284
annotation:122:3,122,S122,3,0,0.04441689855693074,0.22807193575238563,0.3509267846205317,0.241846493886541,0.040987485874663256
annotation:122:4,122,S122,4,0,0.046661974732376696,0.3344069446186376,0.4633644880597513,0.44791714652019526,0.06266915626635126
annotation:122:5,122,S122,5,0,0.04781403471635528,0.15943375295021303,0.4293705029679945,0.21663523105786434,0.03971148829237966
annotation:122:6,122,S122,6,0,0.04705577514741384,0.20315421865781275,0.3042746251492811,0.18629926401393307,0.03788224037195221
annotation:122:7,122,S122,7,0,0.04558905450790752,0.2234004590979523,0.3042746251492811,0.20490939740973188,0.03872086216344951
annotation:122:8,122,S122,8,0,0.04317450055752009,0.13463667499721707,0.3042746251492811,0.12364580444996913,0.027876683774124767
annotation:123:0,123,S123,0,0,0.25254285433855994,0.2987842158196097,0.41490747739079265,0.37131043142406756,0.28881967278682885
annotation:123:1,123,S123,1,0,0.18293860781605406,0.2695417103793151,0.30007162880132987,0.24674343789454556,0.17682570149948817
annotation:123:2,123,S123,2,0,0.23790167431540862,0.2610306607611849,0.44402912493505403,0.35332642946032394,0.2653478465022647
annotation:123:3,123,S123,3,0,0.24160020038892357,0.3100935122786553,0.30007162880132987,0.2844058477069277,0.25067711460389164
annotation:123:4,123,S123,4,0,0.19405542498210088,0.32496352807756496,0.4812270302291945,0.45818927895763484,0.2553356194008722
annotation:124:0,124,S124,0,0,0.06301885697113795,0.1486500135799644,0.2997713986804276,0.13679074257410032,0.044628173329691136
annotation:124:1,124,S124,1,1,0.08357501292370212,0.3414247099294215,0.2997713986804276,0.3155809964726863,0.09367125250013367
annotation:124:2,124,S124,2,0,0.1839765144774617,0.4334831124539474,0.2997713986804276,0.403213565838006,0.21797697412396194
annotation:124:3,124,S124,3,0,0.3048190907367627,0.4821169821736521,0.2997713986804276,0.45025359247366864,0.35594641174854513
annotation:124:4,124,S124,4,0,0.17241276051563026,0.49614473718538177,0.3020923034851919,0.4662995661388118,0.2247807147549999
annotation:124:5,124,S124,5,0,0.13088677552169256,0.5242869941745167,0.2997713986804276,0.4915017716912488,0.18328969030831005
annotation:200:0,200,S200,0,1,0.8181829654858573,0.7161172481482738,0.274753713339598,0.6798592620301996,0.8883525101536743
annotation:200:1,200,S200,1,1,0.5212144016061449,0.11495274248105954,0.274753713339598,0.10344825928254951,0.3416774666498531
annotation:200:2,200,S200,2,1,0.7596459291174154,0.5409306498846923,0.274753713339598,0.5014339544397426,0.7998712591319909
annotation:200:3,200,S200,3,1,0.6082525186297222,0.3874400933522447,0.274753713339598,0.35316476800340385,0.6127407923088913
annotation:200:4,200,S200,4,1,0.3677066621839063,0.17163862023096776,0.3150567213528295,0.17843184605415757,0.2855981580211286
annotation:200:5,200,S200,5,1,0.6059521812706398,0.1956091928217312,0.27667824858902956,0.17725336611585124,0.4926450377384411
annotation:200:6,200,S200,6,1,0.9202298218904855,0.3046731745593667,0.274753713339598,0.27576687513504694,0.8882851736621894
annotation:200:7,200,S200,7,1,0.8550585581188277,0.12560271372504245,0.274753713339598,0.11298551041129867,0.7185364725422125
annotation:200:8,200,S200,8,1,0.8177419124265463,0.39811901233630104,0.274753713339598,0.3632716735565738,0.8093775518863695
annotation:200:9,200,S200,9,1,0.8369016642325756,0.38794507174051257,0.274753713339598,0.3536420467594482,0.8204728660942383
annotation:201:0,201,S201,0,0,0.5727256191157802,0.2552816741970443,0.28664760807338363,0.23238235785049388,0.511933454946597
annotation:201:1,201,S201,1,0,0.621803592785212,0.37253812536976016,0.28664760807338363,0.3406523228244566,0.6172372606981166
annotation:201:2,201,S201,2,1,0.7737316321264193,0.28070066426400275,0.3611208757334557,0.31473314829701826,0.7283392137814061
annotation:201:3,201,S201,3,1,0.9365007183899043,0.32845010328117213,0.28664760807338363,0.29963560929543914,0.9136006189642819
annotation:201:4,201,S201,4,1,0.8845731743031422,0.706228717560372,0.28664760807338363,0.6682927714500835,0.9264181286719068
annotation:201:5,201,S201,5,1,0.8780377087204247,0.25703598036571107,0.28664760807338363,0.2339843575740686,0.8187441804430609
annotation:201:6,201,S201,6,1,0.984551171343276,0.6972215678403294,0.28664760807338363,0.6589448381948287,0.9867696680087679
annotation:202:0,202,S201,0,0,0.29821980321655983,0.1901124068469144,0.28664760807338363,0.17316451199312308,0.21833442195890296
annotation:202:1,202,S201,1,0,0.24681212117648343,0.9043198951986372,0.28664760807338363,0.8841859924179138,0.5746607101579114
annotation:202:2,202,S201,2,1,0.6035861047001754,0.6919805874410832,0.28664760807338363,0.6535212010156706,0.7200016152011791
annotation:202:3,202,S201,3,0,0.12788337419581183,0.25495870436473544,0.28664760807338363,0.23208747851553188,0.11504920779446966
annotation:202:4,202,S201,4,1,0.6602834380063893,0.6736854010479751,0.28664760807338363,0.63467655985665,0.7578016020656602
annotation:202:5,202,S201,5,0,0.6676561153335346,0.25672038470716385,0.6749407941802742,0.5526647622040396,0.7431675882739205
annotation:202:6,202,S201,6,0,0.25742555960006996,0.5197257112611344,0.28664760807338363,0.48094700574812776,0.3390402113888461
annotation:202:7,202,S201,7,0,0.6304690928231103,0.3526915269806293,0.3424127907653124,0.3721039584498024,0.6463097742903512
annotation:203:0,203,S203,0,1,0.7194121564109444,0.2464465379960797,0.35702265844573455,0.2830640793906893,0.6643061309237603
annotation:203:1,203,S203,1,1,0.7207018609132877,0.20201065569963306,0.28158424231057927,0.1866216528154315,0.6125746624892195
annotation:203:2,203,S203,2,1,0.690765649803094,0.13128992089933103,0.3513721786877603,0.15326493254730536,0.5452754430564899
annotation:203:3,203,S203,3,1,0.736784374075455,0.15620490745645677,0.28158424231057927,0.14431023442995647,0.5926138028721845
annotation:203:4,203,S203,4,1,0.6270585114902993,0.09732065250896133,0.33479475672465914,0.10881840894798543,0.4403619855633225
annotation:203:5,203,S203,5,1,0.6167809804118892,0.19257900733247682,0.28158424231057927,0.17789138842396862,0.5046332144924286
annotation:203:6,203,S203,6,1,0.7028225300427383,0.3711744085244676,0.3078424195769577,0.3696167045360928,0.6996220260592698
annotation:203:7,203,S203,7,1,0.777772273843947,0.5330538185253418,0.3255353071716113,0.5456718238732989,0.8222684016875783
annotation:203:8,203,S203,8,0,0.7118438301002467,0.18110780917069316,0.3020541107877781,0.17913271569076117,0.5937969279224585
annotation:203:9,203,S203,9,1,0.6657331656609492,0.24634924558073004,0.28158424231057927,0.2278111315789489,0.5929265261788605
annotation:203:10,203,S203,10,1,0.6713950933808964,0.14314264397484827,0.4260853709440373,0.20628259996157894,0.5627707213640023
annotation:205:0,205,S205,0,0,0.0499927749735688,0.5326570148954977,0.30380395717827735,0.500192094143737,0.07761421457120866
annotation:205:1,205,S205,1,0,0.0736356586182014,0.1818561629264481,0.30662660688262877,0.16854581963675444,0.05267744983400335
annotation:205:2,205,S205,2,0,0.06267545592781279,0.1546854371104524,0.30380395717827735,0.1419393603598015,0.041754858820364685
annotation:205:3,205,S205,3,0,0.08859288377122802,0.24304298336885188,0.30380395717827735,0.22339879408990984,0.07370213558579897
annotation:205:4,205,S205,4,0,0.05350419401780276,0.15166623032753052,0.30380395717827735,0.13917232770558777,0.035862104147826306
annotation:205:5,205,S205,5,0,0.07661420457534357,0.1327875001169875,0.30380395717827735,0.12188928011942746,0.04634433707726444
annotation:205:6,205,S205,6,0,0.050321105624449906,0.21206465803529273,0.30380395717827735,0.19472129137512914,0.040825672587311464
annotation:205:7,205,S205,7,0,0.12719351036302834,0.14969547638695455,0.30380395717827735,0.1373666523249769,0.07860100586575348
annotation:205:8,205,S205,8,1,0.17300627412147218,0.25958734152195045,0.30710960539744203,0.24131632607188522,0.14241324138704972
annotation:205:9,205,S205,9,0,0.15271272661002422,0.1151164317349861,0.30380395717827735,0.10573690504914755,0.08203405048622045
annotation:207:1,207,S207,1,0,0.05586649424508401,0.1402296204580141,0.32876728974270486,0.141998031228146,0.038527221255602546
annotation:207:2,207,S207,2,0,0.054515748085259046,0.22854013988159516,0.30132078387899486,0.2100230813640511,0.0472011073902164
annotation:207:3,207,S207,3,0,0.06095439703325392,0.22268769849767642,0.30132078387899486,0.20462258356928847,0.0521255816215803
annotation:207:4,207,S207,4,0,0.0748374926902489,0.15556744352229773,0.43788818151793585,0.21877811938825956,0.06228666986726411
annotation:207:5,207,S207,5,0,0.07046194085629896,0.13930637199187054,0.30132078387899486,0.12810683784789223,0.04625008945491482
annotation:208:0,208,S208,0,1,0.4716597620904789,0.5583338937138561,0.2809867034921669,0.5285832850657033,0.5735251213964784
annotation:208:1,208,S208,1,1,0.45022305294959136,0.19960886127170033,0.49577855863098497,0.3394563846968064,0.4524074440769106
annotation:208:2,208,S208,2,1,0.44838656265560667,0.5341719958956462,0.4588559983727001,0.6696332190959612,0.5813501762370522
annotation:208:3,208,S208,3,1,0.7967211995615419,0.3043609752744748,0.2809867034921669,0.28264902016910665,0.7773724374986677
annotation:208:4,208,S208,4,1,0.6780861185156385,0.24895966007438813,0.2809867034921669,0.23059854271952102,0.6450120498546804
annotation:208:5,208,S208,5,1,0.6964382763846596,0.33191998469012496,0.2809867034921669,0.308726883189095,0.696551976262657
annotation:208:6,208,S208,6,1,0.6141575873356026,0.8278512743585107,0.41858491169941026,0.8780600132746917,0.8153652713214375
annotation:208:7,208,S208,7,1,0.2065783453233696,0.622028047087777,0.3553677079215414,0.6637587829747214,0.33282289962170586
annotation:208:8,208,S208,8,1,0.626609907501017,0.44038154179951455,0.2809867034921669,0.4127115654797085,0.641780372176479
annotation:208:9,208,S208,9,1,0.23924809306702513,0.31680959912405243,0.2991294354216506,0.31093365653381133,0.2555289379206747
annotation:208:10,208,S208,10,1,0.6045830333318121,0.9279769880996649,0.2809867034921669,0.9170415012011573,0.8451468498189959
annotation:209:0,209,S209,0,0,0.06816869716986998,0.21587492490872823,0.403997265384236,0.2716827989730637,0.06096507452231702
annotation:209:1,209,S209,1,0,0.05309204268419544,0.40976169261612744,0.31433448921066226,0.3982409957598446,0.06718522921177249
annotation:209:2,209,S209,2,1,0.08531932514003523,0.2872456918515172,0.38480894828554063,0.3360888373823652,0.08867168300127097
annotation:209:3,209,S209,3,1,0.03260140047483094,0.3808338656585137,0.3692092784717522,0.4200479355989449,0.04219834911409581
annotation:209:4,209,S209,4,1,0.03189867750047646,0.3349324108286823,0.42953076718757743,0.4247364960347129,0.03926362818851303
annotation:209:5,209,S209,5,1,0.047362540016731354,0.39397557844262754,0.30692660375000147,0.3759255882784069,0.059189175334446266
annotation:209:6,209,S209,6,0,0.10952130448293355,0.3198204088661583,0.4227938016414956,0.40267989915321967,0.12099890361663725
annotation:209:7,209,S209,7,0,0.09631767731018939,0.2886809992655623,0.2981991234914065,0.2679993353674615,0.09451082946388584
annotation:209:8,209,S209,8,0,0.09615539668329762,0.26888442765036646,0.2981991234914065,0.24946234497329317,0.09077931251914986
annotation:209:9,209,S209,9,0,0.08583512171784842,0.2945913560976573,0.2981991234914065,0.2735448797055491,0.08548715722154629
annotation:209:10,209,S209,10,0,0.11880387619357936,0.3607496905946565,0.2981991234914065,0.3360033068363739,0.13341903095507807
annotation:210:0,210,S210,0,0,0.5018712776396699,0.1937422886979643,0.30373842717283983,0.17804301221414937,0.41800744945286133
annotation:210:1,210,S210,1,0,0.49820983327426893,0.31018364911773083,0.30373842717283983,0.28623154967321823,0.4845535582332635
annotation:210:2,210,S210,2,0,0.4619536637972506,0.26467617369129537,0.30373842717283983,0.24370049778645814,0.42778056702967876
annotation:210:3,210,S210,3,0,0.5047284673499572,0.43483929848444325,0.30373842717283983,0.4047265342747751,0.5527549983524261
annotation:210:4,210,S210,4,0,0.3520545635067226,0.1411460895077264,0.30839199814828666,0.13194984021559336,0.254888914388617
annotation:210:5,210,S210,5,0,0.6307456718784605,0.2792236836771182,0.30373842717283983,0.2572588010284733,0.5871505044705073
annotation:210:6,210,S210,6,1,0.554475929335346,0.35939599087188223,0.30373842717283983,0.3326409079851048,0.5569013974865036
annotation:210:7,210,S210,7,0,0.5486079886498005,0.31366104445601306,0.30373842717283983,0.28949618195090904,0.5281540207730632
annotation:210:8,210,S210,8,0,0.44133552597704273,0.288794768833113,0.30373842717283983,0.26619805290693355,0.4186785357326477
annotation:210:9,210,S210,9,0,0.6011039609633606,0.2814944509125389,0.30373842717283983,0.2593782804416318,0.5584123415092761
annotation:212:0,212,S212,0,0,0.06048045343956041,0.40794483601499704,0.3067829976568933,0.37954970401908683,0.07559424649924291
annotation:212:1,212,S212,1,0,0.0509974130190334,0.16830029793682325,0.3067829976568933,0.1551904505674352,0.03695818981862748
annotation:212:2,212,S212,2,0,0.053369983953280895,0.1860617843058227,0.3067829976568933,0.17153934045371022,0.04082662253693158
annotation:212:3,212,S212,3,0,0.05017666698199713,0.3719880953812717,0.3067829976568933,0.34525955486041654,0.05877195933632318
annotation:212:4,212,S212,4,0,0.05425775669152311,0.15180962176844737,0.3460463964091983,0.15979126438931118,0.03957208849742696
annotation:212:5,212,S212,5,0,0.05623069304274388,0.39671814701820735,0.3184908164034659,0.3798957354960946,0.07016847453951049
annotation:212:6,212,S212,6,0,0.050705588777242426,0.31245247565280354,0.3067829976568933,0.2890277685558524,0.052788559339174236
annotation:212:7,212,S212,7,0,0.052286291529157376,0.4607878789270372,0.3067829976568933,0.4304356421445213,0.0716806651971626
annotation:212:8,212,S212,8,0,0.053176348140204076,0.1636822269673948,0.3331545060667776,0.16493913440335764,0.039691020384729096
annotation:212:9,212,S212,9,0,0.05786841453633063,0.370825469094201,0.3067829976568933,0.3441551065717446,0.06746200091184558
annotation:213:0,213,S213,0,0,0.026255161410017835,0.1395888426935306,0.27596552992199214,0.12447452101897094,0.015566852042933078
annotation:213:1,213,S213,1,1,0.03503859249820558,0.28333267003641927,0.27596552992199214,0.254825201897818,0.03362612009227114
annotation:213:2,213,S213,2,0,0.04720137240119799,0.41212354787929,0.27596552992199214,0.37551515888918113,0.06017705513672449
annotation:213:3,213,S213,3,1,0.04168835803852732,0.22966018653664028,0.27596552992199214,0.2056822687272557,0.03451434222650417
annotation:213:4,213,S213,4,1,0.04278970840027144,0.2544991715464455,0.27596552992199214,0.22834825087636418,0.03760209348494856
annotation:213:5,213,S213,5,1,0.03246478510715057,0.26052932086352076,0.27596552992199214,0.233870505096414,0.029266678981588534
annotation:213:6,213,S213,6,1,0.047234762207698774,0.22015056043357253,0.27596552992199214,0.1970380213784374,0.03661277326441345
annotation:213:7,213,S213,7,1,0.052756548128929014,0.12676367233534747,0.27596552992199214,0.1130188941020494,0.02896011029455227
annotation:213:8,213,S213,8,1,0.03170542151565044,0.5368333782945692,0.27596552992199214,0.496701862291663,0.05366203968262324
annotation:213:9,213,S213,9,1,0.03309794111773638,0.09352085095501625,0.27596552992199214,0.0834191612764925,0.01533461253334354
annotation:213:10,213,S213,10,1,0.044754660840237166,0.2573345457515402,0.27596552992199214,0.2309438382058084,0.038362387957690175
annotation:213:11,213,S213,11,1,0.051807012508443225,0.2284711228680323,0.27929847156936827,0.20709830421402722,0.042104793584412215
annotation:214:0,214,S214,0,1,0.6027127037666378,0.6415580747040063,0.279715645601594,0.6020428364118395,0.7012365762346214
annotation:214:1,214,S214,1,1,0.7428540638913249,0.7155070856205541,0.30464322293960516,0.7003180214278217,0.8379398014190336
annotation:214:2,214,S214,2,1,0.6204586301254515,0.629223453899441,0.279715645601594,0.5895842534196014,0.7123536533434096
annotation:214:3,214,S214,3,1,0.7820392528327349,0.37775101138788986,0.279715645601594,0.34601259723444927,0.765153528002488
annotation:214:4,214,S214,4,1,0.7776673201854907,0.6440161954876539,0.279715645601594,0.6045324054748287,0.835981666277272
annotation:214:5,214,S214,5,1,0.6602193993977414,0.5493332535161909,0.279715645601594,0.5101772968485742,0.7141423519931648
annotation:214:6,214,S214,6,1,0.6130086280493933,0.7978857177714161,0.279715645601594,0.7654091005427108,0.7758144374941048
annotation:214:7,214,S214,7,1,0.7400770238958736,0.7622873250645353,0.3140341220554271,0.7545319913249015,0.8521140388502316
annotation:215:0,215,S215,0,0,0.15605660745915217,0.2627101419027025,0.3090258989390172,0.24110171990853455,0.13511445875088232
annotation:215:1,215,S215,1,0,0.10971642588378026,0.2815973519628421,0.3090258989390172,0.2587191766665737,0.10079540973274898
annotation:215:2,215,S215,2,0,0.1015188340279262,0.26679446750967334,0.3090258989390172,0.2449061693136887,0.09153826836261975
annotation:215:3,215,S215,3,0,0.15103035153669694,0.16107288349948132,0.3090258989390172,0.1472751220195321,0.10152798071110301
annotation:215:4,215,S215,4,0,0.1331102671598767,0.7576841203210873,0.42135263920516614,0.808183202230366,0.3039516859295514
annotation:215:5,215,S215,5,0,0.09208247720888532,0.4850013275216462,0.31239022266644456,0.4565263264126347,0.1245985232401738
annotation:215:6,215,S215,6,0,0.09366570235044733,0.5192349700442801,0.3090258989390172,0.4865994795651605,0.13329304562552874
annotation:215:7,215,S215,7,0,0.12403646178017172,0.2830625692174037,0.3090258989390172,0.26008853251844866,0.11386868664518683
annotation:215:8,215,S215,8,0,0.10164058805755075,0.28133541860483796,0.3090258989390172,0.25847442084499334,0.09397935264500086
annotation:215:9,215,S215,9,0,0.1425417552453827,0.15036724169421992,0.3090258989390172,0.13747461970799443,0.09159785473308338
annotation:215:10,215,S215,10,0,0.15765892769852288,0.3873296656855425,0.4258956879046672,0.4699126796683689,0.19938234225882562
annotation:215:11,215,S215,11,0,0.14247713268159543,0.23015974490730728,0.3090258989390172,0.2108821059329463,0.11423522457666971
annotation:215:12,215,S215,12,0,0.13716248630239294,0.3910363188440505,0.3090258989390172,0.3621353195999021,0.15307567416726595
annotation:219:0,219,S219,0,0,0.6760074657736582,0.3651702379400469,0.34184821377787983,0.372699930099215,0.676892764428067
annotation:219:1,219,S219,1,0,0.7592445203935195,0.2479427104592506,0.3033537283516297,0.22724805621335384,0.6964539109361269
annotation:219:2,219,S219,2,0,0.5417383383697834,0.17911679623342272,0.3033537283516297,0.16396289552167242,0.43987379030114365
annotation:219:3,219,S219,3,0,0.6796652751347181,0.13775371142054801,0.3033537283516297,0.12619652545237747,0.5423997763786998
annotation:219:4,219,S219,4,0,0.9872268459025785,0.6506436826770979,0.3033537283516297,0.6167174847742103,0.9890853144727124
annotation:219:5,219,S219,5,0,0.768785793017056,0.3293590165935236,0.549695985686198,0.5211494289137218,0.7947716107935513
annotation:219:6,219,S219,6,0,0.9341378665399218,0.37589979603679985,0.3033537283516297,0.34696600562026053,0.9225109837729852
annotation:219:7,219,S219,7,0,0.6169998025092268,0.1842027845310334,0.3033537283516297,0.16861855752322913,0.5141163926673307
annotation:220:0,220,S220,0,0,0.0714734435477723,0.24982073193638532,0.31053523770648894,0.23514315682970255,0.06354383486540005
annotation:220:1,220,S220,1,0,0.13214566742239006,0.3634599377501694,0.30401818413418696,0.33705810872409653,0.13917936286598717
annotation:220:2,220,S220,2,0,0.12131621187692854,0.26484337324441076,0.30401818413418696,0.24437337446738944,0.10652606682425872
annotation:220:3,220,S220,3,0,0.12231492837302832,0.24497748300677036,0.30401818413418696,0.22589537002750273,0.10280311257510888
annotation:220:4,220,S220,4,0,0.1755641883511109,0.6001647748341844,0.30401818413418696,0.567828672032874,0.25727951330876825
annotation:220:5,220,S220,5,0,0.18840842845617006,0.2908926717753054,0.3049650803807237,0.2694582391805629,0.17022639839412598
annotation:220:6,220,S220,6,0,0.12462783771271449,0.31954549009588784,0.30401818413418696,0.2955755828277645,0.12178751776531502
annotation:221:0,221,S221,0,1,0.831196000846996,0.35680839117267477,0.27823397918434056,0.32318926438761275,0.8091242526217473
annotation:221:1,221,S221,1,1,0.8325860104483804,0.5481613590044155,0.27823397918434056,0.5061714114466579,0.859121884751818
annotation:221:2,221,S221,2,1,0.7533266616843233,0.6166783500534504,0.27823397918434056,0.5744888477564314,0.8195160232938125
annotation:221:3,221,S221,3,1,0.7140723402779533,0.43894282904284565,0.27823397918434056,0.4004581599847444,0.7304752183649824
annotation:221:4,221,S221,4,1,0.7898020497476427,0.522536005431946,0.27823397918434056,0.4810348662987079,0.8188389684049774
annotation:221:5,221,S221,5,1,0.8027115090274096,0.5814599543870049,0.27823397918434056,0.5391651280814962,0.8442494780344278
annotation:221:6,221,S221,6,1,0.8419839512294933,0.4501750811534227,0.27823397918434056,0.41116527937248415,0.8431724606346477
annotation:221:7,221,S221,7,1,0.8254190208572254,0.23703984279055126,0.27823397918434056,0.2133127358643168,0.7538121153938461
annotation:221:8,221,S221,8,0,0.6937349578366324,0.362021499468553,0.55990528789686,0.5887837190260414,0.7870976428780292
annotation:222:0,222,S222,0,0,0.21696839775602453,0.417671734348774,0.3413692848843999,0.43191618498303846,0.2815409718505233
annotation:222:1,222,S222,1,0,0.2584409958564556,0.31989972068266,0.3365374137382365,0.32976960943088385,0.2843971982777132
annotation:222:2,222,S222,2,0,0.587375658965996,0.5178792722465461,0.4620861788655432,0.6417327106533877,0.7040881025201345
annotation:222:3,222,S222,3,1,0.7026497936033417,0.3635011622759907,0.3336658906064809,0.37056322296291727,0.6836920682218567
annotation:222:4,222,S222,4,0,0.5613561985925136,0.37436804225448955,0.2967841772953655,0.3454275876775191,0.5514074732443996
annotation:222:5,222,S222,5,0,0.7961964678889514,0.31432887815840826,0.2967841772953655,0.2887100951454106,0.7537391211717807
annotation:222:6,222,S222,6,1,0.8538616405497638,0.44120130155949866,0.3736154774661603,0.487053509374443,0.8637268796595439
annotation:222:7,222,S222,7,1,0.6097626498054273,0.3162734721179754,0.2967841772953655,0.2905356428555524,0.5623911883175728
annotation:222:8,222,S222,8,0,0.3453014834724075,0.17740856196406884,0.2997781841691807,0.16363193350806177,0.26162989313560175
annotation:223:0,223,S223,0,1,0.1869652329031429,0.32302520928864886,0.28036550450618736,0.29316768289548006,0.18078918476062095
annotation:223:1,223,S223,1,0,0.07795760223499594,0.18083159789110764,0.28252242547214573,0.16413740638716098,0.05851159705253414
annotation:223:2,223,S223,2,0,0.0864699356720193,0.3444243453077095,0.35059050985165274,0.37957348155932485,0.10709973329901686
annotation:223:3,223,S223,3,1,0.12447445118857808,0.30436192151184105,0.28036550450618736,0.2758304161533925,0.12705792185906187
annotation:223:4,223,S223,4,1,0.3538610477822474,0.18014718899141102,0.28036550450618736,0.16220361964805308,0.25758913555507895
annotation:223:5,223,S223,5,1,0.39970575120816376,0.4811171981520693,0.28036550450618736,0.44340842969141253,0.4523216758941359
annotation:223:6,223,S223,6,1,0.16578329818259407,0.38012469719387937,0.28036550450618736,0.346704801652233,0.17891862307364764
annotation:223:7,223,S223,7,1,0.8924168069621471,0.08152878931515725,0.28036550450618736,0.07361363072044098,0.7313768545900646
annotation:223:8,223,S223,8,1,0.5429713188312619,0.7762465560608454,0.28036550450618736,0.7444174461166331,0.7194212052817361
annotation:223:9,223,S223,9,1,0.6674248200333519,0.2097485389993172,0.28036550450618736,0.1890307528839955,0.5543776472199861
annotation:228:0,228,S228,0,1,0.8417847907270175,0.5250583876326832,0.7447575046503832,0.8500199565991016,0.9189413242866115
annotation:228:1,228,S228,1,1,0.9335854915427646,0.5994419782314637,0.2869301602729317,0.5674606266534776,0.9465093792517384
annotation:228:2,228,S228,2,1,0.8899298822241969,0.4678587351196679,0.31725322790878957,0.46891152147632836,0.8946199572102801
annotation:228:3,228,S228,3,1,0.9046049567302648,0.7382011919843061,0.31659408113216514,0.7351357767378772,0.9450549773965958
annotation:228:4,228,S228,4,0,0.5923228098487573,0.46473658272504836,0.2869301602729317,0.4341747805139563,0.6341714129254097
annotation:228:5,228,S228,5,1,0.7284664358685186,0.6157616181197119,0.2869301602729317,0.5839321955491876,0.80505196073736
annotation:228:6,228,S228,6,1,0.9295655320032364,0.3437682579350071,0.2869301602729317,0.3180851722180538,0.9107749260489443
annotation:228:7,228,S228,7,1,0.9023489668397559,0.4844213638734521,0.29647742001713984,0.4635724429630074,0.9071676094294555
annotation:230:0,230,S230,0,0,0.04084236633796338,0.13438329918821632,0.3984844672735201,0.16870037384952866,0.030248159381727046
annotation:230:1,230,S230,1,0,0.03492775721069147,0.27229460271836936,0.3585563947338015,0.29306341465492547,0.03812917273084841
annotation:230:2,230,S230,2,0,0.06207598238445245,0.20065705544306384,0.3033125428888958,0.18448563888352384,0.049948193068722654
annotation:230:3,230,S230,3,0,0.06333434494577962,0.10537193100266351,0.46503266948591687,0.16368293007349546,0.04461361489789241
annotation:230:4,230,S230,4,0,0.051079177939771854,0.2586298161578731,0.3033125428888958,0.23788190850633822,0.04788875253316237
annotation:230:5,230,S230,5,0,0.035824057402993964,0.1830133127424415,0.3736246490412164,0.20973709994452833,0.030696742518028595
annotation:230:6,230,S230,6,0,0.043933778600074955,0.10599170496669522,0.3033125428888958,0.09796312516963121,0.025016913246805474
annotation:230:7,230,S230,7,0,0.04308334074765061,0.149325030910153,0.33911106753757964,0.15516133323564574,0.031126608861583187
annotation:231:0,231,S231,0,0,0.12337570829155092,0.11812961011384045,0.367412926010892,0.13571629319302148,0.08023251242489637
annotation:231:1,231,S231,1,0,0.02572846675802476,0.12215954870719278,0.30185551885912226,0.11251582430326648,0.016416116569590022
annotation:231:2,231,S231,2,0,0.035425288894498495,0.16881298851077736,0.30185551885912226,0.15518183358355553,0.026245196111252325
annotation:231:3,231,S231,3,0,0.01443122195259934,0.024186039191380255,0.44499097342647664,0.03800013652570978,0.0052604710041341506
annotation:231:4,231,S231,4,0,0.028297340430917417,0.020666907841014825,0.375536625095387,0.02572848475298442,0.008238512331159053
annotation:231:5,231,S231,5,0,0.25676718261799814,0.19885080765080065,0.30185551885912226,0.18274999428820415,0.20085322717453338
annotation:232:0,232,S232,0,1,0.999214065461816,0.6306800339994504,0.4691572763507925,0.7528816516273887,0.9991405779704416
annotation:232:1,232,S232,1,1,0.998697425407296,0.48483628694653896,0.4356436293272134,0.5992648162525984,0.9981264366444458
annotation:232:2,232,S232,2,1,0.9973485386564523,0.5274334634814627,0.3198076870708642,0.5299825656415599,0.99609644408731
annotation:232:3,232,S232,3,1,0.9995491669922977,0.30256632040845743,0.32312366049954006,0.3101093579629722,0.9987347648236852
annotation:232:4,232,S232,4,1,0.9997167049858531,0.44475818476363155,0.28920046245102493,0.41602582135732075,0.9992515429391088
annotation:232:5,232,S232,5,1,0.9992752403685661,0.22429034276806098,0.28920046245102493,0.20656932108783033,0.9971745015895067
annotation:233:0,233,S233,0,1,0.5657605923270369,0.48417700401316116,0.28445708630100913,0.4645016116792553,0.6410495264140499
annotation:233:1,233,S233,1,1,0.5965577846448552,0.29760374207409723,0.29471494409603566,0.29126838710270936,0.5782292559229919
annotation:233:2,233,S233,2,1,0.6384819757359328,0.2966535366083808,0.6139478464641854,0.5385080341360183,0.5596878131947809
annotation:233:3,233,S233,3,1,0.607747247115275,0.5913083863929546,0.28445708630100913,0.5708665262684598,0.7179600031385232
annotation:233:4,233,S233,4,1,0.6332460948845583,0.42636012823621827,0.3314962515625558,0.45027126955826197,0.6688913841790027
annotation:233:5,233,S233,5,1,0.5673237903940614,0.3806704280737106,0.6794563279179044,0.6795767342355863,0.5219737981842246
annotation:233:6,233,S233,6,1,0.5178009128383485,0.4621770374235925,0.3714132130688199,0.5203136721198784,0.5662863864128699
annotation:233:7,233,S233,7,1,0.5491077941466594,0.37184946796555146,0.28445708630100913,0.35484503833615144,0.5785731390591701
annotation:233:8,233,S233,8,1,0.5543376596084351,0.3815321490028539,0.5704813310361931,0.5960108894206099,0.5319412338284939
annotation:233:9,233,S233,9,1,0.5830462615290497,0.39449599706897537,0.28445708630100913,0.37681390970951123,0.6211275880066575
annotation:233:10,233,S233,10,1,0.6337111745990566,0.17884639997156712,0.28445708630100913,0.16994936919725098,0.546986299949345
annotation:233:11,233,S233,11,1,0.6706606676731431,0.6300407136074045,0.29917421995116594,0.6230103209031669,0.7797972028274112
annotation:234:0,234,S234,0,0,0.05023815377224332,0.21487708456153007,0.3035497916983472,0.1970460766492915,0.04006182072277222
annotation:234:1,234,S234,1,0,0.04930298485199834,0.24582651536618322,0.3035497916983472,0.2256955823321605,0.04307335081198097
annotation:234:2,234,S234,2,0,0.04893858593103859,0.3410000580047276,0.3035497916983472,0.31480472512601737,0.05409828228316943
annotation:234:3,234,S234,3,0,0.048893433958292966,0.225160621890874,0.3035497916983472,0.20654937464669554,0.0403155747425261
annotation:234:4,234,S234,4,0,0.04934808317128748,0.21533188059379274,0.3561640003217502,0.23333101141779727,0.042652557078820236
annotation:234:5,234,S234,5,1,0.0500510083879996,0.03647785724707943,0.3035497916983472,0.03381461870030087,0.014218190339282939
annotation:234:6,234,S234,6,0,0.06321744409141188,0.2699336882284532,0.3035497916983472,0.24811615673583784,0.05723312496219239
annotation:234:7,234,S234,7,0,0.06422800826590942,0.1704278980724641,0.3035497916983472,0.15613665294895065,0.04306902162343132
annotation:234:8,234,S234,8,0,0.046065773992203,0.17621539028320385,0.3035497916983472,0.16144895620553168,0.03255296643608624
annotation:234:9,234,S234,9,0,0.05041986188259132,0.20153161675949538,0.3035497916983472,0.18473578359088932,0.0385564012197125
