record,subject,windows N,windows A,AND N,AND A,LLE N,LLE A,UPO N,UPO A,errors,median lle_z,median upo_score
100,S100,8,0,0,0,1,0,0,0,0,0.5160038992150632,0.3161401018954966
101,S101,5,0,0,0,0,0,0,0,0,-0.6898911458418641,0.0
103,S103,8,0,0,0,0,0,0,0,0,-0.71566527549726,0.0
105,S105,4,0,0,0,0,0,0,0,0,0.2395416947541868,0.0
106,S106,2,0,0,0,0,0,0,0,0,-0.4036078543149203,0.20370546633153014
108,S108,2,0,0,0,0,0,0,0,0,-0.5738884044776003,0.26636739634822965
109,S109,9,0,0,0,0,0,0,0,0,0.21845187146333367,0.0
111,S111,6,0,0,0,0,0,0,0,0,-0.61382793958245,0.0
112,S112,9,0,0,0,0,0,0,0,0,-0.4808862213966037,0.3323738662901211
113,S113,7,0,0,0,0,0,0,0,0,-0.2353463903962408,0.0
114,S114,0,1,0,0,0,0,0,0,0,0.6618152293458335,0.7761842677096915
115,S115,7,0,0,0,1,0,0,0,0,0.27273499214005126,0.0
116,S116,7,0,0,0,2,0,0,0,0,0.3380131678753182,0.7377308707124011
117,S117,5,0,0,0,0,0,0,0,0,-1.6914681307579982,0.0
118,S118,7,0,0,0,0,0,0,0,0,0.005735690586232202,0.0
121,S121,7,0,0,0,1,0,0,0,0,-0.14401567868784074,0.0
122,S122,9,0,0,0,0,0,0,0,0,-0.24627605493024204,0.3149452269170579
123,S123,5,0,0,0,0,0,0,0,0,0.16851361819431504,1.287307652587008
124,S124,4,1,0,0,1,0,0,0,0,0.3345865441980766,0.0
201,S201,2,0,0,0,1,0,0,0,0,0.7583240986655007,0.11562405560592325
202,S201,5,1,0,0,0,1,2,0,0,0.0415454038464416,0.19495944380069521
203,S203,1,0,0,0,0,0,0,0,0,0.563361048395394,0.626457666648587
205,S205,9,1,0,0,2,0,0,0,0,-0.28415886202193186,0.0
207,S207,3,0,0,0,0,0,0,0,0,0.6258657298611147,0.0
209,S209,5,0,0,0,2,0,0,0,0,0.969807634101839,0.6396405391912132
210,S210,6,0,0,0,1,0,0,0,0,0.392919732185468,0.1740789248903821
212,S212,10,0,0,0,2,0,0,0,0,0.9901356656268134,0.11411822178798242
213,S213,2,0,0,0,1,0,1,0,0,0.5125151538228585,1.7025345243964223
214,S214,0,1,0,0,0,0,0,1,0,1.4497737660796042,2.243257315422264
215,S215,13,0,0,0,0,0,0,0,0,0.17447950671210397,0.0
219,S219,8,0,0,0,1,0,1,0,0,-0.039927163312058644,0.4714600550964187
220,S220,7,0,0,0,0,0,0,0,0,0.2518174981459191,0.12762653023935683
221,S221,1,0,0,0,0,0,0,0,0,0.8658564569554404,0.0
222,S222,2,0,0,0,0,0,0,0,0,0.36318286309900083,0.5107821025253331
223,S223,2,1,0,0,0,0,0,0,0,-1.1566521176102695,0.8771476898424286
228,S228,1,0,0,0,1,0,0,0,0,3.8138043566914184,0.0
230,S230,8,0,0,0,0,0,1,0,0,-0.7306586517742069,0.2531805425631431
231,S231,6,0,0,0,0,0,0,0,0,-1.7568982572932739,0.0
234,S234,9,1,0,0,0,0,0,0,0,-0.2460952485599494,0.0
