tol_ms,record,subject,window,n_extra_detections,n_missed_beats,n_excluded_symbol_beats,extra_at_start_beat,retained,retained_all_annotations
150,100,S100,0,0,0,0,False,True,True
150,100,S100,1,0,0,0,False,True,True
150,100,S100,2,0,0,0,False,True,True
150,100,S100,3,0,0,0,False,True,True
150,100,S100,4,0,0,0,False,True,True
150,100,S100,5,0,0,0,False,True,True
150,100,S100,6,0,0,0,False,True,True
150,100,S100,7,0,0,0,False,True,True
75,100,S100,0,0,0,0,False,True,True
75,100,S100,1,0,0,0,False,True,True
75,100,S100,2,0,0,0,False,True,True
75,100,S100,3,0,0,0,False,True,True
75,100,S100,4,0,0,0,False,True,True
75,100,S100,5,0,0,0,False,True,True
75,100,S100,6,0,0,0,False,True,True
75,100,S100,7,0,0,0,False,True,True
150,101,S101,0,2,1,0,False,False,False
150,101,S101,1,2,0,0,False,False,False
150,101,S101,2,0,0,0,False,True,True
150,101,S101,3,0,0,0,False,True,True
150,101,S101,4,0,0,0,False,True,True
150,101,S101,5,0,0,0,False,True,True
150,101,S101,6,0,0,0,False,True,True
75,101,S101,0,2,1,0,False,False,False
75,101,S101,1,3,1,0,False,False,False
75,101,S101,2,0,0,0,False,True,True
75,101,S101,3,0,0,0,False,True,True
75,101,S101,4,0,0,0,False,True,True
75,101,S101,5,0,0,0,False,True,True
75,101,S101,6,0,0,0,False,True,True
150,102,S102,0,0,0,139,False,False,False
150,102,S102,1,0,0,244,False,False,False
150,102,S102,2,0,0,255,False,False,False
150,102,S102,3,0,0,256,False,False,False
150,102,S102,4,0,0,256,False,False,False
150,102,S102,5,0,0,256,False,False,False
150,102,S102,6,0,0,255,False,False,False
150,102,S102,7,0,0,248,False,False,False
75,102,S102,0,1,1,138,False,False,False
75,102,S102,1,0,0,244,False,False,False
75,102,S102,2,1,1,254,False,False,False
75,102,S102,3,2,2,254,False,False,False
75,102,S102,4,3,3,253,False,False,False
75,102,S102,5,3,3,253,False,False,False
75,102,S102,6,3,3,252,False,False,False
75,102,S102,7,2,2,246,False,False,False
150,103,S103,0,0,0,0,False,True,True
150,103,S103,1,0,0,0,False,True,True
150,103,S103,2,0,0,0,False,True,True
150,103,S103,3,0,0,0,False,True,True
150,103,S103,4,0,1,0,False,True,True
150,103,S103,5,0,0,0,False,True,True
150,103,S103,6,0,0,0,False,True,True
150,103,S103,7,0,0,0,False,True,True
75,103,S103,0,0,0,0,False,True,True
75,103,S103,1,0,0,0,False,True,True
75,103,S103,2,0,0,0,False,True,True
75,103,S103,3,0,0,0,False,True,True
75,103,S103,4,0,1,0,False,True,True
75,103,S103,5,0,0,0,False,True,True
75,103,S103,6,0,0,0,False,True,True
75,103,S103,7,0,0,0,False,True,True
150,104,S104,0,2,2,158,True,False,False
150,104,S104,1,2,1,84,False,False,False
150,104,S104,2,0,0,140,False,False,False
150,104,S104,3,0,0,168,False,False,False
150,104,S104,4,0,0,173,False,False,False
150,104,S104,5,0,0,175,False,False,False
150,104,S104,6,0,0,180,False,False,False
150,104,S104,7,0,0,175,False,False,False
75,104,S104,0,23,23,138,True,False,False
75,104,S104,1,8,7,81,False,False,False
75,104,S104,2,3,3,139,False,False,False
75,104,S104,3,2,2,167,False,False,False
75,104,S104,4,4,4,171,False,False,False
75,104,S104,5,2,2,175,False,False,False
75,104,S104,6,1,1,179,False,False,False
75,104,S104,7,2,2,173,False,False,False
150,105,S105,0,0,0,0,False,True,True
150,105,S105,1,0,0,0,False,True,True
150,105,S105,2,0,0,0,False,True,True
150,105,S105,3,1,0,0,False,False,False
150,105,S105,4,2,4,0,False,False,False
150,105,S105,5,3,0,0,False,False,False
150,105,S105,6,24,2,0,False,False,False
150,105,S105,7,27,7,0,False,False,False
150,105,S105,8,0,0,0,False,True,True
150,105,S105,9,9,1,0,False,False,False
75,105,S105,0,0,0,0,False,True,True
75,105,S105,1,0,0,0,False,True,True
75,105,S105,2,0,0,0,False,True,True
75,105,S105,3,1,0,0,False,False,False
75,105,S105,4,2,4,0,False,False,False
75,105,S105,5,3,0,0,False,False,False
75,105,S105,6,30,8,0,False,False,False
75,105,S105,7,33,13,0,False,False,False
75,105,S105,8,0,0,0,False,True,True
75,105,S105,9,9,1,0,False,False,False
150,106,S106,0,0,0,0,False,True,True
150,106,S106,1,0,0,0,False,True,True
150,106,S106,2,0,0,0,False,True,True
150,106,S106,3,0,1,0,False,True,True
150,106,S106,4,0,0,0,False,True,True
150,106,S106,5,0,1,0,False,True,True
150,106,S106,6,0,0,0,False,True,True
75,106,S106,0,1,1,0,False,False,False
75,106,S106,1,0,0,0,False,True,True
75,106,S106,2,0,0,0,False,True,True
75,106,S106,3,4,5,0,False,False,False
75,106,S106,4,6,6,0,False,False,False
75,106,S106,5,3,4,0,True,False,False
75,106,S106,6,5,5,0,False,False,False
150,107,S107,0,0,0,255,False,False,False
150,107,S107,1,0,0,255,False,False,False
150,107,S107,2,0,0,253,False,False,False
150,107,S107,3,0,1,252,False,False,False
150,107,S107,4,0,2,246,False,False,False
150,107,S107,5,0,0,245,False,False,False
150,107,S107,6,0,0,245,False,False,False
150,107,S107,7,0,2,249,False,False,False
75,107,S107,0,47,47,208,True,False,False
75,107,S107,1,45,45,210,False,False,False
75,107,S107,2,69,69,185,False,False,False
75,107,S107,3,19,20,233,False,False,False
75,107,S107,4,24,26,223,False,False,False
75,107,S107,5,87,87,160,False,False,False
75,107,S107,6,75,75,172,False,False,False
75,107,S107,7,70,72,180,True,False,False
150,108,S108,0,119,8,0,False,False,False
150,108,S108,1,3,1,0,False,False,False
150,108,S108,2,0,0,0,False,True,True
150,108,S108,3,0,1,0,False,True,True
150,108,S108,4,35,9,0,False,False,False
150,108,S108,5,24,8,0,False,False,False
150,108,S108,6,16,3,0,False,False,False
75,108,S108,0,119,8,0,False,False,False
75,108,S108,1,3,1,0,False,False,False
75,108,S108,2,0,0,0,False,True,True
75,108,S108,3,1,2,0,False,False,False
75,108,S108,4,35,9,0,False,False,False
75,108,S108,5,25,9,0,False,False,False
75,108,S108,6,16,3,0,False,False,False
150,109,S109,0,0,0,0,False,True,True
150,109,S109,1,0,1,0,False,True,True
150,109,S109,2,0,0,0,False,True,True
150,109,S109,3,0,1,0,False,True,True
150,109,S109,4,0,0,0,False,True,True
150,109,S109,5,0,0,0,False,True,True
150,109,S109,6,0,2,0,False,True,True
150,109,S109,7,0,0,0,False,True,True
150,109,S109,8,0,0,0,False,True,True
75,109,S109,0,0,0,0,False,True,True
75,109,S109,1,0,1,0,False,True,True
75,109,S109,2,0,0,0,False,True,True
75,109,S109,3,0,1,0,False,True,True
75,109,S109,4,1,1,0,False,False,False
75,109,S109,5,0,0,0,False,True,True
75,109,S109,6,0,2,0,False,True,True
75,109,S109,7,0,0,0,False,True,True
75,109,S109,8,0,0,0,False,True,True
150,111,S111,0,0,0,0,False,True,True
150,111,S111,1,0,0,0,False,True,True
150,111,S111,2,1,0,0,False,False,False
150,111,S111,3,0,0,0,False,True,True
150,111,S111,4,0,0,0,False,True,True
150,111,S111,5,0,1,0,False,True,True
150,111,S111,6,2,0,0,False,False,False
150,111,S111,7,0,0,0,False,True,True
75,111,S111,0,0,0,0,False,True,True
75,111,S111,1,0,0,0,False,True,True
75,111,S111,2,1,0,0,False,False,False
75,111,S111,3,1,1,0,False,False,False
75,111,S111,4,0,0,0,False,True,True
75,111,S111,5,0,1,0,False,True,True
75,111,S111,6,2,0,0,False,False,False
75,111,S111,7,0,0,0,False,True,True
150,112,S112,0,0,0,0,False,True,True
150,112,S112,1,0,0,0,False,True,True
150,112,S112,2,0,0,0,False,True,True
150,112,S112,3,0,0,0,False,True,True
150,112,S112,4,0,0,0,False,True,True
150,112,S112,5,0,0,0,False,True,True
150,112,S112,6,0,0,0,False,True,True
150,112,S112,7,0,0,0,False,True,True
150,112,S112,8,0,0,0,False,True,True
75,112,S112,0,0,0,0,False,True,True
75,112,S112,1,0,0,0,False,True,True
75,112,S112,2,0,0,0,False,True,True
75,112,S112,3,0,0,0,False,True,True
75,112,S112,4,0,0,0,False,True,True
75,112,S112,5,0,0,0,False,True,True
75,112,S112,6,0,0,0,False,True,True
75,112,S112,7,0,0,0,False,True,True
75,112,S112,8,0,0,0,False,True,True
150,113,S113,0,0,0,0,False,True,True
150,113,S113,1,0,0,0,False,True,True
150,113,S113,2,0,0,0,False,True,True
150,113,S113,3,0,0,0,False,True,True
150,113,S113,4,0,0,0,False,True,True
150,113,S113,5,0,0,0,False,True,True
150,113,S113,6,0,0,0,False,True,True
75,113,S113,0,0,0,0,False,True,True
75,113,S113,1,0,0,0,False,True,True
75,113,S113,2,0,0,0,False,True,True
75,113,S113,3,0,0,0,False,True,True
75,113,S113,4,0,0,0,False,True,True
75,113,S113,5,0,0,0,False,True,True
75,113,S113,6,0,0,0,False,True,True
150,114,S114,0,1,0,0,True,False,False
150,114,S114,1,0,9,0,False,True,True
150,114,S114,2,8,8,0,False,False,False
150,114,S114,3,14,10,0,False,False,False
150,114,S114,4,16,0,0,True,False,False
150,114,S114,5,8,1,0,False,False,False
150,114,S114,6,8,0,0,False,False,False
75,114,S114,0,1,0,0,True,False,False
75,114,S114,1,0,9,0,False,True,True
75,114,S114,2,8,8,0,False,False,False
75,114,S114,3,14,10,0,False,False,False
75,114,S114,4,17,1,0,True,False,False
75,114,S114,5,8,1,0,False,False,False
75,114,S114,6,8,0,0,False,False,False
150,115,S115,0,0,0,0,False,True,True
150,115,S115,1,0,0,0,False,True,True
150,115,S115,2,0,0,0,False,True,True
150,115,S115,3,0,0,0,False,True,True
150,115,S115,4,0,0,0,False,True,True
150,115,S115,5,0,0,0,False,True,True
150,115,S115,6,0,0,0,False,True,True
75,115,S115,0,0,0,0,False,True,True
75,115,S115,1,0,0,0,False,True,True
75,115,S115,2,0,0,0,False,True,True
75,115,S115,3,0,0,0,False,True,True
75,115,S115,4,0,0,0,False,True,True
75,115,S115,5,0,0,0,False,True,True
75,115,S115,6,0,0,0,False,True,True
150,116,S116,0,0,0,0,True,True,True
150,116,S116,1,0,0,0,False,True,True
150,116,S116,2,0,0,0,False,True,True
150,116,S116,3,0,0,0,False,True,True
150,116,S116,4,0,0,0,False,True,True
150,116,S116,5,1,2,0,False,False,False
150,116,S116,6,0,12,0,False,True,True
150,116,S116,7,1,11,0,False,False,False
150,116,S116,8,0,0,0,False,True,True
75,116,S116,0,0,0,0,True,True,True
75,116,S116,1,1,1,0,False,False,False
75,116,S116,2,0,0,0,False,True,True
75,116,S116,3,0,0,0,False,True,True
75,116,S116,4,0,0,0,False,True,True
75,116,S116,5,1,2,0,False,False,False
75,116,S116,6,0,12,0,False,True,True
75,116,S116,7,3,13,0,False,False,False
75,116,S116,8,0,0,0,False,True,True
150,117,S117,0,0,0,0,False,True,True
150,117,S117,1,0,0,0,False,True,True
150,117,S117,2,0,0,0,False,True,True
150,117,S117,3,0,0,0,False,True,True
150,117,S117,4,0,0,0,False,True,True
75,117,S117,0,0,0,0,False,True,True
75,117,S117,1,0,0,0,False,True,True
75,117,S117,2,0,0,0,False,True,True
75,117,S117,3,0,0,0,False,True,True
75,117,S117,4,0,0,0,False,True,True
150,118,S118,0,0,0,0,False,True,True
150,118,S118,1,0,0,0,False,True,True
150,118,S118,2,0,0,0,False,True,True
150,118,S118,3,1,0,0,False,False,False
150,118,S118,4,0,0,0,False,True,True
150,118,S118,5,0,0,0,False,True,True
150,118,S118,6,0,0,0,False,True,True
150,118,S118,7,0,0,0,False,True,True
75,118,S118,0,0,0,0,False,True,True
75,118,S118,1,0,0,0,False,True,True
75,118,S118,2,0,0,0,False,True,True
75,118,S118,3,1,0,0,False,False,False
75,118,S118,4,0,0,0,False,True,True
75,118,S118,5,0,0,0,False,True,True
75,118,S118,6,0,0,0,False,True,True
75,118,S118,7,0,0,0,False,True,True
150,119,S119,0,0,0,0,False,True,True
150,119,S119,1,0,0,0,False,True,True
150,119,S119,2,0,0,0,False,True,True
150,119,S119,3,0,0,0,False,True,True
150,119,S119,4,0,0,0,False,True,True
150,119,S119,5,0,0,0,False,True,True
150,119,S119,6,0,0,0,False,True,True
75,119,S119,0,23,23,0,False,False,False
75,119,S119,1,29,29,0,False,False,False
75,119,S119,2,21,21,0,False,False,False
75,119,S119,3,20,20,0,False,False,False
75,119,S119,4,23,23,0,False,False,False
75,119,S119,5,28,28,0,False,False,False
75,119,S119,6,30,30,0,True,False,False
150,121,S121,0,0,0,0,False,True,True
150,121,S121,1,0,0,0,False,True,True
150,121,S121,2,0,0,0,False,True,True
150,121,S121,3,0,0,0,False,True,True
150,121,S121,4,0,0,0,False,True,True
150,121,S121,5,0,0,0,False,True,True
150,121,S121,6,0,2,0,False,True,True
75,121,S121,0,0,0,0,False,True,True
75,121,S121,1,0,0,0,False,True,True
75,121,S121,2,0,0,0,False,True,True
75,121,S121,3,0,0,0,False,True,True
75,121,S121,4,0,0,0,False,True,True
75,121,S121,5,0,0,0,False,True,True
75,121,S121,6,0,2,0,False,True,True
150,122,S122,0,0,0,0,False,True,True
150,122,S122,1,0,0,0,False,True,True
150,122,S122,2,0,0,0,False,True,True
150,122,S122,3,0,0,0,False,True,True
150,122,S122,4,0,0,0,False,True,True
150,122,S122,5,0,0,0,False,True,True
150,122,S122,6,0,0,0,False,True,True
150,122,S122,7,0,0,0,False,True,True
150,122,S122,8,0,0,0,False,True,True
75,122,S122,0,0,0,0,False,True,True
75,122,S122,1,0,0,0,False,True,True
75,122,S122,2,0,0,0,False,True,True
75,122,S122,3,0,0,0,False,True,True
75,122,S122,4,0,0,0,False,True,True
75,122,S122,5,0,0,0,False,True,True
75,122,S122,6,0,0,0,False,True,True
75,122,S122,7,0,0,0,False,True,True
75,122,S122,8,0,0,0,False,True,True
150,123,S123,0,0,0,0,False,True,True
150,123,S123,1,0,0,0,False,True,True
150,123,S123,2,0,0,0,False,True,True
150,123,S123,3,0,0,0,False,True,True
150,123,S123,4,0,0,0,False,True,True
75,123,S123,0,0,0,0,False,True,True
75,123,S123,1,0,0,0,False,True,True
75,123,S123,2,0,0,0,False,True,True
75,123,S123,3,0,0,0,False,True,True
75,123,S123,4,0,0,0,False,True,True
150,124,S124,0,0,0,0,False,True,True
150,124,S124,1,0,0,0,False,True,True
150,124,S124,2,0,0,0,False,True,True
150,124,S124,3,2,2,0,False,False,False
150,124,S124,4,0,0,0,False,True,True
150,124,S124,5,0,0,0,False,True,True
75,124,S124,0,2,2,0,False,False,False
75,124,S124,1,16,16,0,True,False,False
75,124,S124,2,2,2,0,False,False,False
75,124,S124,3,3,3,0,False,False,False
75,124,S124,4,1,1,0,False,False,False
75,124,S124,5,1,1,0,False,False,False
150,200,S200,0,0,0,0,False,True,True
150,200,S200,1,1,0,0,False,False,False
150,200,S200,2,0,0,0,False,True,True
150,200,S200,3,1,0,0,False,False,False
150,200,S200,4,0,0,0,False,True,True
150,200,S200,5,0,0,0,False,True,True
150,200,S200,6,0,2,0,False,True,True
150,200,S200,7,0,0,0,False,True,True
150,200,S200,8,0,0,0,False,True,True
150,200,S200,9,0,1,0,False,True,True
75,200,S200,0,4,4,0,False,False,False
75,200,S200,1,1,0,0,False,False,False
75,200,S200,2,0,0,0,False,True,True
75,200,S200,3,2,1,0,False,False,False
75,200,S200,4,0,0,0,False,True,True
75,200,S200,5,0,0,0,False,True,True
75,200,S200,6,1,3,0,False,False,False
75,200,S200,7,0,0,0,False,True,True
75,200,S200,8,1,1,0,False,False,False
75,200,S200,9,0,1,0,False,True,True
150,201,S201,0,0,0,0,False,True,True
150,201,S201,1,0,0,0,False,True,True
150,201,S201,2,0,3,0,False,True,True
150,201,S201,3,0,0,0,False,True,True
150,201,S201,4,0,2,0,False,True,True
150,201,S201,5,0,1,0,False,True,True
150,201,S201,6,0,1,0,False,True,True
75,201,S201,0,0,0,0,False,True,True
75,201,S201,1,0,0,0,False,True,True
75,201,S201,2,0,3,0,False,True,True
75,201,S201,3,0,0,0,False,True,True
75,201,S201,4,1,3,0,False,False,False
75,201,S201,5,0,1,0,False,True,True
75,201,S201,6,1,2,0,False,False,False
150,202,S201,0,0,0,0,False,True,True
150,202,S201,1,1,0,0,False,False,False
150,202,S201,2,4,1,0,False,False,False
150,202,S201,3,0,0,0,False,True,True
150,202,S201,4,0,0,0,False,True,True
150,202,S201,5,0,0,0,False,True,True
150,202,S201,6,0,0,0,False,True,True
150,202,S201,7,0,0,0,False,True,True
75,202,S201,0,0,0,0,False,True,True
75,202,S201,1,1,0,0,False,False,False
75,202,S201,2,4,1,0,False,False,False
75,202,S201,3,0,0,0,False,True,True
75,202,S201,4,0,0,0,False,True,True
75,202,S201,5,2,2,0,False,False,False
75,202,S201,6,0,0,0,False,True,True
75,202,S201,7,0,0,0,False,True,True
150,203,S203,0,1,6,0,False,False,False
150,203,S203,1,5,1,0,False,False,False
150,203,S203,2,1,2,0,False,False,False
150,203,S203,3,2,9,0,False,False,False
150,203,S203,4,2,3,0,False,False,False
150,203,S203,5,2,2,0,True,False,False
150,203,S203,6,7,1,0,False,False,False
150,203,S203,7,3,3,0,False,False,False
150,203,S203,8,0,0,0,False,True,True
150,203,S203,9,5,6,0,False,False,False
150,203,S203,10,0,7,0,False,True,True
75,203,S203,0,2,7,0,False,False,False
75,203,S203,1,7,3,0,False,False,False
75,203,S203,2,3,4,0,False,False,False
75,203,S203,3,5,12,0,False,False,False
75,203,S203,4,4,5,0,False,False,False
75,203,S203,5,3,3,0,True,False,False
75,203,S203,6,8,2,0,False,False,False
75,203,S203,7,10,10,0,False,False,False
75,203,S203,8,5,5,0,False,False,False
75,203,S203,9,5,6,0,False,False,False
75,203,S203,10,2,9,0,False,False,False
150,205,S205,0,0,0,0,False,True,True
150,205,S205,1,0,1,0,False,True,True
150,205,S205,2,0,2,0,False,True,True
150,205,S205,3,0,0,0,False,True,True
150,205,S205,4,0,0,0,False,True,True
150,205,S205,5,0,1,0,False,True,True
150,205,S205,6,0,0,0,False,True,True
150,205,S205,7,0,0,0,False,True,True
150,205,S205,8,0,1,0,False,True,True
150,205,S205,9,0,0,0,False,True,True
75,205,S205,0,0,0,0,False,True,True
75,205,S205,1,1,2,0,False,False,False
75,205,S205,2,0,2,0,False,True,True
75,205,S205,3,0,0,0,False,True,True
75,205,S205,4,0,0,0,False,True,True
75,205,S205,5,0,1,0,False,True,True
75,205,S205,6,0,0,0,False,True,True
75,205,S205,7,0,0,0,False,True,True
75,205,S205,8,3,4,0,False,False,False
75,205,S205,9,0,0,0,False,True,True
150,207,S207,0,41,1,0,False,False,False
150,207,S207,1,82,0,0,False,False,False
150,207,S207,2,3,0,0,False,False,False
150,207,S207,3,0,0,0,False,True,True
150,207,S207,4,0,0,0,False,True,True
150,207,S207,5,0,0,0,False,True,True
150,207,S207,6,24,0,0,False,False,False
150,207,S207,7,256,0,0,True,False,False
75,207,S207,0,82,42,0,False,False,False
75,207,S207,1,87,5,0,False,False,False
75,207,S207,2,3,0,0,False,False,False
75,207,S207,3,0,0,0,False,True,True
75,207,S207,4,0,0,0,False,True,True
75,207,S207,5,0,0,0,False,True,True
75,207,S207,6,27,3,0,False,False,False
75,207,S207,7,256,0,0,True,False,False
150,208,S208,0,0,0,0,False,True,True
150,208,S208,1,0,2,0,False,True,True
150,208,S208,2,1,4,0,False,False,False
150,208,S208,3,0,0,0,False,True,True
150,208,S208,4,0,0,0,False,True,True
150,208,S208,5,2,0,0,False,False,False
150,208,S208,6,0,0,0,False,True,True
150,208,S208,7,4,3,0,False,False,False
150,208,S208,8,2,8,0,False,False,False
150,208,S208,9,1,0,0,False,False,False
150,208,S208,10,0,0,0,False,True,True
75,208,S208,0,82,82,0,False,False,False
75,208,S208,1,76,78,0,False,False,False
75,208,S208,2,66,69,0,False,False,False
75,208,S208,3,127,127,0,False,False,False
75,208,S208,4,88,88,0,False,False,False
75,208,S208,5,87,85,0,True,False,False
75,208,S208,6,106,106,0,True,False,False
75,208,S208,7,48,47,0,False,False,False
75,208,S208,8,52,58,0,False,False,False
75,208,S208,9,54,53,0,False,False,False
75,208,S208,10,94,94,0,False,False,False
150,209,S209,0,0,0,0,False,True,True
150,209,S209,1,1,0,0,False,False,False
150,209,S209,2,0,0,0,False,True,True
150,209,S209,3,0,0,0,False,True,True
150,209,S209,4,0,0,0,False,True,True
150,209,S209,5,3,0,0,False,False,False
150,209,S209,6,0,0,0,False,True,True
150,209,S209,7,0,0,0,False,True,True
150,209,S209,8,0,0,0,False,True,True
150,209,S209,9,0,0,0,False,True,True
150,209,S209,10,1,0,0,False,False,False
75,209,S209,0,0,0,0,False,True,True
75,209,S209,1,1,0,0,False,False,False
75,209,S209,2,0,0,0,False,True,True
75,209,S209,3,0,0,0,False,True,True
75,209,S209,4,0,0,0,False,True,True
75,209,S209,5,3,0,0,False,False,False
75,209,S209,6,0,0,0,False,True,True
75,209,S209,7,0,0,0,False,True,True
75,209,S209,8,0,0,0,False,True,True
75,209,S209,9,0,0,0,False,True,True
75,209,S209,10,1,0,0,False,False,False
150,210,S210,0,0,1,0,False,True,True
150,210,S210,1,3,1,0,False,False,False
150,210,S210,2,0,1,0,False,True,True
150,210,S210,3,0,1,0,False,True,True
150,210,S210,4,1,0,0,False,False,False
150,210,S210,5,2,2,0,False,False,False
150,210,S210,6,0,2,0,False,True,True
150,210,S210,7,0,1,0,False,True,True
150,210,S210,8,0,0,0,False,True,True
150,210,S210,9,0,2,0,False,True,True
75,210,S210,0,0,1,0,False,True,True
75,210,S210,1,3,1,0,False,False,False
75,210,S210,2,0,1,0,False,True,True
75,210,S210,3,0,1,0,False,True,True
75,210,S210,4,2,1,0,False,False,False
75,210,S210,5,2,2,0,False,False,False
75,210,S210,6,1,3,0,False,False,False
75,210,S210,7,0,1,0,False,True,True
75,210,S210,8,0,0,0,False,True,True
75,210,S210,9,1,3,0,False,False,False
150,212,S212,0,0,0,0,False,True,True
150,212,S212,1,0,0,0,False,True,True
150,212,S212,2,0,0,0,False,True,True
150,212,S212,3,0,0,0,False,True,True
150,212,S212,4,0,0,0,False,True,True
150,212,S212,5,0,0,0,False,True,True
150,212,S212,6,0,0,0,False,True,True
150,212,S212,7,0,0,0,False,True,True
150,212,S212,8,0,0,0,False,True,True
150,212,S212,9,0,0,0,False,True,True
75,212,S212,0,0,0,0,False,True,True
75,212,S212,1,0,0,0,False,True,True
75,212,S212,2,0,0,0,False,True,True
75,212,S212,3,0,0,0,False,True,True
75,212,S212,4,0,0,0,False,True,True
75,212,S212,5,0,0,0,False,True,True
75,212,S212,6,0,0,0,False,True,True
75,212,S212,7,0,0,0,False,True,True
75,212,S212,8,0,0,0,False,True,True
75,212,S212,9,0,0,0,False,True,True
150,213,S213,0,0,0,0,False,True,True
150,213,S213,1,0,0,0,False,True,True
150,213,S213,2,0,0,0,False,True,True
150,213,S213,3,0,0,0,False,True,True
150,213,S213,4,0,0,0,False,True,True
150,213,S213,5,0,0,0,False,True,True
150,213,S213,6,0,1,0,False,True,True
150,213,S213,7,0,0,0,False,True,True
150,213,S213,8,0,0,0,False,True,True
150,213,S213,9,0,1,0,False,True,True
150,213,S213,10,0,0,0,False,True,True
150,213,S213,11,0,0,0,False,True,True
75,213,S213,0,1,1,0,False,False,False
75,213,S213,1,1,1,0,False,False,False
75,213,S213,2,5,5,0,False,False,False
75,213,S213,3,5,5,0,False,False,False
75,213,S213,4,5,5,0,False,False,False
75,213,S213,5,4,4,0,False,False,False
75,213,S213,6,2,3,0,False,False,False
75,213,S213,7,7,7,0,False,False,False
75,213,S213,8,2,2,0,False,False,False
75,213,S213,9,6,7,0,False,False,False
75,213,S213,10,2,2,0,False,False,False
75,213,S213,11,9,9,0,False,False,False
150,214,S214,0,0,0,0,False,True,True
150,214,S214,1,0,3,0,False,True,True
150,214,S214,2,0,0,0,False,True,True
150,214,S214,3,0,0,0,False,True,True
150,214,S214,4,0,0,0,False,True,True
150,214,S214,5,0,0,0,False,True,True
150,214,S214,6,0,0,0,False,True,True
150,214,S214,7,0,0,0,False,True,True
75,214,S214,0,0,0,0,False,True,True
75,214,S214,1,1,4,0,False,False,False
75,214,S214,2,1,1,0,False,False,False
75,214,S214,3,0,0,0,False,True,True
75,214,S214,4,0,0,0,False,True,True
75,214,S214,5,2,2,0,False,False,False
75,214,S214,6,1,1,0,False,False,False
75,214,S214,7,1,1,0,False,False,False
150,215,S215,0,0,0,0,False,True,True
150,215,S215,1,0,0,0,False,True,True
150,215,S215,2,0,0,0,False,True,True
150,215,S215,3,0,0,0,False,True,True
150,215,S215,4,0,0,0,False,True,True
150,215,S215,5,0,0,0,False,True,True
150,215,S215,6,0,0,0,False,True,True
150,215,S215,7,0,0,0,False,True,True
150,215,S215,8,0,0,0,False,True,True
150,215,S215,9,0,0,0,False,True,True
150,215,S215,10,0,0,0,False,True,True
150,215,S215,11,0,0,0,False,True,True
150,215,S215,12,0,1,0,False,True,True
75,215,S215,0,0,0,0,False,True,True
75,215,S215,1,1,1,0,False,False,False
75,215,S215,2,0,0,0,False,True,True
75,215,S215,3,0,0,0,False,True,True
75,215,S215,4,0,0,0,False,True,True
75,215,S215,5,0,0,0,False,True,True
75,215,S215,6,0,0,0,False,True,True
75,215,S215,7,0,0,0,False,True,True
75,215,S215,8,0,0,0,False,True,True
75,215,S215,9,0,0,0,False,True,True
75,215,S215,10,0,0,0,False,True,True
75,215,S215,11,0,0,0,False,True,True
75,215,S215,12,0,1,0,False,True,True
150,217,S217,0,0,0,218,False,False,False
150,217,S217,1,0,1,207,False,False,False
150,217,S217,2,0,0,191,False,False,False
150,217,S217,3,0,0,158,False,False,False
150,217,S217,4,1,3,40,False,False,False
150,217,S217,5,0,0,162,False,False,False
150,217,S217,6,0,0,182,False,False,False
150,217,S217,7,0,0,226,False,False,False
75,217,S217,0,0,0,218,False,False,False
75,217,S217,1,0,1,207,False,False,False
75,217,S217,2,2,2,191,False,False,False
75,217,S217,3,2,2,158,False,False,False
75,217,S217,4,5,7,40,False,False,False
75,217,S217,5,3,3,162,False,False,False
75,217,S217,6,0,0,182,False,False,False
75,217,S217,7,0,0,226,False,False,False
150,219,S219,0,0,0,0,False,True,True
150,219,S219,1,0,0,0,False,True,True
150,219,S219,2,0,0,0,False,True,True
150,219,S219,3,0,0,0,False,True,True
150,219,S219,4,0,0,0,False,True,True
150,219,S219,5,0,0,0,False,True,True
150,219,S219,6,0,0,0,False,True,True
150,219,S219,7,0,0,0,False,True,True
75,219,S219,0,0,0,0,False,True,True
75,219,S219,1,4,4,0,False,False,False
75,219,S219,2,3,3,0,False,False,False
75,219,S219,3,2,2,0,False,False,False
75,219,S219,4,1,1,0,False,False,False
75,219,S219,5,0,0,0,False,True,True
75,219,S219,6,1,1,0,False,False,False
75,219,S219,7,1,1,0,False,False,False
150,220,S220,0,0,0,0,False,True,True
150,220,S220,1,0,0,0,False,True,True
150,220,S220,2,0,0,0,False,True,True
150,220,S220,3,0,0,0,False,True,True
150,220,S220,4,0,0,0,False,True,True
150,220,S220,5,0,0,0,False,True,True
150,220,S220,6,0,0,0,False,True,True
75,220,S220,0,0,0,0,False,True,True
75,220,S220,1,0,0,0,False,True,True
75,220,S220,2,0,0,0,False,True,True
75,220,S220,3,0,0,0,False,True,True
75,220,S220,4,0,0,0,False,True,True
75,220,S220,5,0,0,0,False,True,True
75,220,S220,6,0,0,0,False,True,True
150,221,S221,0,0,0,0,False,True,True
150,221,S221,1,0,0,0,False,True,True
150,221,S221,2,0,0,0,False,True,True
150,221,S221,3,0,1,0,False,True,True
150,221,S221,4,0,0,0,False,True,True
150,221,S221,5,0,0,0,False,True,True
150,221,S221,6,0,0,0,False,True,True
150,221,S221,7,0,0,0,False,True,True
150,221,S221,8,0,0,0,False,True,True
75,221,S221,0,1,1,0,False,False,False
75,221,S221,1,5,5,0,False,False,False
75,221,S221,2,4,4,0,False,False,False
75,221,S221,3,19,20,0,False,False,False
75,221,S221,4,7,7,0,False,False,False
75,221,S221,5,11,11,0,False,False,False
75,221,S221,6,11,11,0,False,False,False
75,221,S221,7,1,1,0,False,False,False
75,221,S221,8,3,3,0,False,False,False
150,222,S222,0,0,0,0,False,True,True
150,222,S222,1,0,0,0,False,True,True
150,222,S222,2,5,0,0,False,False,False
150,222,S222,3,5,1,0,False,False,False
150,222,S222,4,6,1,0,False,False,False
150,222,S222,5,3,0,0,False,False,False
150,222,S222,6,6,2,0,False,False,False
150,222,S222,7,9,1,0,False,False,False
150,222,S222,8,5,0,0,False,False,False
75,222,S222,0,0,0,0,False,True,True
75,222,S222,1,0,0,0,False,True,True
75,222,S222,2,5,0,0,False,False,False
75,222,S222,3,5,1,0,False,False,False
75,222,S222,4,6,1,0,False,False,False
75,222,S222,5,3,0,0,False,False,False
75,222,S222,6,6,2,0,False,False,False
75,222,S222,7,9,1,0,False,False,False
75,222,S222,8,5,0,0,False,False,False
150,223,S223,0,0,0,0,False,True,True
150,223,S223,1,0,0,0,False,True,True
150,223,S223,2,0,0,0,False,True,True
150,223,S223,3,0,0,0,False,True,True
150,223,S223,4,0,0,0,False,True,True
150,223,S223,5,0,0,0,False,True,True
150,223,S223,6,0,0,0,False,True,True
150,223,S223,7,0,0,0,False,True,True
150,223,S223,8,0,1,0,False,True,True
150,223,S223,9,0,0,0,False,True,True
75,223,S223,0,2,2,0,False,False,False
75,223,S223,1,0,0,0,False,True,True
75,223,S223,2,0,0,0,False,True,True
75,223,S223,3,0,0,0,False,True,True
75,223,S223,4,0,0,0,False,True,True
75,223,S223,5,0,0,0,False,True,True
75,223,S223,6,0,0,0,False,True,True
75,223,S223,7,0,0,0,False,True,True
75,223,S223,8,0,1,0,False,True,True
75,223,S223,9,0,0,0,False,True,True
150,228,S228,0,2,38,0,False,False,False
150,228,S228,1,7,48,0,False,False,False
150,228,S228,2,0,36,0,False,True,True
150,228,S228,3,0,0,0,False,True,True
150,228,S228,4,0,1,0,False,True,True
150,228,S228,5,2,0,0,False,False,False
150,228,S228,6,2,1,0,False,False,False
75,228,S228,0,3,39,0,False,False,False
75,228,S228,1,8,49,0,False,False,False
75,228,S228,2,0,36,0,True,True,True
75,228,S228,3,0,0,0,False,True,True
75,228,S228,4,1,2,0,False,False,False
75,228,S228,5,3,1,0,False,False,False
75,228,S228,6,2,1,0,False,False,False
150,230,S230,0,0,0,0,False,True,True
150,230,S230,1,0,0,0,False,True,True
150,230,S230,2,0,0,0,False,True,True
150,230,S230,3,0,0,0,False,True,True
150,230,S230,4,0,0,0,False,True,True
150,230,S230,5,0,0,0,False,True,True
150,230,S230,6,0,0,0,False,True,True
150,230,S230,7,0,0,0,False,True,True
75,230,S230,0,0,0,0,False,True,True
75,230,S230,1,0,0,0,False,True,True
75,230,S230,2,0,0,0,False,True,True
75,230,S230,3,0,0,0,False,True,True
75,230,S230,4,0,0,0,False,True,True
75,230,S230,5,0,0,0,False,True,True
75,230,S230,6,0,0,0,False,True,True
75,230,S230,7,0,0,0,False,True,True
150,231,S231,0,0,0,0,False,True,True
150,231,S231,1,0,0,0,False,True,True
150,231,S231,2,0,0,0,False,True,True
150,231,S231,3,0,0,0,False,True,True
150,231,S231,4,0,0,0,False,True,True
150,231,S231,5,0,0,0,False,True,True
75,231,S231,0,0,0,0,False,True,True
75,231,S231,1,0,0,0,False,True,True
75,231,S231,2,0,0,0,False,True,True
75,231,S231,3,0,0,0,False,True,True
75,231,S231,4,0,0,0,False,True,True
75,231,S231,5,0,0,0,False,True,True
150,232,S232,0,0,0,0,False,True,True
150,232,S232,1,0,0,0,False,True,True
150,232,S232,2,1,0,0,False,False,False
150,232,S232,3,0,0,0,False,True,True
150,232,S232,4,0,0,0,False,True,True
150,232,S232,5,0,0,0,False,True,True
75,232,S232,0,0,0,0,False,True,True
75,232,S232,1,0,0,0,False,True,True
75,232,S232,2,1,0,0,False,False,False
75,232,S232,3,0,0,0,False,True,True
75,232,S232,4,0,0,0,False,True,True
75,232,S232,5,0,0,0,False,True,True
150,233,S233,0,0,0,0,False,True,True
150,233,S233,1,0,0,0,False,True,True
150,233,S233,2,0,1,0,False,True,True
150,233,S233,3,0,1,0,False,True,True
150,233,S233,4,0,0,0,False,True,True
150,233,S233,5,0,0,0,False,True,True
150,233,S233,6,0,0,0,False,True,True
150,233,S233,7,0,0,0,False,True,True
150,233,S233,8,0,0,0,False,True,True
150,233,S233,9,0,0,0,False,True,True
150,233,S233,10,0,0,0,False,True,True
150,233,S233,11,0,0,0,False,True,True
75,233,S233,0,1,1,0,False,False,False
75,233,S233,1,0,0,0,False,True,True
75,233,S233,2,0,1,0,False,True,True
75,233,S233,3,0,1,0,False,True,True
75,233,S233,4,0,0,0,False,True,True
75,233,S233,5,1,1,0,False,False,False
75,233,S233,6,1,1,0,False,False,False
75,233,S233,7,1,1,0,False,False,False
75,233,S233,8,2,2,0,False,False,False
75,233,S233,9,1,1,0,False,False,False
75,233,S233,10,0,0,0,False,True,True
75,233,S233,11,0,0,0,False,True,True
150,234,S234,0,0,0,0,False,True,True
150,234,S234,1,0,0,0,False,True,True
150,234,S234,2,0,0,0,False,True,True
150,234,S234,3,0,0,0,False,True,True
150,234,S234,4,0,0,0,False,True,True
150,234,S234,5,0,0,0,False,True,True
150,234,S234,6,0,0,0,False,True,True
150,234,S234,7,0,0,0,False,True,True
150,234,S234,8,0,0,0,False,True,True
150,234,S234,9,0,0,0,False,True,True
75,234,S234,0,0,0,0,False,True,True
75,234,S234,1,0,0,0,False,True,True
75,234,S234,2,0,0,0,False,True,True
75,234,S234,3,0,0,0,False,True,True
75,234,S234,4,0,0,0,False,True,True
75,234,S234,5,0,0,0,False,True,True
75,234,S234,6,1,1,0,False,False,False
75,234,S234,7,0,0,0,False,True,True
75,234,S234,8,0,0,0,False,True,True
75,234,S234,9,0,0,0,False,True,True
