record,subject,fs,n_ref_beats,n_detected,n_rr,paced,af_record,n_paced_beats,n_Q_beats,TP_150,FP_150,FN_150,sensitivity_150,PPV_150,FN_vs_all_annotations_150,n_label_diff_beat_vs_all_ref_150,n_windows_all_ref_150,TP_75,FP_75,FN_75,sensitivity_75,PPV_75,FN_vs_all_annotations_75,n_label_diff_beat_vs_all_ref_75,n_windows_all_ref_75,n_candidate_windows,n_windows,n_windows_normal,n_windows_abnormal,n_windows_tol75,n_windows_annotation_times,n_windows_annotation_times_abnormal
100,S100,360.0,2273,2272,2271,False,False,0,0,2272,0,1,0.9995600527936648,1.0,2,0,8,2272,0,1,0.9995600527936648,1.0,2,0,8,8,8,8,0,8,8,0
101,S101,360.0,1865,1868,1867,False,False,0,2,1864,4,1,0.9994638069705094,0.9978586723768736,7,1,5,1863,5,2,0.9989276139410188,0.9973233404710921,9,0,5,7,5,5,0,5,7,0
102,S102,360.0,2187,2187,2186,True,False,2028,0,2187,0,0,1.0,1.0,5,0,0,2171,16,16,0.9926840420667581,0.9926840420667581,21,0,0,8,0,0,0,0,0,0
103,S103,360.0,2084,2083,2082,False,False,0,0,2083,0,1,0.9995201535508638,1.0,8,0,8,2083,0,1,0.9995201535508638,1.0,8,0,8,8,8,8,0,8,8,0
104,S104,360.0,2229,2231,2230,True,False,1380,18,2226,5,3,0.9986541049798116,0.9977588525324966,84,0,0,2181,50,48,0.9784656796769852,0.9775885253249664,129,0,0,8,0,0,0,0,0,0
105,S105,360.0,2572,2624,2623,False,False,0,5,2558,66,14,0.994556765163297,0.9748475609756098,130,0,4,2546,78,26,0.9898911353032659,0.9702743902439024,142,0,4,10,4,4,0,4,10,0
106,S106,360.0,2027,2025,2024,False,False,0,0,2025,0,2,0.9990133201776024,1.0,73,0,7,1993,32,34,0.9832264430192402,0.9841975308641975,105,0,2,7,7,2,5,2,7,5
107,S107,360.0,2137,2128,2127,True,False,2078,0,2128,0,9,0.9957884885353299,1.0,12,0,0,1681,447,456,0.786616752456715,0.7899436090225563,459,0,0,8,0,0,0,0,0,0
108,S108,360.0,1763,2032,2031,False,False,0,0,1719,313,44,0.9750425411230856,0.8459645669291339,104,0,2,1717,315,46,0.973908111174135,0.84498031496063,107,0,1,7,2,2,0,1,6,0
109,S109,360.0,2532,2528,2527,False,False,0,0,2528,0,4,0.9984202211690363,1.0,7,0,9,2527,1,5,0.9980252764612955,0.9996044303797469,8,0,8,9,9,9,0,8,9,0
111,S111,360.0,2124,2126,2125,False,False,0,0,2123,3,1,0.9995291902071564,0.9985888993414863,10,0,6,2120,6,4,0.9981167608286252,0.9971777986829727,13,0,5,8,6,6,0,5,8,0
112,S112,360.0,2539,2539,2538,False,False,0,0,2539,0,0,1.0,1.0,11,0,9,2539,0,0,1.0,1.0,11,0,9,9,9,9,0,9,9,0
113,S113,360.0,1795,1794,1793,False,False,0,0,1794,0,1,0.9994428969359331,1.0,2,0,7,1794,0,1,0.9994428969359331,1.0,2,0,7,7,7,7,0,7,7,0
114,S114,360.0,1879,1904,1903,False,False,0,0,1848,56,31,0.9835018626929217,0.9705882352941176,41,0,1,1847,57,32,0.982969664715274,0.970063025210084,43,0,1,7,1,0,1,1,7,0
115,S115,360.0,1953,1953,1952,False,False,0,0,1953,0,0,1.0,1.0,9,0,7,1953,0,0,1.0,1.0,9,0,7,7,7,7,0,7,7,0
116,S116,360.0,2412,2390,2389,False,False,0,0,2387,3,25,0.9896351575456053,0.998744769874477,34,0,7,2384,6,28,0.988391376451078,0.9974895397489539,37,0,6,9,7,7,0,6,9,0
117,S117,360.0,1535,1535,1534,False,False,0,0,1535,0,0,1.0,1.0,4,0,5,1535,0,0,1.0,1.0,4,0,5,5,5,5,0,5,5,0
118,S118,360.0,2278,2279,2278,False,False,0,0,2278,1,0,1.0,0.9995612110574813,23,0,7,2278,1,0,1.0,0.9995612110574813,23,0,7,8,7,7,0,7,8,0
119,S119,360.0,1987,1987,1986,False,False,0,0,1987,0,0,1.0,1.0,107,0,7,1797,190,190,0.9043784599899346,0.9043784599899346,297,0,0,7,7,0,7,0,7,7
121,S121,360.0,1863,1861,1860,False,False,0,0,1861,0,2,0.9989264626945786,1.0,15,0,7,1861,0,2,0.9989264626945786,1.0,15,0,7,7,7,7,0,7,7,0
122,S122,360.0,2476,2476,2475,False,False,0,0,2476,0,0,1.0,1.0,3,0,9,2476,0,0,1.0,1.0,3,0,9,9,9,9,0,9,9,0
123,S123,360.0,1518,1518,1517,False,False,0,0,1518,0,0,1.0,1.0,1,0,5,1518,0,0,1.0,1.0,1,0,5,5,5,5,0,5,5,0
124,S124,360.0,1619,1619,1618,False,False,0,0,1617,2,2,0.9987646695491044,0.9987646695491044,17,0,5,1594,25,25,0.9845583693638048,0.9845583693638048,40,0,0,6,5,4,1,0,6,1
200,S200,360.0,2601,2600,2599,False,False,0,0,2598,2,3,0.9988465974625144,0.9992307692307693,194,0,8,2591,9,10,0.9961553248750481,0.9965384615384615,201,0,5,10,8,0,8,5,10,10
201,S201,360.0,1963,1954,1953,False,True,0,0,1954,0,9,0.9954151808456444,1.0,85,0,7,1952,2,11,0.9943963321446765,0.9989764585465711,87,0,5,7,7,2,5,5,7,5
202,S201,360.0,2136,2140,2139,False,True,0,0,2135,5,1,0.9995318352059925,0.9976635514018691,11,0,6,2133,7,3,0.9985955056179775,0.9967289719626168,13,0,5,8,6,5,1,5,8,2
203,S203,360.0,2980,2965,2964,False,True,0,4,2937,28,43,0.9855704697986577,0.9905564924114671,162,1,2,2911,54,69,0.9768456375838926,0.981787521079258,187,0,0,11,2,1,1,0,11,10
205,S205,360.0,2656,2651,2650,False,False,0,0,2651,0,5,0.9981174698795181,1.0,21,0,10,2647,4,9,0.9966114457831325,0.998491135420596,25,0,8,10,10,9,1,8,10,1
207,S207,360.0,1860,2267,2266,False,False,0,0,1859,408,1,0.9994623655913979,0.8200264666960742,132,1,3,1809,458,51,0.9725806451612903,0.7979708866343185,339,0,3,8,3,3,0,3,5,0
208,S208,360.0,2955,2948,2947,False,False,0,2,2938,10,17,0.9942470389170897,0.9966078697421981,97,2,6,2013,935,942,0.6812182741116751,0.6828358208955224,1020,0,0,11,6,0,6,0,11,11
209,S209,360.0,3005,3010,3009,False,False,0,0,3005,5,0,1.0,0.9983388704318937,44,0,8,3005,5,0,1.0,0.9983388704318937,44,0,8,11,8,5,3,8,11,4
210,S210,360.0,2650,2641,2640,False,True,0,0,2635,6,15,0.9943396226415094,0.9977281332828474,48,0,7,2632,9,18,0.9932075471698113,0.9965921999242711,52,0,5,10,7,6,1,5,10,1
212,S212,360.0,2748,2747,2746,False,False,0,0,2747,0,1,0.9996360989810772,1.0,16,0,10,2747,0,1,0.9996360989810772,1.0,16,0,10,10,10,10,0,10,10,0
213,S213,360.0,3251,3248,3247,False,False,0,0,3248,0,3,0.9990772070132267,1.0,46,0,12,3196,52,55,0.9830821285758228,0.9839901477832512,98,0,0,12,12,2,10,0,12,10
214,S214,360.0,2262,2259,2258,False,False,0,2,2259,0,3,0.9986737400530504,1.0,38,0,8,2253,6,9,0.9960212201591512,0.99734395750332,44,0,3,8,8,0,8,3,8,8
215,S215,360.0,3363,3362,3361,False,False,0,0,3362,0,1,0.999702646446625,1.0,38,0,13,3361,1,2,0.9994052928932501,0.9997025580011898,39,0,12,13,13,13,0,12,13,0
217,S217,360.0,2208,2205,2204,True,True,1542,0,2204,1,4,0.9981884057971014,0.999546485260771,75,0,0,2193,12,15,0.9932065217391305,0.9945578231292517,87,0,0,8,0,0,0,0,0,0
219,S219,360.0,2154,2154,2153,False,True,0,0,2154,0,0,1.0,1.0,158,0,8,2141,13,13,0.9939647168059424,0.9939647168059424,171,0,2,8,8,8,0,2,8,0
220,S220,360.0,2048,2048,2047,False,False,0,0,2048,0,0,1.0,1.0,21,0,7,2048,0,0,1.0,1.0,21,0,7,7,7,7,0,7,7,0
221,S221,360.0,2427,2425,2424,False,True,0,0,2425,0,2,0.9991759373712402,1.0,37,0,9,2363,62,64,0.9736299958796869,0.9744329896907217,99,0,0,9,9,1,8,0,9,8
222,S222,360.0,2483,2522,2521,False,True,0,0,2478,44,5,0.9979863068868304,0.9825535289452815,156,0,2,2478,44,5,0.9979863068868304,0.9825535289452815,156,0,2,9,2,2,0,2,9,3
223,S223,360.0,2605,2604,2603,False,False,0,0,2604,0,1,0.999616122840691,1.0,39,0,10,2601,3,4,0.9984644913627639,0.9988479262672811,42,0,9,10,10,2,8,9,10,8
228,S228,360.0,2053,1942,1941,False,False,0,0,1929,13,124,0.9396005845104725,0.9933058702368692,206,0,3,1925,17,128,0.9376522162688748,0.9912461380020597,211,0,2,7,3,1,2,2,8,7
230,S230,360.0,2256,2256,2255,False,False,0,0,2256,0,0,1.0,1.0,210,0,8,2256,0,0,1.0,1.0,210,0,8,8,8,8,0,8,8,0
231,S231,360.0,1571,1571,1570,False,False,0,0,1571,0,0,1.0,1.0,440,0,6,1571,0,0,1.0,1.0,440,0,6,6,6,6,0,6,6,0
232,S232,360.0,1780,1781,1780,False,False,0,0,1780,1,0,1.0,0.9994385176866929,36,0,5,1780,1,0,1.0,0.9994385176866929,36,0,5,6,5,0,5,5,6,6
233,S233,360.0,3079,3076,3075,False,False,0,0,3076,0,3,0.9990256576810653,1.0,76,0,12,3069,7,10,0.9967521922702176,0.9977243172951885,83,0,6,12,12,0,12,6,12,12
234,S234,360.0,2753,2753,2752,False,False,0,0,2753,0,0,1.0,1.0,11,0,10,2752,1,1,0.9996367598982928,0.9996367598982928,12,0,9,10,10,9,1,9,10,1
