record,subject,window,start_rr,t0,t1,label,abnormal_fraction,n_abnormal,n_v_type,n_s_type,n_q,beat_type,nn_fraction,edited_eligible,n_missed_beats_in_span,start_beat_unusable,af_fraction,rr_min,rr_max,rr_mean,sdnn_ms,rmssd_ms,pnn50,sdnn_ms_edited,rmssd_ms_edited,pnn50_edited
100,S100,0,0,77,74483,0,0.0078125,2,0,2,0,normal,0.984375,True,0,False,0.0,0.5222222222222115,0.9944444444444445,0.8073567708333333,35.60112453608883,49.14975460891776,6.666666666666667,25.67851160770652,26.277955492927006,4.313725490196078
100,S100,1,256,74483,147290,0,0.01171875,3,0,3,0,normal,0.9765625,True,0,False,0.0,0.5361111111111541,0.9749999999999659,0.7900065104166668,50.083311913492224,59.06020831528501,7.450980392156863,39.58915229193969,25.143620385508495,3.9215686274509802
100,S100,2,512,147290,218416,0,0.00390625,1,0,1,0,normal,0.9921875,True,0,False,0.0,0.6222222222222058,0.9861111111111427,0.7717664930555554,39.876621243283886,37.080992435475316,6.666666666666667,36.6217806295497,24.61209590970581,5.490196078431373
100,S100,3,768,218416,290257,0,0.00390625,1,0,1,0,normal,0.9921875,True,0,False,0.0,0.5388888888888914,0.9499999999999318,0.7795247395833331,37.68031212052942,41.37223495562833,5.88235294117647,32.886425037907784,26.936235825594483,4.705882352941177
100,S100,4,1024,290257,364446,0,0.02734375,7,0,7,0,normal,0.9453125,True,0,False,0.0,0.5777777777777828,1.02222222222224,0.8050021701388892,51.08625184138008,75.51345264185925,15.294117647058824,28.216920087850628,28.258191329755668,7.0588235294117645
100,S100,5,1280,364446,438570,0,0.0234375,6,0,6,0,normal,0.953125,True,0,False,0.0,0.5361111111110404,1.0277777777778283,0.8042968749999999,51.217752931214,79.05770699980742,15.294117647058824,26.733191889901196,29.357409630313946,8.235294117647058
100,S100,6,1536,438570,513424,0,0.01953125,5,0,5,0,normal,0.9609375,True,0,False,0.0,0.5750000000000455,1.0249999999998636,0.8122178819444441,45.81603600946908,70.25776450850167,10.980392156862745,25.613648509214453,25.553661007716315,5.098039215686274
100,S100,7,1792,513424,587843,0,0.02734375,7,1,6,0,normal,0.9453125,True,0,False,0.0,0.5361111111110404,1.130555555555702,0.8074978298611111,56.79761873691897,87.52390135917753,14.901960784313726,31.837190020387457,29.865955679363424,6.666666666666667
101,S101,0,0,83,79159,0,0.0,0,0,0,0,normal,1.0,True,0,False,0.0,0.75,0.955555555555577,0.8580295138888889,49.8171850012384,29.85835600605273,10.980392156862745,49.8171850012384,29.85835600605273,10.980392156862745
101,S101,1,256,79159,169053,0,0.0078125,2,0,1,1,normal,0.984375,True,0,False,0.0,0.5388888888888914,1.8888888888888573,0.9754123263888888,85.75676608598624,104.15159658598772,24.705882352941178,91.76887191440429,76.25784296538205,24.313725490196077
101,S101,2,512,169053,260752,0,0.00390625,1,0,1,0,normal,0.9921875,True,0,False,0.0,0.8694444444444116,1.1499999999999773,0.9949978298611113,47.9363659243865,44.096541389087285,23.137254901960784,46.86984377600603,39.56819296630238,21.96078431372549
101,S101,3,768,260752,351779,0,0.00390625,1,0,0,1,normal,0.9921875,True,0,False,0.0,0.8305555555556339,1.0861111111111086,0.9877061631944444,53.570355964086694,39.82228738712676,24.313725490196077,53.27224080280752,38.982923968985695,23.52941176470588
101,S101,4,1024,351779,442650,0,0.0,0,0,0,0,normal,1.0,True,0,False,0.0,0.8222222222221944,1.0972222222221717,0.9860134548611108,47.66093898688709,39.811268018531635,25.098039215686274,47.66093898688709,39.811268018531635,25.098039215686274
101,S101,5,1280,442650,531777,0,0.0,0,0,0,0,normal,1.0,True,0,False,0.0,0.8333333333332575,1.0638888888888687,0.9670898437500002,42.53989064237425,35.687561326129845,15.294117647058824,42.53989064237425,35.687561326129845,15.294117647058824
101,S101,6,1536,531777,623871,0,0.00390625,1,0,1,0,normal,0.9921875,True,0,False,0.0,0.658333333333303,1.275000000000091,0.9992838541666664,49.33133876631724,56.815239465199376,23.137254901960784,41.68751747718246,39.95958379367452,22.35294117647059
103,S103,0,0,265,78698,0,0.0,0,0,0,0,normal,1.0,True,0,False,0.0,0.7611111111110915,0.9361111111111136,0.8510525173611111,34.56609609437661,28.809279449953628,7.450980392156863,34.56609609437661,28.809279449953628,7.450980392156863
103,S103,1,256,78698,156989,0,0.0,0,0,0,0,normal,1.0,True,0,False,0.0,0.7111111111111086,0.9777777777777601,0.8495117187500001,42.19780922031605,30.09053956462572,9.019607843137255,42.19780922031605,30.09053956462572,9.019607843137255
103,S103,2,512,156989,236048,0,0.0,0,0,0,0,normal,1.0,True,0,False,0.0,0.7777777777777146,0.9472222222221944,0.8578450520833332,32.66073868547578,30.185419088329745,9.411764705882353,32.66073868547578,30.185419088329745,9.411764705882353
103,S103,3,768,236048,316272,0,0.0,0,0,0,0,normal,1.0,True,0,False,0.0,0.783333333333303,0.9611111111111086,0.8704861111111111,33.08275459598295,31.38361052269517,9.019607843137255,33.08275459598295,31.38361052269517,9.019607843137255
103,S103,4,1024,316272,396273,0,0.0,0,0,0,0,normal,1.0,True,0,False,0.0,0.6472222222223536,0.9527777777777828,0.8680664062500005,54.15947276225625,31.227024960314882,10.588235294117647,54.15947276225625,31.227024960314882,10.588235294117647
103,S103,5,1280,396273,475560,0,0.00390625,1,0,1,0,normal,0.9921875,True,0,False,0.0,0.6749999999999545,1.0083333333334394,0.8603190104166663,65.26397054037363,36.81934936984134,14.117647058823529,64.4610492233992,33.16588296407467,12.941176470588237
103,S103,6,1536,475560,556796,0,0.00390625,1,0,1,0,normal,0.9921875,True,0,False,0.0,0.7138888888889596,1.1166666666665606,0.8814670138888889,49.376540696166245,43.39132201757531,14.50980392156863,46.31971071281944,34.14690402697135,13.333333333333334
103,S103,7,1792,556796,638585,0,0.0,0,0,0,0,normal,1.0,True,0,False,0.0,0.7972222222222172,0.9805555555556111,0.8874674479166664,35.03118092853106,32.289858395749626,10.588235294117647,35.03118092853106,32.289858395749626,10.588235294117647
105,S105,0,0,197,66444,0,0.03125,8,8,0,0,normal,0.9375,True,0,False,0.0,0.4138888888888914,1.0388888888888843,0.7188259548611111,72.21851603397997,119.59584061829916,10.588235294117647,21.697596800131443,20.146071516076507,1.1764705882352942
105,S105,1,256,66444,132718,0,0.02734375,7,7,0,0,normal,0.9453125,True,0,False,0.0,0.38888888888888573,1.0305555555555657,0.7191189236111111,71.18164487183958,118.572589449557,8.235294117647058,21.799550144634694,20.57556583583804,0.0
105,S105,2,512,132718,199229,0,0.0234375,6,6,0,0,normal,0.953125,True,0,False,0.0,0.408333333333303,1.0638888888888687,0.7216905381944445,66.90896896159342,110.44777483438007,7.450980392156863,21.70371780047761,20.595654621015765,0.39215686274509803
105,S105,3,768,199229,266208,0,0.015625,4,4,0,0,normal,0.96875,True,0,False,0.0,0.3916666666666515,1.0333333333334167,0.7267686631944446,55.840016520792844,92.0584813021976,5.098039215686274,22.350724546553096,20.167338355642517,0.39215686274509803
105,S105,4,1024,266208,331928,0,0.01171875,3,3,0,0,normal,0.9765625,True,0,False,0.0,0.3916666666666515,1.0388888888888914,0.7131076388888888,49.908458321762076,77.45263504478639,5.490196078431373,24.393333001149312,20.39857425603846,1.9607843137254901
105,S105,5,1280,331928,397597,0,0.00390625,1,1,0,0,normal,0.9921875,True,0,False,0.0,0.5138888888889142,0.9305555555556566,0.7125542534722222,33.630619819418655,38.173865519686004,2.3529411764705883,28.110322414611993,20.09594311592687,1.1764705882352942
105,S105,6,1536,397597,460491,0,0.0234375,6,3,0,3,normal,0.953125,True,0,False,0.0,0.39444444444461624,1.3722222222222626,0.6824435763888888,66.06247052107078,93.67251498138882,9.411764705882353,53.03521157547584,65.42515309596791,4.313725490196078
105,S105,7,1792,460491,521097,0,0.015625,4,3,0,1,normal,0.96875,True,0,False,0.0,0.40000000000009095,1.4305555555554292,0.6576171874999996,77.06194562359741,115.642093036723,7.0588235294117645,66.79311100472448,94.6706888995661,3.5294117647058822
105,S105,8,2048,521097,583659,0,0.01171875,3,3,0,0,normal,0.9765625,True,0,False,0.0,0.38333333333321207,0.9750000000001364,0.6788411458333341,47.026856017065896,72.51595205101495,3.9215686274509802,22.258137306962578,18.4828087071037,0.39215686274509803
105,S105,9,2304,583659,646936,0,0.015625,4,3,0,1,normal,0.96875,True,0,False,0.0,0.44166666666660603,1.3416666666664696,0.6865993923611109,56.8884468393852,81.66800052264253,4.705882352941177,23.96067801834916,18.982477788828113,0.39215686274509803
106,S106,0,0,351,81804,1,0.23046875,59,59,0,0,ventricular,0.625,False,0,False,0.0,0.4305555555555429,1.4805555555555543,0.8838216145833333,255.91094273230087,404.43046104534466,58.43137254901961,97.63862814929988,46.63681896098505,23.52941176470588
106,S106,1,256,81804,171158,0,0.01171875,3,3,0,0,normal,0.9765625,True,0,False,0.0,0.4777777777777601,1.194444444444457,0.9695529513888889,106.14752158153625,110.46448554157806,43.529411764705884,90.37534348302101,59.115344719285,40.0
106,S106,2,512,171158,256105,0,0.00390625,1,1,0,0,normal,0.99609375,True,0,False,0.0,0.5166666666667652,1.1166666666666742,0.9217339409722225,71.92394620622933,49.34943504528088,29.80392156862745,67.45149179454847,44.79808921038878,29.411764705882355
106,S106,3,768,256105,325622,1,0.4765625,122,122,0,0,ventricular,0.0703125,False,0,False,0.0,0.42777777777780557,1.2694444444443889,0.7543077256944444,268.69481890832355,509.1589721019889,94.50980392156862,26.212098306844158,9.263439836587153,0.39215686274509803
106,S106,4,1024,325622,403563,1,0.2578125,66,66,0,0,ventricular,0.53515625,False,0,False,0.0,0.4194444444444798,1.3888888888886868,0.8457139756944447,246.14232131587383,429.8322689983684,65.88235294117646,85.00600340359289,33.14264359339924,14.117647058823529
106,S106,5,1280,403563,491365,1,0.296875,76,76,0,0,ventricular,0.41796875,False,0,False,0.0,0.48055555555561114,1.3722222222222626,0.9527126736111109,294.0613829304652,544.4657303206336,76.47058823529412,61.10102898357883,35.775007643481985,14.117647058823529
106,S106,6,1536,491365,576185,1,0.33203125,85,85,0,0,ventricular,0.37890625,False,0,False,0.0,0.4611111111109949,1.433333333333394,0.9203559027777777,306.62421744012727,549.7351973619607,76.86274509803923,78.31904239787518,33.66812370078051,13.725490196078432
108,S108,0,0,88,98352,0,0.01171875,3,3,0,0,normal,0.9765625,True,0,False,0.0,0.5,1.6027777777777779,1.0662326388888888,100.16443603368172,137.11183408883684,47.05882352941176,72.09812992800462,68.23433677823422,43.529411764705884
108,S108,1,256,98352,196803,0,0.015625,4,4,0,0,normal,0.97265625,True,0,False,0.0,0.42777777777780557,1.6111111111111427,1.0682617187499999,102.36382364774326,139.35618555931885,39.21568627450981,66.23475857249224,66.88996357800711,35.294117647058826
108,S108,2,512,196803,295391,0,0.015625,4,3,1,0,normal,0.96875,True,0,False,0.0,0.5194444444445026,1.6083333333333485,1.069748263888889,117.33248867819452,170.35151335445437,44.31372549019608,97.44172406217088,99.37161356496725,40.78431372549019
108,S108,3,768,295391,392230,0,0.00390625,1,1,0,0,normal,0.9921875,True,0,False,0.0,0.5222222222222399,1.613888888888937,1.0507703993055557,104.5062089360121,127.12702529992332,37.254901960784316,92.65447781852286,95.34926898144371,36.07843137254902
108,S108,4,1024,392230,484536,0,0.01171875,3,3,0,0,normal,0.98046875,True,0,False,0.0,0.5,1.711111111110995,1.001584201388889,135.63896305072183,145.95873330377034,45.09803921568628,125.94280526922716,119.5251454252571,42.35294117647059
108,S108,5,1280,484536,575908,0,0.01953125,5,3,2,0,normal,0.9609375,True,0,False,0.0,0.4777777777778738,1.5027777777777374,0.9914496527777779,118.2216168341503,175.35902239249623,52.54901960784314,80.34261862351009,81.44151327130017,47.05882352941176
109,S109,0,0,111,63370,0,0.0234375,6,6,0,0,normal,0.953125,True,0,False,0.0,0.5583333333333371,0.8833333333333258,0.6864040798611111,41.730217455591536,44.9279258203448,5.88235294117647,34.962025946602985,22.35661973324306,1.1764705882352942
109,S109,1,256,63370,127816,0,0.0078125,2,2,0,0,normal,0.984375,True,0,False,0.0,0.5583333333333371,0.8083333333333371,0.6992838541666666,34.12503192158593,31.071598001588164,6.2745098039215685,31.927803406317874,24.3626909118105,4.313725490196078
109,S109,2,512,127816,193018,0,0.01953125,5,5,0,0,normal,0.9609375,True,0,False,0.0,0.5222222222222399,0.9027777777777715,0.7074869791666669,38.487751549493154,54.98701459789412,8.627450980392156,25.7478931338151,24.468241206210646,3.1372549019607843
109,S109,3,768,193018,259638,0,0.015625,4,4,0,0,normal,0.96875,True,0,False,0.0,0.5388888888888914,0.8999999999999773,0.7228732638888888,34.30145380469379,50.05806359918656,8.627450980392156,23.724600861658427,24.157305426534098,3.9215686274509802
109,S109,4,1024,259638,326168,0,0.00390625,1,1,0,0,normal,0.9921875,True,0,False,0.0,0.6361111111110631,0.7888888888888914,0.7218967013888888,24.620383607979132,27.198202020977497,6.666666666666667,23.718455426242727,24.529585336205102,5.490196078431373
109,S109,5,1280,326168,392499,0,0.0234375,6,6,0,0,normal,0.953125,True,0,False,0.0,0.5499999999999545,0.9194444444444798,0.7197374131944447,36.856375423204554,53.16023561999546,8.627450980392156,23.925247852752808,23.438053901569923,1.9607843137254901
109,S109,6,1536,392499,458666,0,0.01953125,5,5,0,0,normal,0.9609375,True,0,False,0.0,0.5138888888889142,0.9055555555555657,0.7179578993055555,34.824004891499854,52.588814341556294,8.235294117647058,22.563520755407772,23.914124246937593,2.3529411764705883
109,S109,7,1792,458666,524564,0,0.01171875,3,3,0,0,normal,0.9765625,True,0,False,0.0,0.599999999999909,0.8527777777776464,0.7150390624999998,27.29876159946608,35.93387037916807,5.88235294117647,22.466805233310655,23.459990990582266,2.7450980392156863
109,S109,8,2048,524564,589768,0,0.01171875,3,3,0,0,normal,0.9765625,True,0,False,0.0,0.5861111111109949,0.8722222222222626,0.7075086805555557,41.401639882001945,38.95652381826429,9.803921568627452,38.1008238402664,26.927434755565884,6.2745098039215685
111,S111,0,0,197,79599,0,0.0,0,0,0,0,normal,1.0,True,0,False,0.0,0.7722222222222115,0.9361111111111171,0.8615668402777776,32.933839445961745,33.84770167587197,14.50980392156863,32.933839445961745,33.84770167587197,14.50980392156863
111,S111,1,256,79599,159119,0,0.0,0,0,0,0,normal,1.0,True,0,False,0.0,0.7972222222222172,0.9250000000000114,0.8628472222222222,28.116669131154946,33.176829402445726,13.725490196078432,28.116669131154946,33.176829402445726,13.725490196078432
111,S111,2,512,159119,237703,0,0.00390625,1,1,0,0,normal,0.9921875,True,0,False,0.0,0.6111111111110858,1.0249999999999773,0.8526909722222225,38.114667129590664,50.0792158734852,14.117647058823529,35.48892516955433,45.070929512961825,12.941176470588237
111,S111,3,768,237703,316987,0,0.0,0,0,0,0,normal,1.0,True,0,False,0.0,0.7777777777777146,0.9388888888889824,0.860286458333333,31.765715550872237,37.27145315175355,17.254901960784313,31.765715550872237,37.27145315175355,17.254901960784313
111,S111,4,1024,316987,395808,0,0.0,0,0,0,0,normal,1.0,True,0,False,0.0,0.7555555555554747,0.9194444444444798,0.8552625868055559,31.351850409169984,33.43439653926084,14.50980392156863,31.351850409169984,33.43439653926084,14.50980392156863
111,S111,5,1280,395808,475794,0,0.0,0,0,0,0,normal,1.0,True,0,False,0.0,0.7777777777778283,0.9444444444443434,0.8679036458333336,34.15616342048115,31.395178385427734,12.156862745098039,34.15616342048115,31.395178385427734,12.156862745098039
111,S111,6,1536,475794,551913,0,0.0,0,0,0,0,normal,1.0,True,0,False,0.0,0.7416666666665606,0.9083333333335304,0.8259440104166664,37.11950252544431,32.67273890179223,12.156862745098039,37.11950252544431,32.67273890179223,12.156862745098039
111,S111,7,1792,551913,628417,0,0.0,0,0,0,0,normal,1.0,True,0,False,0.0,0.7333333333333485,0.9111111111112677,0.830121527777778,33.65933090193586,31.36239169268036,11.372549019607844,33.65933090193586,31.36239169268036,11.372549019607844
112,S112,0,0,124,64583,0,0.0,0,0,0,0,normal,1.0,True,0,False,0.0,0.6611111111111105,0.7416666666666671,0.6994249131944443,13.942193292487062,18.105971175424227,0.7843137254901961,13.942193292487062,18.105971175424227,0.7843137254901961
112,S112,1,256,64583,129353,0,0.0,0,0,0,0,normal,1.0,True,0,False,0.0,0.6638888888888914,0.7416666666666742,0.7027994791666666,18.02388237100473,19.12830457272015,0.39215686274509803,18.02388237100473,19.12830457272015,0.39215686274509803
112,S112,2,512,129353,194672,0,0.0,0,0,0,0,normal,1.0,True,0,False,0.0,0.6638888888888914,0.7527777777777374,0.7087565104166669,16.188734380641545,16.43263427992856,0.39215686274509803,16.188734380641545,16.43263427992856,0.39215686274509803
112,S112,3,768,194672,259184,0,0.00390625,1,0,1,0,normal,0.9921875,True,0,False,0.0,0.6277777777777374,0.9638888888889596,0.6999999999999997,26.06483174481438,30.26500800053267,1.1764705882352942,21.083866574493193,17.747284578241047,0.0
112,S112,4,1024,259184,322442,0,0.00390625,1,0,1,0,normal,0.9921875,True,0,False,0.0,0.5305555555555657,0.8194444444444571,0.6863932291666668,20.68583177871554,27.99425451997333,1.1764705882352942,16.233418909582614,15.898225390396329,0.0
112,S112,5,1280,322442,387800,0,0.0,0,0,0,0,normal,1.0,True,0,False,0.0,0.6722222222222172,0.752777777777851,0.7091796874999998,13.927217673561842,16.201758364413795,0.0,13.927217673561842,16.201758364413795,0.0
112,S112,6,1536,387800,454381,0,0.0,0,0,0,0,normal,1.0,True,0,False,0.0,0.6805555555554292,0.7583333333334394,0.7224500868055559,13.742449505602627,16.51803735242038,0.0,13.742449505602627,16.51803735242038,0.0
112,S112,7,1792,454381,521513,0,0.0,0,0,0,0,normal,1.0,True,0,False,0.0,0.691666666666606,0.7694444444443889,0.7284288194444439,12.879364931207569,15.92104855141295,0.0,12.879364931207569,15.92104855141295,0.0
112,S112,8,2048,521513,588806,0,0.0,0,0,0,0,normal,1.0,True,0,False,0.0,0.6944444444443434,0.775000000000091,0.7301757812500007,14.251492003319935,16.93770179071362,0.0,14.251492003319935,16.93770179071362,0.0
113,S113,0,0,170,95839,0,0.00390625,1,0,1,0,normal,0.9921875,True,0,False,0.0,0.5361111111111114,1.2666666666666515,1.0380750868055557,81.78981336372148,98.34121061957988,58.03921568627452,75.38320826351769,88.23670283175822,58.43137254901961
113,S113,1,256,95839,190804,0,0.01171875,3,0,3,0,normal,0.9765625,True,0,False,0.0,0.4944444444444116,1.202777777777726,1.0304361979166665,86.14124276809908,114.41043765748354,52.54901960784314,63.93686502745552,80.64184144989657,49.01960784313725
113,S113,2,512,190804,283927,0,0.0,0,0,0,0,normal,1.0,True,0,False,0.0,0.6694444444444798,1.35277777777776,1.0104492187500003,98.96683435851651,98.14131393972735,52.156862745098046,98.96683435851651,98.14131393972735,52.156862745098046
113,S113,3,768,283927,377302,0,0.0,0,0,0,0,normal,1.0,True,0,False,0.0,0.7083333333333712,1.3694444444445253,1.01318359375,101.32182789731418,100.75018177919233,60.0,101.32182789731418,100.75018177919233,60.0
113,S113,4,1024,377302,469910,0,0.00390625,1,0,1,0,normal,0.9921875,True,0,False,0.0,0.48611111111108585,1.244444444444298,1.0048611111111114,100.32174094686415,99.22813953036062,60.78431372549019,94.81756693905585,88.92723392250777,59.6078431372549
113,S113,5,1280,469910,559612,0,0.00390625,1,0,1,0,normal,0.9921875,True,0,False,0.0,0.4722222222221717,1.2694444444443889,0.9733289930555555,98.01549376565578,106.61803312145435,58.82352941176471,92.93743987083987,94.19892046858075,58.82352941176471
113,S113,6,1536,559612,649364,0,0.0,0,0,0,0,normal,1.0,True,0,False,0.0,0.683333333333394,1.3861111111111768,0.973871527777777,106.40549765975871,102.09023400862095,56.470588235294116,106.40549765975871,102.09023400862095,56.470588235294116
114,S114,0,0,310,100525,0,0.04296875,11,10,1,0,normal,0.921875,True,0,False,0.0,0.5083333333333258,1.6750000000000114,1.08740234375,129.03774970714733,209.248389830884,38.82352941176471,40.54353967626053,46.81280503669673,27.84313725490196
114,S114,1,256,100525,199802,0,0.09375,24,24,0,0,normal,0.8125,True,0,False,0.0,0.4305555555555429,1.64722222222224,1.0772243923611113,174.0217009567801,295.43591039072203,51.76470588235295,45.72994679324842,47.17041350370168,25.882352941176475
114,S114,2,512,199802,290425,0,0.0546875,14,8,6,0,normal,0.9140625,True,0,False,0.0,0.4250000000000682,1.555555555555543,0.9833224826388887,121.54309689862171,157.49347256245358,33.72549019607843,58.896968356055396,46.78029503027567,23.92156862745098
114,S114,3,768,290425,379814,0,0.0234375,6,5,1,0,normal,0.953125,True,0,False,0.0,0.5166666666666515,1.4527777777777828,0.9699327256944441,82.09336931517062,129.8879700883178,34.11764705882353,44.84504785788315,48.54626341708472,27.450980392156865
114,S114,4,1024,379814,464978,0,0.0,0,0,0,0,normal,1.0,True,0,False,0.0,0.7861111111110404,1.0499999999999545,0.9240885416666673,43.599830458954536,44.856140581402194,26.666666666666668,43.599830458954536,44.856140581402194,26.666666666666668
114,S114,5,1280,464978,546124,0,0.0,0,0,0,0,normal,1.0,True,0,False,0.0,0.8083333333331666,0.9944444444445253,0.8804904513888889,37.9109290730266,45.94287760803088,25.098039215686274,37.9109290730266,45.94287760803088,25.098039215686274
114,S114,6,1536,546124,624602,0,0.01171875,3,0,3,0,normal,0.9765625,True,0,False,0.0,0.5861111111109949,1.0055555555554747,0.8515407986111105,45.472596488866536,58.189468826038244,26.666666666666668,40.22629655944858,43.30849054195206,23.137254901960784
115,S115,0,0,161,87654,0,0.0,0,0,0,0,normal,1.0,True,0,False,0.0,0.8055555555555429,1.1972222222222229,0.9493598090277777,66.56932852746517,71.37851411943772,48.23529411764706,66.56932852746517,71.37851411943772,48.23529411764706
115,S115,1,256,87654,174789,0,0.0,0,0,0,0,normal,1.0,True,0,False,0.0,0.8055555555555998,1.2305555555555543,0.9454752604166666,72.49649322768616,78.98667571617548,56.07843137254902,72.49649322768616,78.98667571617548,56.07843137254902
115,S115,2,512,174789,259679,0,0.0,0,0,0,0,normal,1.0,True,0,False,0.0,0.7972222222222172,1.127777777777851,0.9211154513888888,61.683141574178315,72.13754043334063,54.90196078431373,61.683141574178315,72.13754043334063,54.90196078431373
115,S115,3,768,259679,345156,0,0.0,0,0,0,0,normal,1.0,True,0,False,0.0,0.8027777777778056,1.247222222222149,0.9274848090277779,73.35630300295549,79.74386344390538,52.156862745098046,73.35630300295549,79.74386344390538,52.156862745098046
115,S115,4,1024,345156,429106,0,0.0,0,0,0,0,normal,1.0,True,0,False,0.0,0.7805555555555657,1.2388888888888232,0.9109157986111116,73.11016381781121,67.20867181888187,37.254901960784316,73.11016381781121,67.20867181888187,37.254901960784316
115,S115,5,1280,429106,510697,0,0.0,0,0,0,0,normal,1.0,True,0,False,0.0,0.7222222222221717,1.2361111111110858,0.8853190104166666,88.73321464681626,65.3040205906156,38.82352941176471,88.73321464681626,65.3040205906156,38.82352941176471
115,S115,6,1536,510697,595944,0,0.0,0,0,0,0,normal,1.0,True,0,False,0.0,0.6999999999998181,1.2694444444443889,0.9249891493055555,112.11191380954378,79.26831947889579,44.31372549019608,112.11191380954378,79.26831947889579,44.31372549019608
116,S116,0,0,282,70558,0,0.01953125,5,5,0,0,normal,0.9609375,True,0,False,0.0,0.47222222222222854,1.0666666666666629,0.7625434027777778,49.63188672598102,84.77832172449833,4.705882352941177,13.337825233046996,16.388996590121504,0.0
116,S116,1,256,70558,139912,0,0.03515625,9,9,0,0,normal,0.9296875,True,0,False,0.0,0.46944444444443434,1.0305555555555657,0.7525390625,67.8708665927009,118.086340981545,10.196078431372548,14.618012161472281,15.975880513130367,0.0
116,S116,2,512,139912,208350,0,0.08203125,21,21,0,0,normal,0.8359375,True,0,False,0.0,0.4944444444444116,1.0305555555555657,0.7425998263888889,93.52446798980276,160.7747597104794,24.705882352941178,15.582851177291792,15.610443675529925,0.0
116,S116,3,768,208350,279241,0,0.09375,24,24,0,0,normal,0.81640625,True,0,False,0.0,0.37222222222226264,1.0833333333333712,0.7692165798611112,113.92452247475408,191.97955264113656,27.450980392156865,21.391975033802094,16.82290302434359,0.39215686274509803
116,S116,4,1024,279241,350288,0,0.02734375,7,6,1,0,normal,0.9453125,True,0,False,0.0,0.4722222222222854,1.0583333333332803,0.7709092881944444,62.83174088471523,107.11495757834813,8.235294117647058,15.369072914676034,16.23130236022589,0.0
116,S116,5,1280,350288,419533,0,0.05078125,13,13,0,0,normal,0.8984375,True,0,False,0.0,0.4750000000001364,1.0361111111110404,0.7513563368055558,82.66873050910178,141.94673072867343,16.470588235294116,14.874774764975601,21.828853153219075,1.1764705882352942
116,S116,6,1536,419533,487855,0,0.0546875,14,14,0,0,normal,0.890625,True,0,False,0.0,0.4777777777776464,1.0444444444444798,0.7413411458333332,83.7452572163981,143.30421838699536,16.07843137254902,13.454966163180904,16.30601067163682,0.0
116,S116,7,1792,487855,555721,0,0.0390625,10,10,0,0,normal,0.921875,True,0,False,0.0,0.4722222222221717,1.0472222222222172,0.7363932291666666,68.7266518913387,116.94605513306905,11.76470588235294,15.343949860389971,16.96328880584113,0.0
116,S116,8,2048,555721,622127,0,0.0234375,6,6,0,0,normal,0.95703125,True,0,False,0.0,0.3999999999998636,1.0305555555555657,0.7205512152777773,52.55035261425643,85.19400588981946,6.2745098039215685,14.675909012603116,16.42434589939444,0.0
117,S117,0,0,189,110403,0,0.0,0,0,0,0,normal,1.0,True,0,False,0.0,1.1166666666666667,1.2888888888888914,1.1958984375,31.01987252353196,37.37886915889941,18.823529411764707,31.01987252353196,37.37886915889941,18.823529411764707
117,S117,1,256,110403,219394,0,0.0,0,0,0,0,normal,1.0,True,0,False,0.0,1.125,1.2555555555555884,1.1826280381944445,26.971128721057845,32.97419088598544,12.941176470588237,26.971128721057845,32.97419088598544,12.941176470588237
117,S117,2,512,219394,325961,0,0.00390625,1,0,1,0,normal,0.9921875,True,0,False,0.0,0.5861111111111086,1.2583333333333258,1.156325954861111,76.79729576425798,46.09082946357276,16.862745098039216,70.88984833379416,34.867271471494455,16.07843137254902
117,S117,3,768,325961,434952,0,0.0,0,0,0,0,normal,1.0,True,0,False,0.0,1.0194444444443889,1.2861111111112677,1.1826280381944447,39.26618103485476,35.42032425900263,14.901960784313726,39.26618103485476,35.42032425900263,14.901960784313726
117,S117,4,1024,434952,543248,0,0.0,0,0,0,0,normal,1.0,True,0,False,0.0,1.1138888888888232,1.2611111111111768,1.175086805555555,23.570065566331728,34.250278514340366,12.941176470588237,23.570065566331728,34.250278514340366,12.941176470588237
118,S118,0,0,68,76356,0,0.03515625,9,2,7,0,normal,0.9296875,True,0,False,0.0,0.625,1.5388888888888914,0.8277777777777777,73.8946629028056,104.41680207145424,12.156862745098039,62.372451714728825,79.90485445927705,2.7450980392156863
118,S118,1,256,76356,149706,0,0.05078125,13,1,12,0,normal,0.8984375,True,0,False,0.0,0.5666666666666629,1.4611111111111086,0.7958984375000001,80.47942826417923,95.78236622667626,16.470588235294116,67.01094422071752,53.85583715408442,3.5294117647058822
118,S118,2,512,149706,216142,0,0.05078125,13,4,9,0,normal,0.90234375,True,0,False,0.0,0.4749999999999659,1.0750000000000455,0.7208767361111108,64.16086315699567,91.39376423149655,17.254901960784313,36.689367897981114,22.4579342644405,3.5294117647058822
118,S118,3,768,216142,288600,0,0.0703125,18,1,17,0,normal,0.859375,True,0,False,0.0,0.4777777777777601,1.0166666666666515,0.7862196180555556,78.44014746863249,107.65906585787359,20.0,46.242758054929816,17.472529187391412,0.0
118,S118,4,1024,288600,362183,0,0.05859375,15,2,13,0,normal,0.8828125,True,0,False,0.0,0.5027777777777374,1.569444444444457,0.7984266493055556,95.92093200388908,138.04657436277108,19.215686274509807,66.15174588752944,83.98486528553751,5.88235294117647
118,S118,5,1280,362183,437807,0,0.0234375,6,0,6,0,normal,0.953125,True,0,False,0.0,0.5833333333332575,1.5527777777778056,0.8205729166666664,84.61643811988188,114.70204948005076,9.411764705882353,78.58913677232593,104.03347815379404,3.5294117647058822
118,S118,6,1536,437807,515557,0,0.05859375,15,2,13,0,normal,0.8828125,True,0,False,0.0,0.5277777777778283,1.5611111111111313,0.8436414930555562,87.45587284706403,135.3978465777801,18.43137254901961,54.017188417615984,64.4686523285516,1.5686274509803921
118,S118,7,1792,515557,591910,0,0.03515625,9,4,5,0,normal,0.93359375,True,0,False,0.0,0.5111111111111768,1.1472222222221262,0.8284830729166659,74.26768598934042,90.67847225457855,9.019607843137255,52.28465817547068,18.432917625538575,0.39215686274509803
119,S119,0,0,309,84939,1,0.2265625,58,58,0,0,ventricular,0.546875,False,0,False,0.0,0.5083333333333258,1.4055555555555657,0.9182942708333333,259.89251808514774,476.9032059831716,65.88235294117646,28.04776168344063,25.050747287972747,8.235294117647058
119,S119,1,256,84939,168243,1,0.23828125,61,61,0,0,ventricular,0.5234375,False,0,False,0.0,0.51111111111112,1.3416666666666401,0.9039062499999999,260.98417103970945,465.1172210214609,71.37254901960785,23.362315788477144,23.179056033279274,6.2745098039215685
119,S119,2,512,168243,251880,1,0.14453125,37,37,0,0,ventricular,0.7109375,False,0,False,0.0,0.5111111111111768,1.372222222222149,0.90751953125,212.0710479242711,368.8930230495115,50.19607843137255,25.202487580354813,27.057249137636795,8.627450980392156
119,S119,3,768,251880,335967,1,0.18359375,47,47,0,0,ventricular,0.6328125,False,0,False,0.0,0.5111111111111768,1.3722222222222626,0.9124023437500002,239.61015423070754,427.35984592436813,60.78431372549019,22.97265596032999,26.276111203388083,10.196078431372548
119,S119,4,1024,335967,418976,1,0.21484375,55,55,0,0,ventricular,0.5703125,False,0,False,0.0,0.5111111111111768,1.3888888888889142,0.9007052951388892,250.3391850663798,455.5680095540016,63.921568627450974,53.29944004223696,25.76564281042255,10.980392156862745
119,S119,5,1280,418976,501534,1,0.32421875,83,83,0,0,ventricular,0.35546875,False,0,False,0.0,0.49722222222226264,1.4722222222221717,0.8958116319444445,308.25270218833026,567.5028805978014,81.17647058823529,54.72929142788839,13.999691373471368,1.1764705882352942
119,S119,6,1536,501534,584822,1,0.30078125,77,77,0,0,ventricular,0.39453125,False,0,False,0.0,0.5138888888889142,1.4694444444444343,0.9037326388888882,295.8856981077563,536.1010643961491,78.82352941176471,63.89981772558781,15.274361306361717,1.5686274509803921
121,S121,0,0,163,91067,0,0.0,0,0,0,0,normal,1.0,True,0,False,0.0,0.9055555555555372,1.0555555555555571,0.9863715277777778,31.49225273890098,20.097950652514115,0.7843137254901961,31.49225273890098,20.097950652514115,0.7843137254901961
121,S121,1,256,91067,181183,0,0.0,0,0,0,0,normal,1.0,True,0,False,0.0,0.8527777777777601,1.0611111111110745,0.9778211805555554,44.13767272243346,20.321787976692022,0.0,44.13767272243346,20.321787976692022,0.0
121,S121,2,512,181183,274767,0,0.0,0,0,0,0,normal,1.0,True,0,False,0.0,0.9444444444444571,1.0777777777777828,1.015451388888889,25.614571432453825,21.20564204209837,0.7843137254901961,25.614571432453825,21.20564204209837,0.7843137254901961
121,S121,3,768,274767,367295,0,0.0078125,2,1,1,0,normal,0.984375,True,0,False,0.0,0.5722222222221944,1.4583333333333712,1.0039930555555556,55.64888674521494,88.21075064121118,4.313725490196078,30.857699720537273,21.56728225817892,2.3529411764705883
121,S121,4,1024,367295,461363,0,0.0,0,0,0,0,normal,1.0,True,0,False,0.0,0.9500000000000455,1.0722222222223081,1.0207031249999998,24.365239512759644,18.053251067956367,0.39215686274509803,24.365239512759644,18.053251067956367,0.39215686274509803
121,S121,5,1280,461363,554456,0,0.0,0,0,0,0,normal,1.0,True,0,False,0.0,0.8555555555556111,1.1000000000001364,1.0101236979166668,49.82863770516665,21.521495674867392,1.9607843137254901,49.82863770516665,21.521495674867392,1.9607843137254901
121,S121,6,1536,554456,628963,0,0.0,0,0,0,0,normal,1.0,True,0,False,0.0,0.7111111111109949,0.8944444444443889,0.8084526909722225,45.65697811862123,17.646403199296657,0.0,45.65697811862123,17.646403199296657,0.0
122,S122,0,0,93,64454,0,0.0,0,0,0,0,normal,1.0,True,0,False,0.0,0.6083333333333334,0.76111111111112,0.6983615451388889,24.649524452401657,20.126536291274743,2.7450980392156863,24.649524452401657,20.126536291274743,2.7450980392156863
122,S122,1,256,64454,131494,0,0.0,0,0,0,0,normal,1.0,True,0,False,0.0,0.6499999999999773,0.9138888888888914,0.7274305555555556,40.68896492141511,19.520548236087322,0.39215686274509803,40.68896492141511,19.520548236087322,0.39215686274509803
122,S122,2,512,131494,196961,0,0.0,0,0,0,0,normal,1.0,True,0,False,0.0,0.6027777777777601,0.8222222222221944,0.7103624131944446,46.941173889161995,20.24570687371645,1.1764705882352942,46.941173889161995,20.24570687371645,1.1764705882352942
122,S122,3,768,196961,263852,0,0.0,0,0,0,0,normal,1.0,True,0,False,0.0,0.6305555555555884,0.8277777777777828,0.7258138020833331,38.413302390252845,18.69631425029518,1.1764705882352942,38.413302390252845,18.69631425029518,1.1764705882352942
122,S122,4,1024,263852,332956,0,0.0,0,0,0,0,normal,1.0,True,0,False,0.0,0.6638888888888914,0.8500000000000227,0.7498263888888888,31.812149091554193,18.81811037646511,0.39215686274509803,31.812149091554193,18.81811037646511,0.39215686274509803
122,S122,5,1280,332956,401308,0,0.0,0,0,0,0,normal,1.0,True,0,False,0.0,0.6805555555554292,0.8361111111111086,0.7416666666666671,29.412672462390592,18.38459197209227,1.1764705882352942,29.412672462390592,18.38459197209227,1.1764705882352942
122,S122,6,1536,401308,471642,0,0.0,0,0,0,0,normal,1.0,True,0,False,0.0,0.6972222222220807,0.8638888888888232,0.7631727430555548,33.64370049685132,19.3328575305324,1.5686274509803921,33.64370049685132,19.3328575305324,1.5686274509803921
122,S122,7,1792,471642,538229,0,0.0,0,0,0,0,normal,1.0,True,0,False,0.0,0.6305555555554747,0.7916666666667425,0.7225151909722225,34.08828813232047,18.937525490475938,0.0,34.08828813232047,18.937525490475938,0.0
122,S122,8,2048,538229,605153,0,0.0,0,0,0,0,normal,1.0,True,0,False,0.0,0.6527777777778283,0.8777777777777374,0.7261718750000004,39.84448310694418,17.748989490532033,1.1764705882352942,39.84448310694418,17.748989490532033,1.1764705882352942
123,S123,0,0,70,111463,0,0.0,0,0,0,0,normal,1.0,True,0,False,0.0,0.9472222222222229,1.50555555555556,1.20869140625,116.6493848199457,114.46530363874489,66.66666666666666,116.6493848199457,114.46530363874489,66.66666666666666
123,S123,1,256,111463,219079,0,0.00390625,1,1,0,0,normal,0.9921875,True,0,False,0.0,0.5222222222222399,1.5138888888888005,1.1677083333333333,138.58004878089895,108.70822235842085,59.21568627450981,129.74868012747777,96.3116922500541,58.03921568627452
123,S123,2,512,219079,330146,0,0.0,0,0,0,0,normal,1.0,True,0,False,0.0,0.9416666666667197,1.47777777777776,1.205154079861111,99.06602888309274,101.64094820957445,65.49019607843137,99.06602888309274,101.64094820957445,65.49019607843137
123,S123,3,768,330146,440423,0,0.0,0,0,0,0,normal,1.0,True,0,False,0.0,0.8999999999998636,1.4916666666665606,1.1965820312499997,96.79651621537359,99.71379401334345,67.45098039215686,96.79651621537359,99.71379401334345,67.45098039215686
123,S123,4,1024,440423,548700,0,0.00390625,1,1,0,0,normal,0.9921875,True,0,False,0.0,0.5333333333335304,1.4694444444444343,1.1748806423611118,135.01823569240835,109.24799616994952,61.1764705882353,125.36248548977838,99.96327898364785,60.0
124,S124,0,0,243,109492,0,0.07421875,19,2,17,0,normal,0.92578125,True,0,False,0.0,0.5916666666666401,1.319444444444457,1.185427517361111,85.45156372951679,48.19201537768797,25.098039215686274,68.55521273385376,39.59864302793408,23.52941176470588
124,S124,1,256,109492,211434,1,0.12890625,33,20,13,0,ventricular,0.86328125,True,0,False,0.0,0.9611111111111654,1.2999999999999545,1.1061414930555558,55.316098697256315,48.49402331987347,26.27450980392157,49.190827235509204,39.04264655243609,23.137254901960784
124,S124,2,512,211434,314818,0,0.04296875,11,11,0,0,normal,0.94140625,True,0,False,0.0,0.6999999999999318,1.5805555555556339,1.121788194444444,65.11115340143725,102.07630250121335,29.01960784313726,34.493045235689614,39.40128255186086,25.098039215686274
124,S124,3,768,314818,421629,0,0.046875,12,12,0,0,normal,0.92578125,True,0,False,0.0,0.6805555555554292,1.5777777777777828,1.1589735243055554,92.88495276419084,151.37512179812862,32.15686274509804,37.16375311003894,44.995135880268904,24.313725490196077
124,S124,4,1024,421629,524326,0,0.01953125,5,4,1,0,normal,0.9609375,True,0,False,0.0,0.6444444444443889,1.433333333333394,1.1143337673611118,79.78396787392471,107.48339848052889,26.27450980392157,55.47167084757597,38.858661351250355,20.392156862745097
124,S124,5,1280,524326,619179,0,0.01171875,3,3,0,0,normal,0.9765625,True,0,False,0.0,0.5833333333332575,1.4055555555555657,1.0292209201388882,73.07521715419425,90.69598958738402,20.0,52.80098452703736,38.01553297267149,16.470588235294116
200,S200,0,0,225,65638,1,0.30859375,79,79,0,0,ventricular,0.4140625,False,0,False,0.0,0.41388888888888786,1.3055555555555571,0.7097764756944445,167.08189944309487,299.1644440113804,72.15686274509804,69.76659170477261,34.07191438001887,10.588235294117647
200,S200,1,256,65638,125684,1,0.2734375,70,68,2,0,ventricular,0.45703125,False,0,False,0.0,0.4194444444444514,1.1583333333333314,0.651540798611111,111.52391106619227,192.40676786060925,68.23529411764706,46.95727311785052,28.6554801276854,9.019607843137255
200,S200,2,512,125684,190080,1,0.28125,72,69,3,0,ventricular,0.44921875,False,0,False,0.0,0.4416666666666629,1.3166666666666629,0.6987413194444445,153.27019451487755,271.9246072197606,72.15686274509804,62.001796569290725,34.60656974837552,12.549019607843137
200,S200,3,768,190080,253265,1,0.3046875,78,77,1,0,ventricular,0.41796875,False,0,False,0.0,0.4416666666667197,1.194444444444457,0.6856011284722223,127.14515783604605,216.81472233200165,73.72549019607844,48.6477826000645,29.652750917506367,11.76470588235294
200,S200,4,1024,253265,313693,1,0.21484375,55,50,5,0,ventricular,0.578125,False,0,False,0.0,0.43611111111101764,1.1166666666666742,0.6556857638888887,96.80402392489485,154.46405496099797,59.6078431372549,54.089844868094296,33.604030112930516,14.50980392156863
200,S200,5,1280,313693,374353,1,0.28125,72,70,2,0,ventricular,0.4609375,False,0,False,0.0,0.3916666666666515,1.2638888888889142,0.6582031250000004,127.04005060753119,217.80794053268994,71.37254901960785,49.28327439388874,32.450550258606626,14.117647058823529
200,S200,6,1536,374353,440942,1,0.48046875,123,122,1,0,ventricular,0.09765625,False,0,False,0.0,0.3250000000000455,1.3222222222220807,0.7225368923611111,196.47228577850433,353.5679398161685,93.72549019607843,92.45603532479834,24.255376791743107,3.9215686274509802
200,S200,7,1792,440942,505096,1,0.484375,124,122,2,0,ventricular,0.05078125,False,0,False,0.0,0.40555555555556566,1.2527777777777374,0.6961154513888888,158.54211279766525,294.35548662364,96.86274509803921,22.264449526529692,9.225145814394791,1.5686274509803921
200,S200,8,2048,505096,569992,1,0.41015625,105,100,5,0,ventricular,0.21484375,False,0,False,0.0,0.3583333333333485,1.25,0.7041666666666666,161.81556604563795,284.4867377326677,89.80392156862746,84.0600964745375,25.01461118655731,8.235294117647058
200,S200,9,2304,569992,639434,1,0.28125,72,63,9,0,ventricular,0.44921875,False,0,False,0.0,0.4194444444444798,1.1888888888888687,0.7534939236111109,169.58920781158523,302.1715463568973,80.7843137254902,63.49605406356235,52.93079329345537,17.647058823529413
201,S201,0,0,159,62073,0,0.00390625,1,0,1,0,normal,0.9921875,True,0,False,1.0,0.3555555555555543,1.1527777777777857,0.6718098958333334,146.75794753216138,197.51596768902692,78.03921568627452,146.4949007056685,196.69060060577038,76.86274509803923
201,S201,1,256,62073,126012,0,0.0078125,2,0,2,0,normal,0.984375,True,0,False,1.0,0.3722222222222058,1.533333333333303,0.6937825520833334,170.02431804187194,227.60328615872163,74.50980392156863,167.23397997538223,224.73560498682278,72.54901960784314
201,S201,2,512,126012,219075,1,0.15625,40,22,18,0,ventricular,0.7109375,False,0,False,0.3984375,0.3777777777777942,3.71666666666664,1.009798177083333,451.3552378471748,430.18126256703067,83.92156862745098,443.4565096288692,306.5193291200754,64.31372549019608
201,S201,3,768,219075,325107,1,0.3046875,78,71,7,0,ventricular,0.390625,False,0,False,0.0,0.5111111111111768,1.875,1.1505208333333337,226.38402697373826,371.16362490964394,92.15686274509804,62.802610929335785,71.26399120982163,9.019607843137255
201,S201,4,1024,325107,426815,1,0.3125,80,60,20,0,ventricular,0.41015625,False,0,False,0.0,0.3638888888888232,2.0027777777777374,1.1036024305555552,249.24889816872502,353.0002043554724,86.27450980392157,121.10200543321079,93.86030050803537,20.392156862745097
201,S201,5,1280,426815,529460,1,0.27734375,71,45,26,0,ventricular,0.484375,False,0,False,0.0,0.3694444444442979,2.066666666666606,1.11376953125,246.45234752891247,354.702220139889,80.0,144.79287908677532,64.33109535901313,17.647058823529413
201,S201,6,1536,529460,606196,1,0.19921875,51,2,49,0,supraventricular,0.64453125,False,0,False,0.5390625,0.3361111111109949,2.111111111111086,0.8326388888888889,447.094495894878,597.053783816641,86.66666666666667,586.6552219854406,181.78510552803397,69.80392156862744
202,S201,0,0,348,104491,0,0.015625,4,4,0,0,normal,0.96875,True,0,False,0.0,0.625,1.5944444444444343,1.130023871527778,88.66489019892009,145.5234543590094,32.94117647058823,39.49896259762687,41.826490860345366,28.235294117647058
202,S201,1,256,104491,208228,0,0.015625,4,3,1,0,normal,0.96875,True,0,False,0.0,0.61388888888888,1.6388888888889142,1.1256184895833334,86.10501570136668,131.3004292118245,30.58823529411765,47.54320504163633,40.854095621178544,25.882352941176475
202,S201,2,512,208228,298133,1,0.1015625,26,10,16,0,supraventricular,0.80859375,True,0,False,0.0,0.3972222222222399,1.5944444444444343,0.9755316840277777,179.8098074216364,269.6857846010405,38.43137254901961,81.76463015611583,30.98043381085985,10.196078431372548
202,S201,3,768,298133,400453,0,0.00390625,1,0,1,0,normal,0.9921875,True,0,False,0.0,0.4833333333332348,1.2444444444445253,1.1102430555555558,64.59260071256023,74.40821965200298,27.450980392156865,50.60245219251827,42.82462609312111,26.27450980392157
202,S201,4,1024,400453,455355,1,0.1171875,30,0,30,0,supraventricular,0.80859375,True,0,False,0.77734375,0.3972222222221262,1.4555555555555202,0.5957248263888886,237.4167800901585,303.41301713797344,52.156862745098046,202.47771935033984,109.53383596999612,33.33333333333333
202,S201,5,1280,455355,512847,0,0.03125,8,2,6,0,normal,0.953125,True,0,False,0.9609375,0.3222222222223081,1.630555555555702,0.6238281250000002,205.69406196683852,262.30495860659835,73.33333333333333,191.82379179253542,201.15381442168942,72.94117647058823
202,S201,6,1536,512847,566603,0,0.0,0,0,0,0,normal,1.0,True,0,False,1.0,0.3916666666666515,1.091666666666697,0.583289930555555,151.4910098591486,149.35885328290604,52.54901960784314,151.4910098591486,149.35885328290604,52.54901960784314
202,S201,7,1792,566603,628509,0,0.0078125,2,1,1,0,normal,0.984375,True,0,False,1.0,0.3472222222221717,1.0888888888889596,0.6717230902777782,152.18370677988077,212.3707546922541,80.3921568627451,151.4344516525846,207.17041685205115,79.2156862745098
203,S203,0,0,99,53170,1,0.1640625,42,40,2,0,ventricular,0.71484375,False,0,False,0.96484375,0.2916666666666714,1.24444444444444,0.5758572048611112,203.91714563608105,280.19266204257144,78.82352941176471,185.09907372878627,194.67412935852226,72.94117647058823
203,S203,1,256,53170,110153,1,0.1640625,42,42,0,0,ventricular,0.73828125,False,0,False,0.9453125,0.2944444444444798,1.1833333333333371,0.6183051215277777,193.84610192613664,274.7308381051441,79.2156862745098,173.73552547812886,180.11637354319154,60.0
203,S203,2,512,110153,167059,1,0.15625,40,40,0,0,ventricular,0.71875,False,0,False,0.9921875,0.2944444444444798,1.150000000000034,0.6174696180555557,197.44622044132396,267.49491247761034,80.7843137254902,175.52053939075466,182.77782123487353,65.49019607843137
203,S203,3,768,167059,221430,1,0.15625,40,39,0,1,ventricular,0.70703125,False,0,False,0.98828125,0.3138888888888687,1.8500000000000227,0.5899631076388889,201.19639698834592,282.5259760381144,80.3921568627451,172.26558424152714,159.94263942450186,60.78431372549019
203,S203,4,1024,221430,273045,1,0.19921875,51,51,0,0,ventricular,0.6640625,False,0,False,0.921875,0.25,1.1722222222222172,0.56005859375,170.3322616006128,235.48205321344477,82.35294117647058,134.8509633632345,143.6847893058946,53.72549019607843
203,S203,5,1280,273045,323043,1,0.1171875,30,30,0,0,ventricular,0.796875,False,0,False,0.98046875,0.28611111111115406,1.191666666666606,0.5425130208333333,178.39373093852686,240.50210226904858,78.03921568627452,166.47722678136174,180.2821990834858,68.62745098039215
203,S203,6,1536,323043,379826,1,0.125,32,32,0,0,ventricular,0.76953125,False,0,False,1.0,0.3055555555555429,1.2944444444444798,0.6161349826388891,201.27691057772552,271.1562094173479,83.13725490196079,177.66922300972345,189.31383087176417,73.33333333333333
203,S203,7,1792,379826,436885,1,0.2265625,58,58,0,0,ventricular,0.625,False,0,False,0.9375,0.3055555555556566,1.413888888889005,0.6191297743055548,219.37677970360002,303.1675850156339,83.13725490196079,169.23264709755583,176.4100197855823,53.72549019607843
203,S203,8,2048,436885,497269,0,0.08984375,23,23,0,0,normal,0.828125,True,0,False,1.0,0.3027777777776919,1.2277777777778738,0.6552083333333334,211.35878717479847,280.816710135564,80.7843137254902,196.39755306989318,208.1965333962122,71.37254901960785
203,S203,9,2304,497269,554197,1,0.140625,36,33,0,3,ventricular,0.765625,False,0,False,0.98828125,0.2555555555554747,1.2305555555556111,0.6177083333333337,192.5862031787482,254.49606320602547,86.27450980392157,173.10735928637058,185.29039222828976,70.19607843137254
203,S203,10,2560,554197,611466,1,0.16796875,43,43,0,0,ventricular,0.73046875,False,0,False,0.9453125,0.26944444444438886,1.3250000000000455,0.6214084201388888,198.89164468945341,262.9975198994403,81.17647058823529,168.93178897492993,181.95739900036128,65.49019607843137
205,S205,0,0,229,61700,0,0.0,0,0,0,0,normal,1.0,True,0,False,0.0,0.6388888888888857,0.7027777777777775,0.6670030381944445,11.355224294981381,13.540287483534362,0.0,11.355224294981381,13.540287483534362,0.0
205,S205,1,256,61700,119795,0,0.0859375,22,21,1,0,normal,0.89453125,True,0,False,0.0,0.26388888888891415,0.9583333333333144,0.6303710937500001,95.96366703160189,78.5209977205505,6.2745098039215685,19.226373051912468,14.079421829387341,0.0
205,S205,2,512,119795,179881,0,0.00390625,1,1,0,0,normal,0.9921875,True,0,False,0.0,0.4861111111111427,0.8611111111110858,0.6519748263888887,21.553534998816446,31.83877093710482,1.1764705882352942,13.69478976038301,13.946865196804676,0.0
205,S205,3,768,179881,239640,0,0.01171875,3,3,0,0,normal,0.9765625,True,0,False,0.0,0.37222222222226264,0.9583333333332575,0.6484266493055555,36.623592864119686,59.49537654766557,3.5294117647058822,13.88185945328099,13.522024793748528,0.0
205,S205,4,1024,239640,300117,0,0.0078125,2,2,0,0,normal,0.984375,True,0,False,0.0,0.5611111111111313,0.7611111111110631,0.6562174479166667,17.657943787739015,20.09644501886201,1.1764705882352942,15.275734727692798,13.49252881177341,0.0
205,S205,5,1280,300117,361392,0,0.0546875,14,14,0,0,normal,0.8984375,True,0,False,0.0,0.33333333333337123,0.8944444444443889,0.6648763020833335,38.19908462355821,51.334467444476104,3.5294117647058822,15.835654395732874,18.019378074448323,0.0
205,S205,6,1536,361392,425619,0,0.0,0,0,0,0,normal,1.0,True,0,False,0.0,0.6416666666666515,0.7472222222222626,0.6969075520833337,17.17957581243667,16.821179201133383,0.39215686274509803,17.17957581243667,16.821179201133383,0.39215686274509803
205,S205,7,1792,425619,491895,0,0.015625,4,3,1,0,normal,0.96875,True,0,False,0.0,0.3638888888888232,1.0388888888887777,0.7191406249999996,52.085221461778104,90.48973776625881,4.313725490196078,13.455043176434824,15.320745677815692,0.0
205,S205,8,2048,491895,557034,1,0.1328125,34,33,1,0,ventricular,0.83203125,True,0,False,0.0,0.26944444444438886,1.1222222222222626,0.7068033854166664,116.5679813772556,138.68481739762237,13.725490196078432,14.90797041448326,14.437215385584581,0.0
205,S205,9,2304,557034,624719,0,0.01953125,5,5,0,0,normal,0.9609375,True,0,False,0.0,0.3805555555554747,1.091666666666697,0.7344292534722223,61.673769523561546,106.56849717289822,5.88235294117647,12.044017317688079,14.999865514873722,0.0
207,S207,1,256,104598,175617,0,0.0,0,0,0,0,normal,1.0,True,0,False,0.0,0.6416666666666515,0.8555555555555543,0.7706054687499999,36.60599280532884,27.04255770777578,7.450980392156863,36.60599280532884,27.04255770777578,7.450980392156863
207,S207,2,512,175617,251100,0,0.0,0,0,0,0,normal,1.0,True,0,False,0.0,0.7277777777777601,0.9194444444444798,0.81904296875,37.7997390445958,27.16424843659827,6.2745098039215685,37.7997390445958,27.16424843659827,6.2745098039215685
207,S207,3,768,251100,336982,0,0.0,0,0,0,0,normal,1.0,True,0,False,0.0,0.8277777777777828,1.033333333333303,0.9318793402777779,42.401244203630114,32.18379122062334,11.372549019607844,42.401244203630114,32.18379122062334,11.372549019607844
207,S207,4,1024,336982,426336,0,0.0,0,0,0,0,normal,1.0,True,0,False,0.0,0.8138888888888687,1.0416666666666288,0.9695529513888888,29.557173821217123,36.333736414511044,13.333333333333334,29.557173821217123,36.333736414511044,13.333333333333334
207,S207,5,1280,426336,516513,0,0.0,0,0,0,0,normal,1.0,True,0,False,0.0,0.9222222222222172,1.0472222222222172,0.9784830729166671,28.22970931393632,33.20554663428042,11.76470588235294,28.22970931393632,33.20554663428042,11.76470588235294
208,S208,0,0,46,53835,1,0.4609375,118,118,0,0,ventricular,0.25,False,0,False,0.0,0.38888888888888573,0.9333333333333371,0.5836480034722222,114.3040304040532,186.7949100399909,74.11764705882354,33.1618998588427,12.05571862246823,1.1764705882352942
208,S208,1,256,53835,106854,1,0.46875,120,120,0,0,ventricular,0.2421875,False,0,False,0.0,0.40555555555556566,0.8722222222222342,0.57529296875,104.68887293744612,175.30793877138157,80.3921568627451,24.374176093987565,9.539340967221024,0.0
208,S208,2,512,106854,160498,1,0.4140625,106,106,0,0,ventricular,0.3125,False,0,False,0.0,0.408333333333303,0.9583333333333144,0.5820746527777778,114.41009879483784,183.36485501773188,69.80392156862744,35.4522476757692,11.059875777294733,0.39215686274509803
208,S208,3,768,160498,218614,1,0.6484375,166,166,0,0,ventricular,0.0234375,False,0,False,0.0,0.4305555555555429,1.0388888888888914,0.6305989583333331,167.9390373272723,286.05246136184644,89.41176470588236,49.01283489980705,3.4616945528823777,0.0
208,S208,4,1024,218614,274772,1,0.60546875,155,155,0,0,ventricular,0.08203125,False,0,False,0.0,0.3972222222222399,0.9388888888888687,0.6093532986111114,141.46408733161974,239.07102799589154,91.76470588235294,63.21656766828096,7.824913122112724,0.0
208,S208,5,1280,274772,331232,1,0.59375,152,152,0,0,ventricular,0.09375,False,0,False,0.0,0.4027777777778283,0.9444444444444571,0.612630208333333,143.66846171372347,244.80001125318387,91.76470588235294,27.7882863041177,6.469112885429162,0.0
208,S208,6,1536,331232,390435,1,0.51171875,131,129,2,0,ventricular,0.17578125,False,0,False,0.0,0.41666666666674246,1.0888888888889596,0.6423936631944449,139.1487182712457,226.7548367538917,81.17647058823529,30.1660864138064,12.270021941257912,0.39215686274509803
208,S208,7,1792,390435,445803,1,0.28125,72,72,0,0,ventricular,0.46484375,False,0,False,0.0,0.4166666666665151,0.9888888888888232,0.6007812499999998,97.85025135207657,119.05913939487155,53.72549019607843,67.9413692251666,15.88685971236338,0.39215686274509803
208,S208,8,2048,445803,501491,1,0.3046875,78,76,0,2,ventricular,0.41796875,False,0,False,0.0,0.4388888888888687,3.1277777777779647,0.6042534722222221,176.8153542852454,259.3516019798917,47.84313725490196,35.27629706331787,16.670161216795304,0.7843137254901961
208,S208,9,2304,501491,556585,1,0.375,96,96,0,0,ventricular,0.30859375,False,0,False,0.0,0.4388888888888687,0.8444444444444343,0.5978081597222218,78.20815593821827,121.5372467521473,53.72549019607843,30.47095910374016,12.373406525101585,0.0
208,S208,10,2560,556585,616924,1,0.4140625,106,106,0,0,ventricular,0.25390625,False,0,False,0.0,0.40555555555556566,1.0694444444445708,0.6547200520833334,136.0600633280817,223.69690433909216,80.0,37.97503045167992,12.46619220098553,0.0
209,S209,0,0,189,58550,0,0.0234375,6,0,6,0,normal,0.953125,True,0,False,0.0,0.46666666666666856,0.7166666666666544,0.6332573784722222,34.251519142905956,45.36192176016947,10.196078431372548,24.33557530534867,25.48429488699389,4.313725490196078
209,S209,1,256,58550,113149,0,0.02734375,7,0,7,0,normal,0.9453125,True,0,False,0.0,0.3888888888888573,0.7222222222222285,0.5924370659722223,51.8716821111458,44.56580652373963,9.411764705882353,44.28730141041233,21.39316795042634,2.3529411764705883
209,S209,2,512,113149,164214,1,0.140625,36,0,36,0,supraventricular,0.79296875,False,0,False,0.0,0.36111111111108585,0.7138888888889028,0.5540907118055554,74.0353538357113,72.4514545440787,23.52941176470588,38.86152736966542,24.7088847432756,5.098039215686274
209,S209,3,768,164214,216106,1,0.33984375,87,0,87,0,supraventricular,0.62109375,False,0,False,0.0,0.3361111111111086,0.7861111111111541,0.5630642361111113,124.963252586892,61.227360218397,17.254901960784313,26.758831101051562,21.754980220266408,3.5294117647058822
209,S209,4,1024,216106,267025,1,0.328125,84,0,84,0,supraventricular,0.63671875,False,0,False,0.0,0.3361111111111086,0.7777777777777146,0.5525065104166664,117.3816867260566,55.74206166690911,16.470588235294116,44.71932717104074,22.992943742691843,4.313725490196078
209,S209,5,1280,267025,318664,1,0.265625,68,1,67,0,supraventricular,0.68359375,False,0,False,0.0,0.34444444444443434,0.7583333333333258,0.5603190104166669,108.2189194706804,67.68668652908026,19.215686274509807,31.771097391268174,23.693695328353687,5.490196078431373
209,S209,6,1536,318664,376865,0,0.046875,12,0,12,0,normal,0.90625,True,0,False,0.0,0.41111111111115406,0.8222222222221944,0.6315212673611108,47.545687806618695,69.54894098724026,22.35294117647059,31.458229422158624,34.523213281865374,9.411764705882353
209,S209,7,1792,376865,434864,0,0.04296875,11,0,11,0,normal,0.9140625,True,0,False,0.0,0.4444444444443434,0.7583333333332121,0.6293294270833334,41.22060475401243,62.272340148868636,17.647058823529413,24.900778102567028,30.307968997438273,6.2745098039215685
209,S209,8,2048,434864,493183,0,0.03125,8,0,8,0,normal,0.9375,True,0,False,0.0,0.43055555555542924,0.7777777777778283,0.6328016493055557,40.261949821359,61.542594374100894,17.647058823529413,26.85466501052339,34.71986193865352,9.019607843137255
209,S209,9,2304,493183,551399,0,0.05859375,15,0,15,0,normal,0.8984375,True,0,False,0.0,0.4111111111110404,0.7583333333334394,0.6316840277777773,48.918882535343414,62.115191559817525,16.470588235294116,22.61603365047025,23.615329197322144,4.705882352941177
209,S209,10,2560,551399,608448,0,0.05859375,15,0,15,0,normal,0.88671875,True,0,False,0.0,0.41111111111126775,0.8083333333331666,0.619021267361112,51.62133397707264,72.11530547636036,27.84313725490196,38.527280555578855,36.025259658938026,12.549019607843137
210,S210,0,0,57,62019,0,0.08203125,21,21,0,0,normal,0.84765625,True,0,False,1.0,0.3333333333333357,0.9861111111111143,0.6723307291666667,111.36947214148296,164.74133021908204,69.41176470588235,82.23443683977119,110.94020420688422,55.68627450980392
210,S210,1,256,62019,124293,0,0.05859375,15,13,2,0,normal,0.88671875,True,0,False,1.0,0.32499999999998863,1.0694444444444287,0.6757161458333333,111.19645202669275,163.76661736287548,69.41176470588235,81.17023989821375,106.10072114512731,55.68627450980392
210,S210,2,512,124293,187890,0,0.0625,16,15,1,0,normal,0.89453125,True,0,False,0.9765625,0.33055555555557703,1.1194444444444684,0.6900716145833332,120.6953786205209,159.81959237223822,70.19607843137254,96.70866900161201,117.22295790123269,57.25490196078431
210,S210,3,768,187890,250709,0,0.07421875,19,18,1,0,normal,0.859375,True,0,False,0.95703125,0.3305555555555202,0.9944444444445253,0.6816297743055557,116.76449820275032,165.30562644127008,72.15686274509804,88.90074367512835,100.40753267363125,56.86274509803921
210,S210,4,1024,250709,312833,0,0.078125,20,17,3,0,normal,0.86328125,True,0,False,1.0,0.30277777777780557,0.9472222222223081,0.6740885416666669,105.18804809941227,133.3374182380976,61.96078431372549,75.4568365990281,96.0937438395534,48.627450980392155
210,S210,5,1280,312833,375246,0,0.08203125,21,19,2,0,normal,0.8359375,True,0,False,0.9609375,0.3222222222223081,1.4861111111110858,0.6772243923611105,127.44947402427658,204.3086185638293,70.58823529411765,101.24407823300534,122.89654966106689,54.90196078431373
210,S210,6,1536,375246,438658,1,0.16796875,43,40,3,0,ventricular,0.69921875,False,0,False,0.8984375,0.29166666666674246,1.033333333333303,0.6880642361111118,128.74215004283187,189.08222516192427,68.23529411764706,79.47508513469312,87.59165719062834,39.21568627450981
210,S210,7,1792,438658,501570,0,0.0703125,18,16,2,0,normal,0.86328125,True,0,False,1.0,0.29166666666674246,1.1444444444446162,0.6826388888888886,127.17224142138723,187.68632314172913,67.45098039215686,95.26883848599141,109.07047056414174,49.80392156862745
210,S210,8,2048,501570,564902,0,0.03515625,9,8,1,0,normal,0.9296875,True,0,False,1.0,0.32777777777778283,1.1000000000001364,0.6871961805555555,105.83453236987611,153.14819425014502,64.31372549019608,81.80052072912815,108.40541891583916,57.25490196078431
210,S210,9,2304,564902,627817,0,0.08984375,23,18,5,0,normal,0.82421875,True,0,False,0.98046875,0.31666666666660603,1.2555555555554747,0.6826714409722223,135.39354054735614,204.42684576618822,68.23529411764706,94.60618067284628,116.95109097160646,49.411764705882355
212,S212,0,0,214,60264,0,0.0,0,0,0,0,normal,1.0,True,0,False,0.0,0.5444444444444514,0.7638888888888857,0.6515842013888888,39.66191484226945,30.583765943524334,9.803921568627452,39.66191484226945,30.583765943524334,9.803921568627452
212,S212,1,256,60264,119459,0,0.0,0,0,0,0,normal,1.0,True,0,False,0.0,0.5777777777777828,0.7305555555555543,0.642306857638889,28.386256237874864,20.318809770777666,2.3529411764705883,28.386256237874864,20.318809770777666,2.3529411764705883
212,S212,2,512,119459,177832,0,0.0,0,0,0,0,normal,1.0,True,0,False,0.0,0.5694444444444002,0.7333333333332916,0.6333875868055554,33.20550213894341,24.343224778008825,3.9215686274509802,33.20550213894341,24.343224778008825,3.9215686274509802
212,S212,3,768,177832,236758,0,0.0,0,0,0,0,normal,1.0,True,0,False,0.0,0.5472222222222172,0.7527777777777374,0.6393880208333336,35.1922368700454,23.249668449905574,1.9607843137254901,35.1922368700454,23.249668449905574,1.9607843137254901
212,S212,4,1024,236758,295756,0,0.0,0,0,0,0,normal,1.0,True,0,False,0.0,0.5500000000000682,0.7611111111111768,0.6401692708333333,40.18069562747285,26.474319917714837,7.0588235294117645,40.18069562747285,26.474319917714837,7.0588235294117645
212,S212,5,1280,295756,356307,0,0.0,0,0,0,0,normal,1.0,True,0,False,0.0,0.5916666666665833,0.7833333333334167,0.6570203993055554,36.098040450714244,26.490887614504583,7.0588235294117645,36.098040450714244,26.490887614504583,7.0588235294117645
212,S212,6,1536,356307,416515,0,0.0,0,0,0,0,normal,1.0,True,0,False,0.0,0.5527777777776919,0.7583333333333258,0.653298611111111,35.97594949608337,23.978779047094125,2.3529411764705883,35.97594949608337,23.978779047094125,2.3529411764705883
212,S212,7,1792,416515,477591,0,0.0,0,0,0,0,normal,1.0,True,0,False,0.0,0.5888888888887323,0.7250000000001364,0.6627170138888889,28.010159513073777,21.951647972423977,1.9607843137254901,28.010159513073777,21.951647972423977,1.9607843137254901
212,S212,8,2048,477591,540690,0,0.0,0,0,0,0,normal,1.0,True,0,False,0.0,0.5805555555555202,0.9833333333333485,0.6846679687500004,50.33652856722114,30.294987214106833,7.450980392156863,50.33652856722114,30.294987214106833,7.450980392156863
212,S212,9,2304,540690,603946,0,0.0,0,0,0,0,normal,1.0,True,0,False,0.0,0.599999999999909,0.816666666666606,0.6863715277777773,35.2334908058312,27.783768417198345,7.0588235294117645,35.2334908058312,27.783768417198345,7.0588235294117645
213,S213,0,0,95,50232,0,0.0859375,22,21,1,0,normal,0.828125,True,0,False,0.0,0.43611111111111,0.6500000000000057,0.5440212673611111,18.019747124316325,27.95477379401695,2.7450980392156863,13.044346860037553,18.712545635405867,0.7843137254901961
213,S213,1,256,50232,100436,1,0.35546875,91,91,0,0,ventricular,0.29296875,False,0,False,0.0,0.39166666666667993,0.6472222222222115,0.5447482638888889,22.869744661688603,38.462099413074085,9.411764705882353,9.736825516697623,8.670015166342012,0.0
213,S213,2,512,100436,150839,0,0.09765625,25,19,6,0,normal,0.8046875,True,0,False,0.0,0.3944444444444457,0.6777777777778056,0.5469075520833333,32.067332466847965,54.12789797454965,13.725490196078432,10.916401173835713,15.24635074163751,0.39215686274509803
213,S213,3,768,150839,201294,1,0.33203125,85,82,3,0,ventricular,0.3359375,False,0,False,0.0,0.45277777777778283,0.6638888888888914,0.5474717881944444,25.42481808746396,43.89226704409081,14.117647058823529,10.524788815665634,7.994886673916065,0.0
213,S213,4,1024,201294,252020,1,0.18359375,47,44,3,0,ventricular,0.63671875,False,0,False,0.0,0.4194444444444798,0.6611111111111541,0.5504123263888889,27.678668166615502,48.170348493406074,12.549019607843137,12.830665562852051,14.748698744181052,0.39215686274509803
213,S213,5,1280,252020,302973,1,0.21484375,55,55,0,0,ventricular,0.5703125,False,0,False,0.0,0.4499999999999318,0.6638888888888914,0.552875434027778,21.598465080459587,35.91744616138979,7.450980392156863,11.510433758304565,12.87477390411702,0.39215686274509803
213,S213,6,1536,302973,354102,1,0.1328125,34,29,5,0,ventricular,0.75,False,0,False,0.0,0.35555555555549745,0.8694444444445253,0.5547851562499999,37.308093885027844,59.8617082147253,10.588235294117647,12.870093414194317,16.527999905805025,0.39215686274509803
213,S213,7,1792,354102,405364,1,0.21875,56,54,2,0,ventricular,0.58984375,False,0,False,0.0,0.36666666666656056,0.8833333333334394,0.5562282986111113,38.84879055318533,61.73919658582967,14.901960784313726,12.712666092941577,12.993286279256099,0.0
213,S213,8,2048,405364,457156,1,0.125,32,32,0,0,ventricular,0.74609375,False,0,False,0.0,0.41666666666674246,0.6861111111111313,0.5619791666666663,23.312704855890342,36.56369644006393,6.2745098039215685,13.848519558109006,17.313653925851106,0.39215686274509803
213,S213,9,2304,457156,509213,1,0.22265625,57,57,0,0,ventricular,0.5703125,False,0,False,0.0,0.46944444444443434,0.6805555555556566,0.5648546006944448,22.761736868428475,36.98130338167359,7.8431372549019605,13.952030491213911,16.389926577992895,0.7843137254901961
213,S213,10,2560,509213,561408,1,0.12109375,31,28,3,0,ventricular,0.76953125,False,0,False,0.0,0.37777777777773736,0.8972222222221262,0.5663519965277777,37.85895531536199,60.202193004919245,7.8431372549019605,13.937282717570762,17.86765788802918,0.39215686274509803
213,S213,11,2816,561408,613606,1,0.1875,48,45,3,0,ventricular,0.63671875,False,0,False,0.0,0.37777777777773736,0.849999999999909,0.5663845486111114,38.88241440617558,60.16901073088152,15.294117647058824,15.839413850189828,17.514961120574515,0.39215686274509803
214,S214,0,0,58,72389,1,0.1015625,26,26,0,0,ventricular,0.80078125,True,0,False,0.0,0.36111111111111427,1.3277777777777544,0.784841579861111,156.6742692866056,258.63483003772205,43.13725490196079,50.877314178768245,40.57601875282334,13.725490196078432
214,S214,1,256,72389,145916,1,0.140625,36,34,0,2,ventricular,0.7421875,False,0,False,0.0,0.3388888888889028,1.544444444444423,0.7978190104166666,205.01645608193564,315.7018612777493,52.54901960784314,54.24042795862279,36.64009787612086,15.294117647058824
214,S214,2,512,145916,217692,1,0.109375,28,28,0,0,ventricular,0.78125,False,0,False,0.0,0.37222222222226264,1.3888888888889142,0.7788194444444447,158.4740230345684,258.52108575361814,48.23529411764706,55.637844787209666,36.02125572766393,16.862745098039216
214,S214,3,768,217692,292672,1,0.1171875,30,30,0,0,ventricular,0.765625,False,0,False,0.0,0.37777777777773736,1.4277777777778056,0.8135850694444442,193.8379069051071,324.14925987470525,51.37254901960784,47.720520060506985,36.086103848811504,16.07843137254902
214,S214,4,1024,292672,367614,1,0.125,32,32,0,0,ventricular,0.765625,False,0,False,0.0,0.37777777777785104,1.4611111111111086,0.8131727430555555,199.48060919886734,328.4654541763393,49.01960784313725,47.84916109726079,33.69450753181558,14.50980392156863
214,S214,5,1280,367614,441554,1,0.109375,28,28,0,0,ventricular,0.78515625,False,0,False,0.0,0.3861111111111768,1.3555555555556111,0.8023003472222219,175.059940412503,281.44555655967764,45.88235294117647,65.85760651303316,35.22457948305702,14.117647058823529
214,S214,6,1536,441554,516256,1,0.1015625,26,26,0,0,ventricular,0.8046875,True,0,False,0.0,0.3916666666666515,1.3333333333332575,0.8105685763888895,166.66741415728447,263.47289766580815,46.27450980392157,70.77141619856013,39.95933137937067,17.647058823529413
214,S214,7,1792,516256,590552,1,0.125,32,32,0,0,ventricular,0.75,False,0,False,0.0,0.37777777777773736,1.3944444444443889,0.8061631944444443,184.24985059347483,303.3695322635121,52.156862745098046,61.23156587796396,37.621880259822525,15.686274509803921
215,S215,0,0,124,49050,0,0.06640625,17,17,0,0,normal,0.87890625,True,0,False,0.0,0.30833333333333357,0.9305555555555536,0.5308810763888889,58.93082435599714,91.63959460276426,18.43137254901961,22.642885716857926,18.908409218101713,1.1764705882352942
215,S215,1,256,49050,97363,0,0.0625,16,16,0,0,normal,0.88671875,True,0,False,0.0,0.3194444444444571,0.8583333333333485,0.5242296006944445,51.08402136655082,69.39170110350665,11.76470588235294,24.44670241662881,20.094776143109176,1.1764705882352942
215,S215,2,512,97363,146542,0,0.03515625,9,7,2,0,normal,0.93359375,True,0,False,0.0,0.3611111111111427,0.7527777777777374,0.5336263020833334,41.90171623021697,58.910928173323875,12.549019607843137,25.877790108483396,23.11626344375023,3.5294117647058822
215,S215,3,768,146542,195700,0,0.06640625,17,17,0,0,normal,0.87890625,True,0,False,0.0,0.2861111111110972,0.9333333333333371,0.5333984374999998,58.806273330939746,89.06555836437971,18.823529411764707,27.098838338612868,23.45418611086175,3.9215686274509802
215,S215,4,1024,195700,245084,0,0.05859375,15,14,1,0,normal,0.88671875,True,0,False,0.0,0.32222222222219443,0.8861111111111768,0.5358506944444446,51.06934153323154,78.32151211039454,16.470588235294116,26.255699763769808,21.08376472921419,1.1764705882352942
215,S215,5,1280,245084,294588,0,0.02734375,7,7,0,0,normal,0.94921875,True,0,False,0.0,0.3583333333333485,0.7388888888888232,0.5371527777777776,38.545009325299304,54.255764385121864,8.235294117647058,26.238301842972056,21.067971824041614,1.5686274509803921
215,S215,6,1536,294588,344218,0,0.0234375,6,6,0,0,normal,0.953125,True,0,False,0.0,0.3388888888889596,0.7611111111110631,0.5385199652777781,39.73385053640632,55.36432228464472,9.019607843137255,26.563240890605606,22.02321017682936,1.9607843137254901
215,S215,7,1792,344218,393679,0,0.05859375,15,15,0,0,normal,0.890625,True,0,False,0.0,0.38333333333332575,0.7611111111110631,0.5366861979166662,48.6136872469408,73.58484959260413,14.901960784313726,26.654194550303476,21.657295983035375,1.1764705882352942
215,S215,8,2048,393679,443430,0,0.04296875,11,11,0,0,normal,0.92578125,True,0,False,0.0,0.3333333333334849,0.7388888888888232,0.5398328993055559,47.67514232942442,63.28716354039427,10.980392156862745,27.366960882429215,22.086321922712834,1.5686274509803921
215,S215,9,2304,443430,493672,0,0.0390625,10,10,0,0,normal,0.921875,True,0,False,0.0,0.2833333333335304,1.0888888888889596,0.5451605902777779,66.99966407325465,92.90101139479874,14.50980392156863,50.72688168143831,43.70273437868873,4.313725490196078
215,S215,10,2560,493672,543218,0,0.06640625,17,17,0,0,normal,0.875,True,0,False,0.0,0.28888888888877773,0.8527777777778738,0.5376085069444443,58.01881424218728,90.63875376645845,20.0,27.475476336208658,22.66349948324104,3.5294117647058822
215,S215,11,2816,543218,593117,0,0.046875,12,12,0,0,normal,0.9140625,True,0,False,0.0,0.33611111111122227,0.9277777777776919,0.5414388020833334,59.89209951735195,89.65914231697884,13.725490196078432,29.02915387893046,24.118862309053604,1.9607843137254901
215,S215,12,3072,593117,643111,0,0.05078125,13,13,0,0,normal,0.90625,True,0,False,0.0,0.3305555555555202,0.8222222222223081,0.5424696180555557,54.35539418714387,80.2584484196398,18.823529411764707,34.89551572511525,32.32161067432224,5.098039215686274
219,S219,0,0,300,73109,0,0.04296875,11,11,0,0,normal,0.9140625,True,0,False,0.94921875,0.4583333333333144,1.2333333333333343,0.7900282118055555,142.37965457568052,212.8550688133493,81.56862745098039,135.19868444022623,194.2373884604359,74.50980392156863
219,S219,1,256,73109,145927,0,0.046875,12,8,4,0,normal,0.90625,True,0,False,0.8984375,0.5472222222222172,2.580555555555577,0.7901258680555555,176.37872308508014,251.2713377227479,76.47058823529412,169.5538865969727,229.61722065705726,65.88235294117646
219,S219,2,512,145927,219126,0,0.03125,8,8,0,0,normal,0.9375,True,0,False,1.0,0.5472222222222172,1.6499999999999773,0.7942599826388888,140.4228871643896,186.37455746895728,73.72549019607844,134.9052577435942,170.4360132136896,65.88235294117646
219,S219,3,768,219126,291023,0,0.0234375,6,6,0,0,normal,0.953125,True,0,False,1.0,0.5361111111111541,1.4583333333333712,0.7801323784722225,143.8439691698095,213.35721770799472,82.74509803921568,140.2927624935445,202.13622510064627,77.64705882352942
219,S219,4,1024,291023,381665,0,0.03125,8,5,3,0,normal,0.9375,True,0,False,0.453125,0.5277777777776009,2.5611111111111313,0.9835286458333337,348.3851433871271,482.6388908481112,83.13725490196079,354.200968941331,462.9294214429197,77.64705882352942
219,S219,5,1280,381665,465448,0,0.0234375,6,6,0,0,normal,0.953125,True,0,False,0.52734375,0.5277777777776009,1.6027777777778738,0.9091037326388882,284.4397907665949,299.88902974632987,63.52941176470588,286.94966450439534,276.9812004027361,61.568627450980394
219,S219,6,1536,465448,545088,0,0.04296875,11,11,0,0,normal,0.9140625,True,0,False,0.796875,0.5027777777777374,3.077777777777783,0.8641493055555562,278.39190011280317,367.5789963626129,78.82352941176471,288.6425738939482,342.9561819258125,72.15686274509804
219,S219,7,1792,545088,619621,0,0.01953125,5,5,0,0,normal,0.9609375,True,0,False,1.0,0.5305555555555657,1.3194444444443434,0.8087348090277775,145.5452494671324,203.63622867421043,76.07843137254902,143.58694224799345,195.23743786773287,74.11764705882354
220,S220,0,0,28,77295,0,0.00390625,1,0,1,0,normal,0.9921875,True,0,False,0.0,0.5388888888888914,0.9777777777777743,0.838400607638889,25.04117273116995,38.49512759694225,2.3529411764705883,14.115747052557927,18.458781646306907,1.1764705882352942
220,S220,1,256,77295,155111,0,0.0703125,18,0,18,0,normal,0.89453125,True,0,False,0.0,0.38333333333332575,1.1222222222222058,0.8443576388888888,108.15397000251876,110.61805089246755,14.50980392156863,29.84404633974547,21.59810297517298,2.7450980392156863
220,S220,2,512,155111,236590,0,0.06640625,17,0,17,0,normal,0.8984375,True,0,False,0.0,0.4027777777778283,1.0777777777777828,0.884103732638889,108.20984926364635,105.33487997908247,14.117647058823529,31.569314408947573,24.36695481690005,1.9607843137254901
220,S220,3,768,236590,322038,0,0.03515625,9,0,9,0,normal,0.9375,True,0,False,0.0,0.4138888888888914,1.0611111111111313,0.9271701388888887,71.24012797531077,88.54645369177594,12.156862745098039,26.629134044181477,24.13132124214423,3.5294117647058822
220,S220,4,1024,322038,407630,0,0.0546875,14,0,14,0,normal,0.91015625,True,0,False,0.0,0.3999999999998636,1.0972222222221717,0.9287326388888895,105.15313584353433,125.91807613620418,17.647058823529413,35.53288716236508,29.35689427006933,5.88235294117647
220,S220,5,1280,407630,489694,0,0.0859375,22,0,22,0,normal,0.859375,True,0,False,0.0,0.3916666666666515,1.091666666666697,0.8904513888888888,113.96007127743616,132.65269721325205,21.176470588235293,32.03014340493102,26.81952828733185,4.705882352941177
220,S220,6,1536,489694,569523,0,0.03125,8,0,8,0,normal,0.9453125,True,0,False,0.0,0.45277777777778283,1.125,0.8662000868055557,69.43807756081107,89.45286770716206,11.372549019607844,35.773552061964516,26.137432846170444,5.098039215686274
221,S221,0,0,220,69314,1,0.1875,48,48,0,0,ventricular,0.62890625,False,0,False,1.0,0.40833333333333144,1.3638888888888943,0.7497178819444446,200.85837338475304,305.37115647990686,86.66666666666667,139.2352793511577,160.98593100968412,50.98039215686274
221,S221,1,256,69314,136624,1,0.19140625,49,49,0,0,ventricular,0.6171875,False,0,False,0.97265625,0.42777777777780557,1.7555555555555884,0.7303602430555556,204.00245974475803,310.82873117045926,82.74509803921568,165.32132519194843,174.74513723469204,49.01960784313725
221,S221,2,512,136624,201444,1,0.1953125,50,50,0,0,ventricular,0.609375,False,0,False,0.9453125,0.4277777777777487,1.1916666666666629,0.7033420138888891,164.8592481444155,262.3861581825761,81.96078431372548,96.16462148398568,99.14246412781284,36.86274509803922
221,S221,3,768,201444,265576,1,0.203125,52,52,0,0,ventricular,0.59375,False,0,False,0.91796875,0.4388888888888687,1.247222222222149,0.6958767361111109,160.5888855707147,248.47136138635673,81.96078431372548,102.69182155900977,100.77155350256218,39.21568627450981
221,S221,4,1024,265576,333287,1,0.1875,48,48,0,0,ventricular,0.640625,False,0,False,0.95703125,0.37222222222214896,1.3944444444445026,0.7347113715277778,213.53824893867946,298.73826901973484,83.92156862745098,160.3542204442424,153.27103408790296,47.84313725490196
221,S221,5,1280,333287,399934,1,0.19921875,51,51,0,0,ventricular,0.60546875,False,0,False,0.93359375,0.4305555555555429,1.533333333333303,0.7231662326388886,198.26219664877186,297.1176490237573,81.56862745098039,139.55528558839893,139.35736169883566,49.01960784313725
221,S221,6,1536,399934,469499,1,0.19140625,49,49,0,0,ventricular,0.62109375,False,0,False,1.0,0.43055555555542924,1.5722222222223081,0.7548285590277777,223.19554443209287,324.41575514067796,83.52941176470588,161.54935988737296,182.5515946937952,43.13725490196079
221,S221,7,1792,469499,543580,1,0.109375,28,28,0,0,ventricular,0.78125,False,0,False,1.0,0.4249999999999545,1.5305555555555657,0.8038302951388889,225.760384776062,319.5092763613532,82.74509803921568,189.70412212344823,228.60834807478878,63.13725490196078
221,S221,8,2048,543580,614631,0,0.06640625,17,17,0,0,normal,0.8671875,True,0,False,1.0,0.4277777777776919,1.4333333333331666,0.7709526909722229,182.84459243125485,256.9403962467327,79.2156862745098,157.38224442540127,196.48824729263697,65.88235294117646
222,S222,0,0,81,75333,0,0.0,0,0,0,0,normal,1.0,True,0,False,0.0,0.6833333333333333,0.9416666666666629,0.8165364583333333,53.7042964902291,81.28305707057902,54.90196078431373,53.7042964902291,81.28305707057902,54.90196078431373
222,S222,1,256,75333,150854,0,0.0,0,0,0,0,normal,1.0,True,0,False,0.0,0.705555555555577,0.955555555555577,0.8194552951388889,55.486611930617286,89.22034471147093,61.568627450980394,55.486611930617286,89.22034471147093,61.568627450980394
222,S222,2,512,150854,224627,0,0.05859375,15,0,15,0,normal,0.88671875,True,0,False,0.1171875,0.3388888888889596,1.3694444444444116,0.8004882812499998,173.16761129094002,228.86801362174305,66.27450980392156,157.99168342976165,123.72691218588463,61.96078431372549
222,S222,3,768,224627,291083,1,0.13671875,35,0,35,0,supraventricular,0.734375,False,0,False,0.40234375,0.3472222222222854,1.3444444444444343,0.7210937500000001,259.12304330851987,305.11024195101265,64.70588235294117,246.59582841036575,131.62308923469848,43.13725490196079
222,S222,4,1024,291083,358186,0,0.08984375,23,0,23,0,normal,0.8359375,True,0,False,0.43359375,0.37777777777773736,1.3694444444444116,0.7281141493055556,236.27549359758092,256.3663490282321,65.49019607843137,222.42904313538088,162.980683639908,56.86274509803921
222,S222,5,1280,358186,421947,0,0.09765625,25,0,25,0,normal,0.80859375,True,0,False,0.5390625,0.3694444444444116,1.3444444444444343,0.6918511284722224,219.51743574522465,300.624601945842,78.43137254901961,209.82068518497388,157.3079600172653,58.82352941176471
222,S222,6,1536,421947,485942,1,0.3046875,78,0,78,0,supraventricular,0.4765625,False,0,False,0.25,0.3222222222223081,1.3555555555556111,0.6943901909722223,258.9111946747422,343.35061579137795,80.0,225.0878412782162,129.4230296791127,37.64705882352941
222,S222,7,1792,485942,553325,1,0.109375,28,0,28,0,supraventricular,0.796875,False,0,False,0.38671875,0.35555555555561114,1.369444444444298,0.7311523437499998,265.3937246522167,281.41797815947393,67.45098039215686,251.44236567145904,177.1238012891012,63.13725490196078
222,S222,8,2048,553325,611055,0,0.01953125,5,0,5,0,normal,0.96484375,True,0,False,0.80859375,0.3583333333333485,1.3388888888889596,0.6264105902777777,205.4180179605704,184.3391075169699,69.41176470588235,203.17768277280783,173.62126331972303,69.01960784313725
223,S223,0,0,204,68596,1,0.10546875,27,23,4,0,ventricular,0.796875,False,0,False,0.0,0.42499999999999716,1.1805555555555571,0.7421006944444445,75.70889660359249,123.18188801810828,21.96078431372549,21.725617904520323,18.849573549041967,0.7843137254901961
223,S223,1,256,68596,136028,0,0.03125,8,2,6,0,normal,0.9375,True,0,False,0.0,0.5277777777777715,0.9277777777777487,0.7316840277777777,38.10037435223836,57.68888754611669,8.627450980392156,21.456527447672585,22.390971483391873,1.5686274509803921
223,S223,2,512,136028,200280,0,0.05859375,15,1,14,0,normal,0.88671875,True,0,False,0.0,0.544444444444423,0.8305555555555202,0.6971788194444446,39.80782384031201,57.266941089589096,16.862745098039216,25.207618318455545,23.448809940940595,2.7450980392156863
223,S223,3,768,200280,258958,1,0.4296875,110,101,9,0,ventricular,0.5234375,False,0,False,0.0,0.4388888888888687,0.9833333333333485,0.636697048611111,80.54458819771209,85.49891314582577,33.33333333333333,20.416658189881122,15.46254481468632,1.1764705882352942
223,S223,4,1024,258958,321843,1,0.19140625,49,39,10,0,ventricular,0.6484375,False,0,False,0.0,0.45833333333337123,1.0305555555555657,0.6823459201388888,93.08333769643953,167.3746762688749,38.82352941176471,23.15562730164896,18.97108598990142,1.9607843137254901
223,S223,5,1280,321843,383696,1,0.3046875,78,69,9,0,ventricular,0.578125,False,0,False,0.0,0.4472222222223081,1.0388888888888914,0.6711480034722226,108.6916195331298,178.69089098073223,47.05882352941176,26.04440599255592,21.475808017153284,2.7450980392156863
223,S223,6,1536,383696,446983,1,0.1484375,38,34,4,0,ventricular,0.8125,True,0,False,0.0,0.46388888888873225,1.0805555555555202,0.6867078993055555,73.23225018068443,113.96060232214411,21.176470588235293,22.814193025900636,19.213537146577004,0.39215686274509803
223,S223,7,1792,446983,510748,1,0.3671875,94,91,3,0,ventricular,0.26953125,False,0,False,0.0,0.466666666666697,1.008333333333212,0.69189453125,167.56685703866555,332.30132546067495,74.50980392156863,13.917573184583876,12.449364884719644,0.7843137254901961
223,S223,8,2048,510748,574793,1,0.24609375,63,60,3,0,ventricular,0.5546875,False,0,False,0.0,0.4638888888889596,1.1000000000001364,0.6949327256944438,120.73254001696692,214.40922193719362,52.156862745098046,40.68193946913372,19.73285841245214,3.1372549019607843
223,S223,9,2304,574793,638718,1,0.28515625,73,62,11,0,ventricular,0.4765625,False,0,False,0.0,0.46944444444443434,0.9916666666667879,0.6936306423611116,130.37743694142097,246.04933397973508,56.86274509803921,20.36015959299459,16.540172086148058,2.3529411764705883
228,S228,0,0,160,79310,1,0.1953125,50,50,0,0,ventricular,0.61328125,False,0,False,0.0,0.50833333333334,1.6444444444444457,0.8588324652777777,181.90835048985875,310.29187187490834,72.15686274509804,69.05200792627184,55.63796343088023,31.76470588235294
228,S228,1,256,79310,158133,1,0.25390625,65,65,0,0,ventricular,0.4921875,False,0,False,0.0,0.49166666666667425,1.6222222222222058,0.8552842881944445,205.64375415956644,379.213917666812,72.54901960784314,50.385433686939,40.67860618264779,16.862745098039216
228,S228,2,512,158133,238306,1,0.1953125,50,50,0,0,ventricular,0.609375,False,0,False,0.0,0.5,1.4083333333333599,0.8699327256944445,191.54333516165184,346.3138444635218,64.70588235294117,55.533013829441764,42.5237680003134,20.784313725490197
228,S228,3,768,238306,319521,1,0.19140625,49,49,0,0,ventricular,0.6171875,False,0,False,0.0,0.4499999999999318,1.4194444444444798,0.8812391493055554,193.66303430792945,358.7870158333277,62.35294117647059,52.76403947057421,47.936728666163425,21.96078431372549
228,S228,4,1024,319521,403660,0,0.05859375,15,15,0,0,normal,0.8828125,True,0,False,0.0,0.4361111111111313,1.5499999999999545,0.9129665798611115,140.22740390037842,226.12323520995534,56.470588235294116,72.61592291263302,78.1650706738418,43.529411764705884
228,S228,5,1280,403660,486906,1,0.125,32,31,1,0,ventricular,0.75,False,0,False,0.0,0.46944444444443434,1.6777777777776919,0.903276909722222,174.02682119296074,272.0171741200008,65.49019607843137,85.02553932244847,67.8760433894008,36.86274509803922
228,S228,6,1536,486906,569008,1,0.21484375,55,54,1,0,ventricular,0.5703125,False,0,False,0.0,0.49166666666678793,1.6083333333333485,0.8908637152777779,207.13611040408097,370.17504381009843,79.6078431372549,64.35025295868996,60.45555544828471,34.11764705882353
228,S228,7,1792,569008,648464,1,0.1875,48,47,1,0,ventricular,0.625,False,0,False,0.0,0.5,1.3777777777777374,0.8621527777777773,193.70619267992012,350.4577789194392,70.19607843137254,49.846033486751665,53.93200673021203,24.313725490196077
230,S230,0,0,75,70734,0,0.0,0,0,0,0,normal,1.0,True,0,False,0.0,0.6027777777777601,0.9277777777777771,0.7666992187499999,59.97532496223382,23.49242887561755,3.1372549019607843,59.97532496223382,23.49242887561755,3.1372549019607843
230,S230,1,256,70734,146444,0,0.0,0,0,0,0,normal,1.0,True,0,False,0.0,0.6305555555555316,1.0388888888888914,0.821506076388889,119.14869201029666,35.95870301387653,14.117647058823529,119.14869201029666,35.95870301387653,14.117647058823529
230,S230,2,512,146444,228679,0,0.0,0,0,0,0,normal,1.0,True,0,False,0.0,0.6722222222222172,1.0388888888888914,0.8923068576388888,56.90767513242925,38.27677302468382,14.117647058823529,56.90767513242925,38.27677302468382,14.117647058823529
230,S230,3,768,228679,308770,0,0.0,0,0,0,0,normal,1.0,True,0,False,0.0,0.7749999999999773,0.9805555555556111,0.8690429687500001,42.424000548669795,32.279079878786355,13.725490196078432,42.424000548669795,32.279079878786355,13.725490196078432
230,S230,4,1024,308770,386716,0,0.0,0,0,0,0,normal,1.0,True,0,False,0.0,0.7111111111111086,0.9611111111111086,0.845768229166667,54.59403756599644,29.677419248746425,8.627450980392156,54.59403756599644,29.677419248746425,8.627450980392156
230,S230,5,1280,386716,456188,0,0.0,0,0,0,0,normal,1.0,True,0,False,0.0,0.5944444444444343,0.9277777777776919,0.7538194444444439,73.28941710042552,22.90416077861377,2.7450980392156863,73.28941710042552,22.90416077861377,2.7450980392156863
230,S230,6,1536,456188,527228,0,0.0,0,0,0,0,normal,1.0,True,0,False,0.0,0.650000000000091,0.8972222222221262,0.770833333333333,48.229987427353116,23.046399473344444,1.5686274509803921,48.229987427353116,23.046399473344444,1.5686274509803921
230,S230,7,1792,527228,595719,0,0.0,0,0,0,0,normal,1.0,True,0,False,0.0,0.6388888888889142,0.8722222222222626,0.7431749131944452,49.05840811640507,21.01140311261544,3.1372549019607843,49.05840811640507,21.01140311261544,3.1372549019607843
231,S231,0,0,180,95527,0,0.01171875,3,2,1,0,normal,0.98046875,True,0,False,0.0,0.42499999999998295,1.7555555555555458,1.0345811631944444,237.74001363647338,142.84454158207126,49.411764705882355,236.42805398627232,131.8782370297764,49.411764705882355
231,S231,1,256,95527,218573,0,0.0,0,0,0,0,normal,1.0,True,0,False,0.0,0.8361111111111086,1.7916666666666856,1.3351345486111112,360.27195775468016,113.38749293295086,40.78431372549019,360.27195775468016,113.38749293295086,40.78431372549019
231,S231,2,512,218573,319461,0,0.0,0,0,0,0,normal,1.0,True,0,False,0.0,0.8500000000000227,1.7888888888888914,1.094704861111111,297.9420736356549,107.2315629150725,34.11764705882353,297.9420736356549,107.2315629150725,34.11764705882353
231,S231,3,768,319461,432067,0,0.0,0,0,0,0,normal,1.0,True,0,False,0.0,0.8277777777777828,1.7805555555555657,1.2218532986111112,347.0850484759384,74.5560977807325,38.03921568627451,347.0850484759384,74.5560977807325,38.03921568627451
231,S231,4,1024,432067,548388,0,0.0,0,0,0,0,normal,1.0,True,0,False,0.0,0.8472222222221717,1.8027777777779193,1.262163628472222,349.12278310961926,115.88544331329868,38.03921568627451,349.12278310961926,115.88544331329868,38.03921568627451
231,S231,5,1280,548388,637787,0,0.0,0,0,0,0,normal,1.0,True,0,False,0.0,0.8333333333332575,1.7611111111111768,0.9700412326388888,82.2899796612962,121.75079909640264,44.70588235294118,82.2899796612962,121.75079909640264,44.70588235294118
232,S232,0,0,491,93646,1,0.734375,188,0,188,0,supraventricular,0.04296875,False,0,False,0.0,0.6444444444444457,2.8055555555555713,1.0107964409722223,528.2062735622497,798.5893669484641,57.25490196078431,388.6655232506079,96.93015485246116,5.098039215686274
232,S232,1,256,93646,184678,1,0.765625,196,0,196,0,supraventricular,0.04296875,False,0,False,0.0,0.6527777777777715,2.8472222222222285,0.9877604166666665,522.3176380523414,771.2170775356607,54.90196078431373,305.41352261363755,74.79243669477006,0.39215686274509803
232,S232,2,512,184678,271487,1,0.8046875,206,0,206,0,supraventricular,0.01171875,False,0,False,0.0,0.6666666666666288,3.088888888888846,0.941937934027778,454.83811400874157,697.0173253077952,50.588235294117645,295.63236154897504,5.595698246376523,0.0
232,S232,3,768,271487,365983,1,0.76171875,195,0,195,0,supraventricular,0.046875,False,0,False,0.0,0.5805555555555202,4.202777777777783,1.025347222222222,610.3827606511488,877.1292521664318,56.86274509803921,740.3767767817001,211.32726099074193,5.88235294117647
232,S232,4,1024,365983,464748,1,0.77734375,199,0,199,0,supraventricular,0.109375,False,0,False,0.0,0.45833333333325754,5.872222222222035,1.0716688368055558,808.9677346386453,1032.4554977710904,41.568627450980394,688.7314387104698,266.50003115095,43.13725490196079
232,S232,5,1280,464748,561305,1,0.79296875,203,0,203,0,supraventricular,0.1171875,False,0,False,0.0,0.6694444444444798,5.694444444444343,1.0477105034722225,788.0669620848986,979.6173926693702,30.980392156862745,627.0816867548831,305.87778143077054,35.294117647058826
233,S233,0,0,42,52919,1,0.27734375,71,68,3,0,ventricular,0.45703125,False,0,False,0.0,0.3138888888888829,0.8472222222222214,0.573752170138889,119.28199164981264,212.81199062815946,67.45098039215686,18.54882487221439,10.255934192325173,0.0
233,S233,1,256,52919,106758,1,0.28515625,73,73,0,0,ventricular,0.4609375,False,0,False,0.0,0.2944444444444514,0.9138888888888914,0.5841905381944444,124.96073228458796,223.66288186743907,66.27450980392156,13.60544753685704,10.79234849666845,0.39215686274509803
233,S233,2,512,106758,161595,1,0.265625,68,68,0,0,ventricular,0.48828125,False,0,False,0.0,0.34722222222222854,0.9222222222222172,0.59501953125,136.02316167734483,238.06769733858732,67.84313725490196,11.138859136431304,10.092550951660453,0.0
233,S233,3,768,161595,216424,1,0.265625,68,68,0,0,ventricular,0.49609375,False,0,False,0.0,0.3527777777777601,0.9527777777776691,0.5949327256944446,132.30621655230516,227.9954058917066,68.62745098039215,10.995330390854791,8.883343274768288,0.0
233,S233,4,1024,216424,270760,1,0.29296875,75,75,0,0,ventricular,0.43359375,False,0,False,0.0,0.35000000000002274,0.9305555555555429,0.5895833333333331,129.31115562758265,230.67036540832038,72.94117647058823,9.943394476928136,8.417452465652657,0.0
233,S233,5,1280,270760,324619,1,0.27734375,71,71,0,0,ventricular,0.46875,False,0,False,0.0,0.2888888888888914,0.9277777777776919,0.5844075520833334,119.94924424413237,214.9914287866009,65.09803921568627,10.792214724488995,8.775329171858004,0.0
233,S233,6,1536,324619,377609,1,0.23046875,59,58,1,0,ventricular,0.54296875,False,0,False,0.0,0.3083333333332803,0.9361111111111313,0.5749782986111107,115.42916462997859,204.91118161419018,58.82352941176471,12.722296482124731,9.244432573587565,0.0
233,S233,7,1792,377609,431014,1,0.27734375,71,69,2,0,ventricular,0.46875,False,0,False,0.0,0.2916666666665151,0.9166666666667425,0.5794813368055562,118.47298555712345,207.31618072316036,69.01960784313725,10.459665378093959,8.761874267902925,0.0
233,S233,8,2048,431014,485261,1,0.25,64,64,0,0,ventricular,0.5234375,False,0,False,0.0,0.3472222222221717,0.908333333333303,0.5886176215277779,123.89191241094414,213.08808013570714,65.49019607843137,15.07538293863661,11.102769459270736,0.39215686274509803
233,S233,9,2304,485261,539351,1,0.3046875,78,78,0,0,ventricular,0.4453125,False,0,False,0.0,0.3500000000001364,0.9277777777776919,0.5869140625,125.57331720425782,216.6785371867341,72.15686274509804,11.778113555054901,8.453455438049597,0.0
233,S233,10,2560,539351,593837,1,0.25390625,65,65,0,0,ventricular,0.4921875,False,0,False,0.0,0.34999999999990905,0.8583333333333485,0.5912109374999996,135.37148532622243,232.74142945498593,73.72549019607844,10.906805695612555,9.734460158910869,0.0
233,S233,11,2816,593837,648653,1,0.328125,84,83,1,0,ventricular,0.38671875,False,0,False,0.0,0.33611111111122227,0.9833333333333485,0.5947916666666666,136.6235739844585,241.7676272218701,76.07843137254902,10.654761919911268,8.0269853271639,0.0
234,S234,0,0,135,59882,0,0.0,0,0,0,0,normal,1.0,True,0,False,0.0,0.6111111111111143,0.6888888888888891,0.6482964409722223,13.72640781400397,17.446359330395424,0.0,13.72640781400397,17.446359330395424,0.0
234,S234,1,256,59882,119871,0,0.0,0,0,0,0,normal,1.0,True,0,False,0.0,0.6166666666666742,0.6972222222222229,0.6509223090277778,14.726154923156804,16.900143881909305,0.0,14.726154923156804,16.900143881909305,0.0
234,S234,2,512,119871,180573,0,0.0,0,0,0,0,normal,1.0,True,0,False,0.0,0.6194444444444116,0.6999999999999886,0.6586588541666665,15.786954179466958,17.05697658596365,0.0,15.786954179466958,17.05697658596365,0.0
234,S234,3,768,180573,240355,0,0.0,0,0,0,0,normal,1.0,True,0,False,0.0,0.6166666666666742,0.6861111111111313,0.6486762152777781,14.886664727338664,16.49970841052716,0.0,14.886664727338664,16.49970841052716,0.0
234,S234,4,1024,240355,300524,0,0.0,0,0,0,0,normal,1.0,True,0,False,0.0,0.6194444444445253,0.6861111111111313,0.6528754340277776,13.949414517750684,16.519869128118536,0.0,13.949414517750684,16.519869128118536,0.0
234,S234,5,1280,300524,359005,1,0.1953125,50,0,50,0,supraventricular,0.80078125,True,0,False,0.0,0.39444444444438886,0.9944444444444116,0.6345594618055554,74.8429164905139,47.00417427137916,5.098039215686274,21.17993411928473,14.915178465146134,0.39215686274509803
234,S234,6,1536,359005,419957,0,0.00390625,1,1,0,0,normal,0.9921875,True,0,False,0.0,0.4583333333334849,0.8472222222221717,0.6613715277777779,23.011415341522447,35.234027560518534,1.1764705882352942,15.248327656672636,17.806292944513,0.0
234,S234,7,1792,419957,481467,0,0.00390625,1,1,0,0,normal,0.9921875,True,0,False,0.0,0.45833333333325754,0.8944444444443889,0.6674262152777777,23.857873273465692,36.65337779920726,1.1764705882352942,14.000812346993232,16.05102360195226,0.0
234,S234,8,2048,481467,542193,0,0.0,0,0,0,0,normal,1.0,True,0,False,0.0,0.5972222222221717,0.7111111111112223,0.6589192708333336,24.23272429220547,18.227561787437306,0.0,24.23272429220547,18.227561787437306,0.0
234,S234,9,2304,542193,603626,0,0.0,0,0,0,0,normal,1.0,True,0,False,0.0,0.6361111111111768,0.7000000000000455,0.6665907118055552,13.63361107027329,17.6069199771597,0.0,13.63361107027329,17.6069199771597,0.0
