record,subject,window,start_rr,t0,t1,label,abnormal_fraction,n_abnormal,n_v_type,n_s_type,n_q,beat_type,nn_fraction,edited_eligible,n_missed_beats_in_span,start_beat_unusable,af_fraction,rr_min,rr_max,rr_mean,sdnn_ms,rmssd_ms,pnn50,sdnn_ms_edited,rmssd_ms_edited,pnn50_edited,retained_tol75,label_tol75
100,S100,0,0,77,74483,0,0.0078125,2,0,2,0,normal,0.984375,True,0,False,0.0,0.5222222222222115,0.9944444444444445,0.8073567708333333,35.60877322435381,49.24078641943206,6.2745098039215685,25.667288727130952,26.46079146646757,3.9215686274509802,True,0
100,S100,1,256,74483,147290,0,0.01171875,3,0,3,0,normal,0.9765625,True,0,False,0.0,0.533333333333303,0.9722222222222285,0.7900065104166668,50.13946857936695,59.05713418410759,7.450980392156863,39.74535992862931,25.545173288088847,3.9215686274509802,True,0
100,S100,2,512,147290,218417,0,0.00390625,1,0,1,0,normal,0.9921875,True,0,False,0.0,0.6194444444444116,0.9861111111111427,0.7717773437499997,39.965048271280374,37.393437715955436,8.235294117647058,36.703391633360475,24.977194471873347,7.0588235294117645,True,0
100,S100,3,768,218417,290258,0,0.00390625,1,0,1,0,normal,0.9921875,True,0,False,0.0,0.5388888888888914,0.9499999999999318,0.7795247395833336,37.67709980031499,41.274846173568896,6.666666666666667,32.87717295099784,26.89013873230205,5.490196078431373,True,0
100,S100,4,1024,290258,364447,0,0.02734375,7,0,7,0,normal,0.9453125,True,0,False,0.0,0.5750000000000455,1.02222222222224,0.8050021701388888,51.31496474230544,76.1069763360083,17.254901960784313,28.32338110603655,28.76653464868827,9.019607843137255,True,0
100,S100,5,1280,364447,438571,0,0.0234375,6,0,6,0,normal,0.953125,True,0,False,0.0,0.5388888888887777,1.0277777777778283,0.8042968749999999,51.101826587572,78.93973322403978,14.117647058823529,26.754071860966803,29.596250261364883,7.0588235294117645,True,0
100,S100,6,1536,438571,513424,0,0.01953125,5,0,5,0,normal,0.9609375,True,0,False,0.0,0.5750000000000455,1.027777777777601,0.8122070312499998,45.9089962197577,70.38599184479531,10.980392156862745,25.67957002999289,25.892446481505907,5.098039215686274,True,0
100,S100,7,1792,513424,587843,0,0.02734375,7,1,6,0,normal,0.9453125,True,0,False,0.0,0.533333333333303,1.1333333333334394,0.8074978298611111,56.876943318932945,87.72557119336702,14.901960784313726,31.81204918467881,29.722417349821892,6.666666666666667,True,0
101,S101,2,512,168029,259682,0,0.00390625,1,0,1,0,normal,0.9921875,True,0,False,0.0,0.8666666666666742,1.1499999999999773,0.9944986979166666,48.16937556107089,44.066681608484046,23.52941176470588,47.098068240146745,39.56806551095289,22.35294117647059,True,0
101,S101,3,768,259682,350841,0,0.00390625,1,0,0,1,normal,0.9921875,True,0,False,0.0,0.8361111111111086,1.1194444444444116,0.9891384548611111,52.639405120958415,41.841680372712254,23.92156862745098,51.77027830266141,39.05349539157387,23.137254901960784,True,0
101,S101,4,1024,350841,441603,0,0.0,0,0,0,0,normal,1.0,True,0,False,0.0,0.8194444444444571,1.0972222222222854,0.9848307291666667,49.309443792493525,39.64522833520083,23.137254901960784,49.309443792493525,39.64522833520083,23.137254901960784,True,0
101,S101,5,1280,441603,530688,0,0.0,0,0,0,0,normal,1.0,True,0,False,0.0,0.8333333333334849,1.0666666666668334,0.9666341145833339,42.35236966265308,36.27038780090548,16.862745098039216,42.35236966265308,36.27038780090548,16.862745098039216,True,0
101,S101,6,1536,530688,622797,0,0.00390625,1,0,1,0,normal,0.9921875,True,0,False,0.0,0.658333333333303,1.275000000000091,0.9994466145833325,49.28281329620019,59.55815483874193,22.745098039215687,41.02307565629083,39.615195995117645,21.568627450980394,True,0
103,S103,0,0,265,78699,0,0.0,0,0,0,0,normal,1.0,True,0,False,0.0,0.7611111111110915,0.93611111111111,0.8510633680555555,34.58807829616264,28.869609789569825,8.235294117647058,34.58807829616264,28.869609789569825,8.235294117647058,True,0
103,S103,1,256,78699,156989,0,0.0,0,0,0,0,normal,1.0,True,0,False,0.0,0.7083333333333144,0.9750000000000227,0.8495008680555557,42.12699040369889,29.972148776014553,7.450980392156863,42.12699040369889,29.972148776014553,7.450980392156863,True,0
103,S103,2,512,156989,236049,0,0.0,0,0,0,0,normal,1.0,True,0,False,0.0,0.7777777777777146,0.9472222222221944,0.8578559027777779,32.665994863261545,30.17288600894766,8.235294117647058,32.665994863261545,30.17288600894766,8.235294117647058,True,0
103,S103,3,768,236049,316272,0,0.0,0,0,0,0,normal,1.0,True,0,False,0.0,0.783333333333303,0.9611111111111086,0.8704752604166663,33.06708578209415,31.464977091135133,10.588235294117647,33.06708578209415,31.464977091135133,10.588235294117647,True,0
103,S103,4,1024,316272,396519,0,0.0,0,0,0,0,normal,1.0,True,1,False,0.0,0.650000000000091,1.349999999999909,0.8707356770833332,60.66525900594252,66.9303065916274,11.76470588235294,60.66525900594252,66.9303065916274,11.76470588235294,True,0
103,S103,5,1280,396519,475856,0,0.00390625,1,0,1,0,normal,0.9921875,True,0,False,0.0,0.6749999999999545,1.005555555555702,0.8608615451388895,64.32171601870243,36.82427998244,16.470588235294116,63.54112958751247,33.40829141525706,15.294117647058824,True,0
103,S103,6,1536,475856,557141,0,0.00390625,1,0,1,0,normal,0.9921875,True,0,False,0.0,0.7138888888889596,1.116666666666788,0.8819986979166661,49.47188485575059,43.66867896043607,14.50980392156863,46.410067942535775,34.44365379651259,13.333333333333334,True,0
103,S103,7,1792,557141,638924,0,0.0,0,0,0,0,normal,1.0,True,0,False,0.0,0.7972222222222172,0.9805555555556111,0.8874023437499998,34.911654761057946,32.29735437294434,10.980392156862745,34.911654761057946,32.29735437294434,10.980392156862745,True,0
105,S105,0,0,197,66444,0,0.03125,8,8,0,0,normal,0.9375,True,0,False,0.0,0.4138888888888914,1.0361111111111043,0.7188259548611111,71.54879359891962,118.45948454870467,10.196078431372548,21.603803224703732,20.006403800088076,0.7843137254901961,True,0
105,S105,1,256,66444,132717,0,0.02734375,7,7,0,0,normal,0.9453125,True,0,False,0.0,0.3916666666666515,1.0305555555555657,0.7191080729166668,70.44384267029332,117.31418503389594,8.627450980392156,21.832838096166075,20.803718966263308,0.39215686274509803,True,0
105,S105,2,512,132717,199228,0,0.0234375,6,6,0,0,normal,0.953125,True,0,False,0.0,0.4138888888888914,1.0611111111110745,0.7216905381944445,65.52850635913263,108.0194884108504,7.450980392156863,21.666638541279067,20.427479858011665,0.39215686274509803,True,0
105,S105,8,2048,510776,572707,0,0.0078125,2,2,0,0,normal,0.984375,True,0,False,0.0,0.38888888888891415,0.941666666666606,0.6719943576388889,39.27418736603178,56.76995158148178,2.7450980392156863,23.32386894189927,18.578877667716263,0.39215686274509803,True,0
106,S106,0,0,351,81805,1,0.23046875,59,59,0,0,ventricular,0.625,False,0,False,0.0,0.42777777777777715,1.4805555555555543,0.8838324652777778,255.29195308758622,403.5450208811834,59.21568627450981,97.81315972765,46.86577020605576,23.137254901960784,False,-1
106,S106,1,256,81805,171157,0,0.01171875,3,3,0,0,normal,0.9765625,True,0,False,0.0,0.4805555555555543,1.194444444444457,0.9695312500000001,106.07054597670135,110.09241622997011,44.70588235294118,90.38765639451918,59.03526907907894,41.17647058823529,True,0
106,S106,2,512,171157,256116,0,0.00390625,1,1,0,0,normal,0.99609375,True,0,False,0.0,0.5472222222222172,1.113888888888937,0.9218641493055553,71.211450964147,48.38345384183519,29.411764705882355,67.4003315228592,44.66008416796425,29.01960784313726,True,0
106,S106,3,768,256116,325910,1,0.47265625,121,121,0,0,ventricular,0.078125,False,1,False,0.0,0.41666666666662877,1.6305555555555884,0.7573133680555557,269.86572216517504,506.593657546071,96.47058823529412,283.2369322965679,12.38636162610105,0.0,False,-1
106,S106,4,1024,325910,403789,1,0.26171875,67,67,0,0,ventricular,0.53125,False,0,False,0.0,0.4194444444444798,1.3888888888886868,0.8450412326388892,242.48017383047343,422.9593096080759,67.84313725490196,85.19667982648158,33.13531438006458,14.50980392156863,False,-1
106,S106,5,1280,403789,492105,1,0.2890625,74,74,0,0,ventricular,0.4296875,False,1,False,0.0,0.48611111111108585,1.816666666666606,0.958289930555555,294.4144318931641,541.4168464742343,76.86274509803923,152.68093149795644,43.31497541826071,16.470588235294116,False,-1
106,S106,6,1536,492105,577059,1,0.33203125,85,85,0,0,ventricular,0.37890625,False,0,False,0.0,0.45833333333325754,1.433333333333394,0.9218098958333334,304.37961275649513,545.4913570575967,76.86274509803923,80.55634302696659,33.36909607227221,13.333333333333334,False,-1
108,S108,2,512,153539,252322,0,0.01953125,5,5,0,0,normal,0.96484375,True,0,False,0.0,0.5388888888888914,1.6194444444444684,1.0718641493055554,116.13333147997977,172.37035936945648,47.84313725490196,78.5181499365984,78.68358066467542,42.745098039215684,True,0
108,S108,3,768,252322,351400,0,0.01171875,3,2,1,0,normal,0.9765625,True,1,False,0.0,0.5833333333332575,2.138888888888914,1.0750651041666668,134.05079519186393,192.22197035510402,47.05882352941176,121.95177165383218,151.37192345625346,44.70588235294118,False,-1
109,S109,0,0,107,63370,0,0.0234375,6,6,0,0,normal,0.953125,True,0,False,0.0,0.5583333333333371,0.88055555555556,0.6864474826388889,41.38329424169285,44.19524362902282,7.0588235294117645,34.75837805295426,22.21541290010041,2.3529411764705883,True,0
109,S109,1,256,63370,128057,0,0.00390625,1,1,0,0,normal,0.9921875,True,1,False,0.0,0.61388888888888,1.3666666666666742,0.7018988715277779,52.749783624279736,64.58768170054549,4.313725490196078,52.58322747861706,64.42616123088588,3.9215686274509802,True,0
109,S109,2,512,128057,193278,0,0.01953125,5,5,0,0,normal,0.9609375,True,0,False,0.0,0.5249999999999773,0.9000000000000341,0.707693142361111,38.18987488757471,54.56330673652271,9.411764705882353,25.91591318834836,25.235316312283224,3.9215686274509802,True,0
109,S109,3,768,193278,260162,0,0.01171875,3,3,0,0,normal,0.9765625,True,1,False,0.0,0.5444444444444798,1.444444444444457,0.7257378472222222,55.58439815019924,77.75229118680909,7.8431372549019605,50.94191616575171,67.439316467711,4.313725490196078,True,0
109,S109,4,1024,260162,326665,0,0.00390625,1,1,0,0,normal,0.9921875,True,0,False,0.0,0.5555555555555429,0.8666666666666742,0.7216037326388891,27.594333589349574,34.26970929358184,6.2745098039215685,23.941233078653006,24.658974770135714,5.098039215686274,False,-1
109,S109,5,1280,326665,393004,0,0.0234375,6,6,0,0,normal,0.953125,True,0,False,0.0,0.5527777777776919,0.9194444444444798,0.7198242187499995,36.13591189735567,51.83512023856784,8.627450980392156,23.955641390359357,23.921082494032344,2.3529411764705883,True,0
109,S109,6,1536,393004,459710,0,0.01171875,3,3,0,0,normal,0.9765625,True,2,False,0.0,0.5194444444443889,1.4861111111110858,0.7238064236111112,74.1841640467943,104.64201634893506,6.666666666666667,71.09710392881027,97.42395296739878,3.9215686274509802,True,0
109,S109,7,1792,459710,525553,0,0.01171875,3,3,0,0,normal,0.9765625,True,0,False,0.0,0.599999999999909,0.8527777777776464,0.7144422743055561,27.405368441795616,36.86288029764472,6.2745098039215685,22.464594016472347,23.897458394390846,2.7450980392156863,True,0
109,S109,8,2048,525553,590812,0,0.01171875,3,3,0,0,normal,0.9765625,True,0,False,0.0,0.5499999999999545,0.8805555555554747,0.7081054687499995,42.6763210413544,42.38594846704009,11.76470588235294,38.55757798971404,27.943405993435228,8.235294117647058,True,0
111,S111,0,0,197,79598,0,0.0,0,0,0,0,normal,1.0,True,0,False,0.0,0.7638888888889142,0.9388888888888971,0.8615559895833333,33.12408615080213,34.232162634073624,13.725490196078432,33.12408615080213,34.232162634073624,13.725490196078432,True,0
111,S111,1,256,79598,159118,0,0.0,0,0,0,0,normal,1.0,True,0,False,0.0,0.8055555555555429,0.9277777777778056,0.8628472222222223,28.113440360930127,32.82749820047335,14.117647058823529,28.113440360930127,32.82749820047335,14.117647058823529,True,0
111,S111,3,768,237402,316689,0,0.0,0,0,0,0,normal,1.0,True,0,False,0.0,0.7749999999999773,0.966666666666697,0.8603190104166667,30.60561535749654,34.810671658168836,16.07843137254902,30.60561535749654,34.810671658168836,16.07843137254902,False,-1
111,S111,4,1024,316689,395497,0,0.0,0,0,0,0,normal,1.0,True,0,False,0.0,0.7722222222222399,0.9194444444444798,0.855121527777778,30.823125358840763,32.00749201208787,13.333333333333334,30.823125358840763,32.00749201208787,13.333333333333334,True,0
111,S111,5,1280,395497,475793,0,0.0,0,0,0,0,normal,1.0,True,1,False,0.0,0.7805555555555657,1.7861111111110404,0.8712673611111104,66.70653990962862,83.55562218973928,12.549019607843137,66.70653990962862,83.55562218973928,12.549019607843137,True,0
111,S111,7,1792,551263,627860,0,0.0,0,0,0,0,normal,1.0,True,0,False,0.0,0.7333333333333485,0.9111111111110404,0.8311306423611118,33.61357656010162,30.773632559452516,10.980392156862745,33.61357656010162,30.773632559452516,10.980392156862745,True,0
112,S112,0,0,124,64583,0,0.0,0,0,0,0,normal,1.0,True,0,False,0.0,0.6611111111111105,0.7416666666666671,0.6994249131944443,14.101882439899459,18.45031011541734,1.1764705882352942,14.101882439899459,18.45031011541734,1.1764705882352942,True,0
112,S112,1,256,64583,129353,0,0.0,0,0,0,0,normal,1.0,True,0,False,0.0,0.6611111111110972,0.74444444444444,0.7027994791666666,18.11598265660486,19.44133183926556,0.39215686274509803,18.11598265660486,19.44133183926556,0.39215686274509803,True,0
112,S112,2,512,129353,194672,0,0.0,0,0,0,0,normal,1.0,True,0,False,0.0,0.6638888888888914,0.7527777777777374,0.7087565104166669,16.356091951951143,16.966261535802,0.39215686274509803,16.356091951951143,16.966261535802,0.39215686274509803,True,0
112,S112,3,768,194672,259184,0,0.00390625,1,0,1,0,normal,0.9921875,True,0,False,0.0,0.6305555555555884,0.9638888888888459,0.6999999999999997,25.97295765155907,30.1462986483919,1.5686274509803921,21.006902244330053,17.831482064105895,0.39215686274509803,True,0
112,S112,4,1024,259184,322443,0,0.00390625,1,0,1,0,normal,0.9921875,True,0,False,0.0,0.533333333333303,0.8166666666667197,0.6864040798611111,20.56905899846872,27.71124930736333,1.1764705882352942,16.274581729686776,16.121562733154082,0.0,True,0
112,S112,5,1280,322443,387800,0,0.0,0,0,0,0,normal,1.0,True,0,False,0.0,0.6722222222222172,0.752777777777851,0.7091688368055555,13.955005856165183,16.190548659391133,0.0,13.955005856165183,16.190548659391133,0.0,True,0
112,S112,6,1536,387800,454381,0,0.0,0,0,0,0,normal,1.0,True,0,False,0.0,0.683333333333394,0.7555555555557021,0.7224500868055559,13.687292192201353,16.391150466157004,0.0,13.687292192201353,16.391150466157004,0.0,True,0
112,S112,7,1792,454381,521513,0,0.0,0,0,0,0,normal,1.0,True,0,False,0.0,0.691666666666606,0.7694444444443889,0.7284288194444439,12.811050621804297,15.720222433772632,0.0,12.811050621804297,15.720222433772632,0.0,True,0
112,S112,8,2048,521513,588807,0,0.0,0,0,0,0,normal,1.0,True,0,False,0.0,0.6944444444443434,0.7722222222223536,0.730186631944445,14.348057381942718,17.31666423779409,0.0,14.348057381942718,17.31666423779409,0.0,True,0
113,S113,0,0,171,95839,0,0.00390625,1,0,1,0,normal,0.9921875,True,0,False,0.0,0.5361111111111114,1.26666666666668,1.038064236111111,81.85793363701657,98.45161085764407,56.470588235294116,75.45777477865883,88.35219467678321,56.86274509803921,True,0
113,S113,1,256,95839,190804,0,0.01171875,3,0,3,0,normal,0.9765625,True,0,False,0.0,0.4916666666666174,1.2055555555555202,1.0304361979166665,86.37732539715668,114.98897466435372,52.94117647058824,64.06116908143112,80.86878476014651,49.411764705882355,True,0
113,S113,2,512,190804,283927,0,0.0,0,0,0,0,normal,1.0,True,0,False,0.0,0.6694444444444798,1.35277777777776,1.0104492187500003,98.9197377961139,97.98811304310657,52.94117647058824,98.9197377961139,97.98811304310657,52.94117647058824,True,0
113,S113,3,768,283927,377302,0,0.0,0,0,0,0,normal,1.0,True,0,False,0.0,0.7111111111111086,1.3666666666666742,1.01318359375,101.22950526319399,100.56846412648909,59.6078431372549,101.22950526319399,100.56846412648909,59.6078431372549,True,0
113,S113,4,1024,377302,469911,0,0.00390625,1,0,1,0,normal,0.9921875,True,0,False,0.0,0.4833333333333485,1.2472222222220353,1.0048719618055557,100.54341217702729,99.88010241477055,60.3921568627451,95.00008088698335,89.4216288667785,59.21568627450981,True,0
113,S113,5,1280,469911,559613,0,0.00390625,1,0,1,0,normal,0.9921875,True,0,False,0.0,0.4722222222221717,1.2694444444443889,0.9733289930555555,98.08091986422767,106.80957316133836,58.82352941176471,93.01629523129624,94.3502563359188,58.82352941176471,True,0
113,S113,6,1536,559613,649364,0,0.0,0,0,0,0,normal,1.0,True,0,False,0.0,0.683333333333394,1.3888888888889142,0.9738606770833327,106.37366905271237,101.95038806559016,58.03921568627452,106.37366905271237,101.95038806559016,58.03921568627452,True,0
114,S114,1,256,99738,202536,1,0.1015625,26,26,0,0,ventricular,0.80078125,True,9,False,0.0,0.42500000000001137,3.577777777777783,1.1154296875,325.04423261809535,526.7115132170684,53.72549019607843,47.45316952756817,50.459799824917845,27.450980392156865,True,1
115,S115,0,0,163,87655,0,0.0,0,0,0,0,normal,1.0,True,0,False,0.0,0.8055555555555713,1.1999999999999886,0.9493489583333333,66.54308114226512,71.36409927078198,47.05882352941176,66.54308114226512,71.36409927078198,47.05882352941176,True,0
115,S115,1,256,87655,174790,0,0.0,0,0,0,0,normal,1.0,True,0,False,0.0,0.8083333333333371,1.2305555555555543,0.9454752604166666,72.57742093089581,79.19671294671154,56.07843137254902,72.57742093089581,79.19671294671154,56.07843137254902,True,0
115,S115,2,512,174790,259680,0,0.0,0,0,0,0,normal,1.0,True,0,False,0.0,0.7999999999999545,1.125,0.9211154513888891,61.74541071873712,72.24693728279496,55.68627450980392,61.74541071873712,72.24693728279496,55.68627450980392,True,0
115,S115,3,768,259680,345157,0,0.0,0,0,0,0,normal,1.0,True,0,False,0.0,0.8027777777776919,1.2472222222222626,0.9274848090277774,73.3261847756437,79.70628878298699,52.54901960784314,73.3261847756437,79.70628878298699,52.54901960784314,True,0
115,S115,4,1024,345157,429107,0,0.0,0,0,0,0,normal,1.0,True,0,False,0.0,0.7805555555555657,1.2416666666665606,0.9109157986111116,73.17428748402756,67.38897016159713,37.254901960784316,73.17428748402756,67.38897016159713,37.254901960784316,True,0
115,S115,5,1280,429107,510698,0,0.0,0,0,0,0,normal,1.0,True,0,False,0.0,0.7194444444444343,1.2361111111110858,0.8853190104166666,88.80445738104576,65.46437660445412,38.03921568627451,88.80445738104576,65.46437660445412,38.03921568627451,True,0
115,S115,6,1536,510698,595945,0,0.0,0,0,0,0,normal,1.0,True,0,False,0.0,0.6999999999998181,1.2694444444443889,0.9249891493055555,112.10732541388087,79.2026348747002,42.35294117647059,112.10732541388087,79.2026348747002,42.35294117647059,True,0
116,S116,0,0,16,70280,0,0.01953125,5,5,0,0,normal,0.9609375,True,0,True,0.0,0.46944444444446276,1.0666666666666629,0.7624131944444446,49.96420589999899,85.4536005134723,4.705882352941177,13.401673983719304,16.370215103906677,0.0,True,0
116,S116,1,256,70280,139642,0,0.03515625,9,9,0,0,normal,0.9296875,True,0,False,0.0,0.46666666666664014,1.0333333333333314,0.7526258680555555,66.4578324925413,115.73978213110775,10.196078431372548,14.649315866317634,16.101968206836233,0.0,False,-1
116,S116,2,512,139642,208066,0,0.08203125,21,21,0,0,normal,0.8359375,True,0,False,0.0,0.4833333333333485,1.0277777777778283,0.7424479166666667,95.41373519676056,164.12596861985347,24.705882352941178,15.30745737245508,15.331736100273767,0.0,True,0
116,S116,3,768,208066,278962,0,0.09375,24,24,0,0,normal,0.81640625,True,0,False,0.0,0.32222222222219443,1.088888888888846,0.7692708333333331,115.29237774044057,195.45690346859146,27.450980392156865,21.488097014278658,16.91595221083731,0.0,True,0
116,S116,4,1024,278962,350012,0,0.02734375,7,6,1,0,normal,0.9453125,True,0,False,0.0,0.4722222222221717,1.058333333333394,0.7709418402777781,63.17796401614212,107.72369103078968,8.235294117647058,15.464950621621501,16.452264132267523,0.0,True,0
116,S116,6,1536,419534,491057,0,0.0546875,14,14,0,0,normal,0.890625,True,12,False,0.0,0.4777777777778738,9.61666666666656,0.7760742187499998,561.0789350673261,574.3897333018407,16.470588235294116,554.8265527887116,556.1969427594659,0.39215686274509803,True,0
116,S116,8,2048,561392,627874,0,0.01953125,5,5,0,0,normal,0.9609375,True,0,False,0.0,0.48055555555561114,0.9861111111110858,0.7213758680555555,47.83570308547473,80.7034177492357,5.88235294117647,14.48733357241627,16.184317690606292,0.0,True,0
117,S117,0,0,180,110394,0,0.0,0,0,0,0,normal,1.0,True,0,False,0.0,1.0972222222222285,1.313888888888897,1.1958984375,40.65096790297707,62.34105909815612,55.68627450980392,40.65096790297707,62.34105909815612,55.68627450980392,True,0
117,S117,1,256,110394,219392,0,0.0,0,0,0,0,normal,1.0,True,0,False,0.0,1.10277777777776,1.2777777777778283,1.1827039930555556,36.88128718521659,57.87139432645415,49.01960784313725,36.88128718521659,57.87139432645415,49.01960784313725,True,0
117,S117,2,512,219392,325954,0,0.00390625,1,0,1,0,normal,0.9921875,True,0,False,0.0,0.5944444444444343,1.2583333333333258,1.156271701388889,78.66037209851584,56.65684053385336,32.15686274509804,73.22429435803471,48.469474122684574,31.372549019607842,True,0
117,S117,3,768,325954,434943,0,0.0,0,0,0,0,normal,1.0,True,0,False,0.0,1.02222222222224,1.2805555555555657,1.1826063368055553,39.50012365720447,36.508621558134465,16.470588235294116,39.50012365720447,36.508621558134465,16.470588235294116,True,0
117,S117,4,1024,434943,543244,0,0.0,0,0,0,0,normal,1.0,True,0,False,0.0,1.1138888888888232,1.2583333333334394,1.1751410590277782,23.754587679928026,34.27191663961514,12.549019607843137,23.754587679928026,34.27191663961514,12.549019607843137,True,0
118,S118,0,0,70,76358,0,0.03515625,9,2,7,0,normal,0.9296875,True,0,False,0.0,0.62222222222222,1.5444444444444514,0.8277777777777777,75.13362581690734,107.13402402753772,12.156862745098039,62.644553371545385,80.58767796674029,2.7450980392156863,True,0
118,S118,1,256,76358,149707,0,0.05078125,13,1,12,0,normal,0.8984375,True,0,False,0.0,0.5638888888888687,1.4611111111111086,0.7958875868055555,81.39352718715621,98.09613453026464,16.862745098039216,67.05480903278362,53.92405897875035,3.9215686274509802,True,0
118,S118,2,512,149707,216143,0,0.05078125,13,4,9,0,normal,0.90234375,True,0,False,0.0,0.46944444444443434,1.0805555555555202,0.7208767361111112,65.70519862968703,94.17975211296914,18.43137254901961,37.679272390144945,25.3464157858602,4.705882352941177,True,0
118,S118,4,1024,288313,361870,0,0.05859375,15,2,13,0,normal,0.88671875,True,0,False,0.0,0.49722222222214896,1.569444444444457,0.7981445312500002,96.35683596569484,138.15930378363757,19.607843137254903,66.26156901989309,84.26171319656802,5.88235294117647,True,0
118,S118,5,1280,361870,437505,0,0.0234375,6,0,6,0,normal,0.94921875,True,0,False,0.0,0.5805555555555202,1.5527777777776919,0.8206922743055558,84.82280715138262,115.08866420889925,10.196078431372548,78.71135655462295,104.28085003032339,3.5294117647058822,True,0
118,S118,6,1536,437505,515242,0,0.05859375,15,2,13,0,normal,0.8828125,True,0,False,0.0,0.5166666666666515,1.5611111111111313,0.8435004340277779,88.39141730350252,137.26060782828998,18.43137254901961,53.97958766457317,64.59520841778694,1.9607843137254901,True,0
118,S118,7,1792,515242,591666,0,0.03515625,9,4,5,0,normal,0.93359375,True,0,False,0.0,0.5055555555554747,1.1555555555555657,0.8292534722222218,73.75812589348558,89.8445697854152,9.411764705882353,51.56748179317511,18.592214471610184,0.7843137254901961,True,0
119,S119,0,0,309,84939,1,0.2265625,58,58,0,0,ventricular,0.546875,False,0,False,0.0,0.5166666666666799,1.3777777777777658,0.9182942708333334,230.1624801944176,421.67745931001247,65.09803921568627,27.953332433073044,25.17841501816439,7.450980392156863,False,-1
119,S119,1,256,84939,168244,1,0.23828125,61,61,0,0,ventricular,0.5234375,False,0,False,0.0,0.5166666666667084,1.3333333333333712,0.9039171006944444,229.99136507172886,409.89630178071656,71.76470588235294,23.435869905531334,23.373855521806377,6.666666666666667,False,-1
119,S119,2,512,168244,251880,1,0.14453125,37,37,0,0,ventricular,0.7109375,False,0,False,0.0,0.5111111111110631,1.3611111111110858,0.9075086805555554,176.862040807104,306.5514568406254,51.37254901960784,25.16465436156696,27.289388483348812,9.803921568627452,False,-1
119,S119,3,768,251880,335968,1,0.18359375,47,47,0,0,ventricular,0.6328125,False,0,False,0.0,0.5166666666666515,1.3500000000000227,0.9124131944444445,212.16667579429202,378.2373774193669,60.3921568627451,22.919478134903954,26.38964922105328,9.803921568627452,False,-1
119,S119,4,1024,335968,418976,1,0.21484375,55,55,0,0,ventricular,0.5703125,False,0,False,0.0,0.5166666666666515,1.3861111111111768,0.9006944444444449,224.36224470312098,404.78831086858446,63.13725490196078,53.083187642802756,25.529852878423785,10.588235294117647,False,-1
119,S119,5,1280,418976,501573,1,0.32421875,83,83,0,0,ventricular,0.35546875,False,0,False,0.0,0.5,1.4694444444444343,0.8962348090277779,283.1176638884416,521.2544630044896,80.7843137254902,55.090552167364365,13.838705142139103,0.7843137254901961,False,-1
119,S119,6,1536,501573,584822,1,0.30078125,77,77,0,0,ventricular,0.39453125,False,0,False,0.0,0.4833333333333485,1.4694444444444343,0.9033094618055548,265.9925678432338,479.1689163535284,78.03921568627452,64.03706222987387,15.175549466556287,0.7843137254901961,False,-1
121,S121,0,0,165,91068,0,0.0,0,0,0,0,normal,1.0,True,0,False,0.0,0.9083333333333314,1.0555555555555571,0.9863606770833333,31.658607311459058,20.458316786389005,0.7843137254901961,31.658607311459058,20.458316786389005,0.7843137254901961,True,0
121,S121,1,256,91068,181184,0,0.0,0,0,0,0,normal,1.0,True,0,False,0.0,0.8555555555555543,1.0611111111111313,0.9778211805555556,44.27115505671603,20.8436793482566,0.0,44.27115505671603,20.8436793482566,0.0,True,0
121,S121,2,512,181184,274767,0,0.0,0,0,0,0,normal,1.0,True,0,False,0.0,0.9444444444444571,1.0861111111111086,1.0154405381944445,25.95962703800478,22.430262565789583,1.5686274509803921,25.95962703800478,22.430262565789583,1.5686274509803921,True,0
121,S121,3,768,274767,367297,0,0.0078125,2,1,1,0,normal,0.984375,True,0,False,0.0,0.5638888888888687,1.4694444444444343,1.0040147569444442,56.27562607185119,89.4068514620502,4.313725490196078,30.914919755484878,21.657587059068433,2.3529411764705883,True,0
121,S121,4,1024,367297,461364,0,0.0,0,0,0,0,normal,1.0,True,0,False,0.0,0.9499999999998181,1.0750000000000455,1.0206922743055555,24.316696695716125,17.87893334528033,0.0,24.316696695716125,17.87893334528033,0.0,True,0
121,S121,5,1280,461364,554456,0,0.0,0,0,0,0,normal,1.0,True,0,False,0.0,0.8555555555556111,1.0972222222221717,1.0101128472222225,49.97364879930428,22.432960456425363,3.5294117647058822,49.97364879930428,22.432960456425363,3.5294117647058822,True,0
121,S121,6,1536,554456,629583,0,0.0,0,0,0,0,normal,1.0,True,2,False,0.0,0.7138888888889596,2.4305555555554292,0.8151801215277779,111.31023600443878,144.15086639606315,0.7843137254901961,111.31023600443878,144.15086639606315,0.7843137254901961,True,0
122,S122,0,0,93,64454,0,0.0,0,0,0,0,normal,1.0,True,0,False,0.0,0.6111111111111112,0.7638888888888857,0.6983615451388889,24.70102858532925,20.254672424479043,2.3529411764705883,24.70102858532925,20.254672424479043,2.3529411764705883,True,0
122,S122,1,256,64454,131494,0,0.0,0,0,0,0,normal,1.0,True,0,False,0.0,0.6472222222222399,0.9166666666666856,0.7274305555555556,40.80629505122073,19.894419941467834,0.7843137254901961,40.80629505122073,19.894419941467834,0.7843137254901961,True,0
122,S122,2,512,131494,196962,0,0.0,0,0,0,0,normal,1.0,True,0,False,0.0,0.6055555555555543,0.8222222222221944,0.7103732638888889,47.023462747626276,20.687763027798418,1.1764705882352942,47.023462747626276,20.687763027798418,1.1764705882352942,True,0
122,S122,3,768,196962,263852,0,0.0,0,0,0,0,normal,1.0,True,0,False,0.0,0.6333333333333258,0.8277777777777828,0.7258029513888888,38.461945755936625,18.851045006726242,1.1764705882352942,38.461945755936625,18.851045006726242,1.1764705882352942,True,0
122,S122,4,1024,263852,332957,0,0.0,0,0,0,0,normal,1.0,True,0,False,0.0,0.6666666666666288,0.8527777777777601,0.7498372395833335,31.95125014826324,19.43199103226088,0.39215686274509803,31.95125014826324,19.43199103226088,0.39215686274509803,True,0
122,S122,5,1280,332957,401307,0,0.0,0,0,0,0,normal,1.0,True,0,False,0.0,0.6805555555554292,0.8333333333333712,0.7416449652777772,29.55736577283808,18.895936145315403,1.1764705882352942,29.55736577283808,18.895936145315403,1.1764705882352942,True,0
122,S122,6,1536,401307,471643,0,0.0,0,0,0,0,normal,1.0,True,0,False,0.0,0.6944444444443434,0.8611111111110858,0.7631944444444452,33.82176644916502,20.12127356713099,1.5686274509803921,33.82176644916502,20.12127356713099,1.5686274509803921,True,0
122,S122,7,1792,471643,538229,0,0.0,0,0,0,0,normal,1.0,True,0,False,0.0,0.6305555555554747,0.7944444444444798,0.7225043402777773,34.035523050320066,18.456869059860683,0.0,34.035523050320066,18.456869059860683,0.0,True,0
122,S122,8,2048,538229,605154,0,0.0,0,0,0,0,normal,1.0,True,0,False,0.0,0.6555555555555657,0.8805555555557021,0.7261827256944446,40.04301648025411,18.682552375238913,1.5686274509803921,40.04301648025411,18.682552375238913,1.5686274509803921,True,0
123,S123,0,0,71,111464,0,0.0,0,0,0,0,normal,1.0,True,0,False,0.0,0.9472222222222229,1.5083333333333258,1.2086914062499998,116.6815461636247,114.54537398570528,66.66666666666666,116.6815461636247,114.54537398570528,66.66666666666666,True,0
123,S123,1,256,111464,219080,0,0.00390625,1,1,0,0,normal,0.9921875,True,0,False,0.0,0.5194444444444457,1.5111111111111768,1.1677083333333333,138.5247950997217,108.53021046862095,56.86274509803921,129.67123045383084,96.02599486002555,55.68627450980392,True,0
123,S123,2,512,219080,330148,0,0.0,0,0,0,0,normal,1.0,True,0,False,0.0,0.941666666666606,1.47777777777776,1.2051649305555556,99.0610324983901,101.63782225914281,64.70588235294117,99.0610324983901,101.63782225914281,64.70588235294117,True,0
123,S123,3,768,330148,440424,0,0.0,0,0,0,0,normal,1.0,True,0,False,0.0,0.8972222222223536,1.4916666666665606,1.196571180555556,96.78003042422426,99.60312190390957,66.66666666666666,96.78003042422426,99.60312190390957,66.66666666666666,True,0
123,S123,4,1024,440424,548701,0,0.00390625,1,1,0,0,normal,0.9921875,True,0,False,0.0,0.5277777777776009,1.4722222222221717,1.174880642361111,134.95120998795633,109.12675211474647,61.1764705882353,125.26420848823317,99.70216075165193,60.0,True,0
124,S124,0,0,243,109530,0,0.07421875,19,2,17,0,normal,0.92578125,True,0,False,0.0,0.6972222222221944,1.3222222222222229,1.18583984375,82.36925237122409,43.426524005154874,23.137254901960784,68.55565411414553,39.49190124390964,22.745098039215687,False,-1
124,S124,1,256,109530,211434,1,0.12890625,33,20,13,0,ventricular,0.86328125,True,0,False,0.0,0.9611111111111086,1.2999999999999545,1.1057291666666669,55.60047203866204,48.911536643692784,25.882352941176475,48.86680800984483,38.77239008460375,22.35294117647059,False,-1
124,S124,2,512,211434,314817,0,0.04296875,11,11,0,0,normal,0.94140625,True,0,False,0.0,0.7027777777776691,1.5777777777777828,1.1217773437499998,58.70548205773712,89.96707889242897,28.235294117647058,34.51171843441509,39.57771271998834,24.705882352941178,False,-1
124,S124,4,1024,421628,524326,0,0.01953125,5,4,1,0,normal,0.9609375,True,0,False,0.0,0.6416666666666515,1.4500000000000455,1.114344618055556,82.55869250437341,113.71113712548029,25.882352941176475,55.311988296384165,38.60436428465661,20.0,False,-1
124,S124,5,1280,524326,619179,0,0.01171875,3,3,0,0,normal,0.9765625,True,0,False,0.0,0.5805555555555202,1.4972222222222626,1.0292209201388882,76.79307849420255,99.40271881772036,21.176470588235293,52.797193602591456,38.06021339221691,17.647058823529413,False,-1
200,S200,0,0,224,65637,1,0.30859375,79,79,0,0,ventricular,0.4140625,False,0,False,0.0,0.4166666666666643,1.3055555555555571,0.7097764756944445,167.93525036720752,302.0170932558898,72.54901960784314,69.82733706259143,34.37794387772457,10.980392156862745,False,-1
200,S200,2,512,125443,189812,1,0.28125,72,69,3,0,ventricular,0.44921875,False,0,False,0.0,0.4388888888889255,1.319444444444457,0.6984483506944446,155.5486616405176,276.8456036485055,71.76470588235294,61.75522179650973,34.03272415697546,12.156862745098039,True,1
200,S200,4,1024,252831,313241,1,0.21484375,55,50,5,0,ventricular,0.578125,False,0,False,0.0,0.4388888888888687,1.1222222222222626,0.6554904513888893,98.93065679555853,158.79038112169414,59.21568627450981,54.70908691491757,33.674145140282235,14.117647058823529,True,1
200,S200,5,1280,313241,373707,1,0.27734375,71,69,2,0,ventricular,0.46875,False,0,False,0.0,0.3916666666666515,1.2111111111112223,0.6560980902777778,124.16194914041708,215.33998328201318,70.19607843137254,49.22055479842647,32.83329915891733,14.117647058823529,True,1
200,S200,6,1536,373707,440943,1,0.4765625,122,121,1,0,ventricular,0.09765625,False,2,False,0.0,0.4249999999999545,1.3222222222220807,0.7295572916666666,200.78601728393411,367.5766914018949,94.50980392156862,91.93200995218294,24.201781703968894,3.9215686274509802,False,-1
200,S200,7,1792,440943,505094,1,0.484375,124,122,2,0,ventricular,0.05078125,False,0,False,0.0,0.408333333333303,1.2527777777777374,0.696082899305555,162.797679376483,303.43510626392435,96.47058823529412,22.677087752421617,9.098894942837303,1.1764705882352942,True,1
200,S200,8,2048,505094,569993,1,0.41015625,105,100,5,0,ventricular,0.21484375,False,0,False,0.0,0.3611111111113132,1.2555555555554747,0.7041992187500004,163.7121905587866,288.3524221183879,89.41176470588236,83.8185563167587,24.855157654919598,8.627450980392156,False,-1
200,S200,9,2304,569993,639680,1,0.27734375,71,62,9,0,ventricular,0.453125,False,1,False,0.0,0.45833333333325754,1.1972222222220807,0.7561523437500002,170.48381035491468,304.30189441342696,80.7843137254902,63.758423597708976,53.27070964615884,17.647058823529413,True,1
201,S201,0,0,160,62075,0,0.00390625,1,0,1,0,normal,0.9921875,True,0,False,1.0,0.3166666666666629,1.1527777777777857,0.6718207465277777,147.122160712076,198.2672763065824,77.64705882352942,146.56453142084712,196.79162235446805,76.47058823529412,True,0
201,S201,1,256,62075,126013,0,0.0078125,2,0,2,0,normal,0.984375,True,0,False,1.0,0.3722222222222058,1.5333333333333599,0.6937717013888889,170.3456501769948,228.39579530393172,74.90196078431373,167.5306163917177,225.47678040985613,72.94117647058823,True,0
201,S201,2,512,126013,220411,1,0.1484375,38,23,15,0,ventricular,0.7265625,False,3,False,0.3984375,0.3916666666666515,3.7083333333333144,1.0242838541666666,457.05605296017603,428.58410835295757,82.74509803921568,453.65503388330114,315.36130159652953,63.921568627450974,True,1
201,S201,3,768,220411,326340,1,0.3046875,78,71,7,0,ventricular,0.390625,False,0,False,0.0,0.4722222222222854,1.875,1.1494032118055557,216.00165972829137,352.9113019915061,91.76470588235294,62.791281336541104,71.28176577165354,9.411764705882353,True,1
201,S201,4,1024,326340,428398,1,0.3125,80,59,21,0,ventricular,0.40625,False,2,False,0.0,0.3972222222223536,2.327777777777783,1.1074001736111114,258.59862390697265,375.779952233476,85.49019607843137,121.61940910805903,94.04483145589934,20.392156862745097,False,-1
201,S201,5,1280,428398,532106,1,0.2734375,70,45,25,0,ventricular,0.484375,False,1,False,0.0,0.37222222222226264,2.0666666666668334,1.1253038194444445,248.24224333173402,379.74118930469,79.6078431372549,192.90398592996237,64.39129727216665,17.647058823529413,True,1
201,S201,6,1536,532106,607560,1,0.1953125,50,2,48,0,supraventricular,0.65625,False,1,False,0.56640625,0.33333333333325754,2.1083333333333485,0.8187282986111111,438.73128717902006,581.7778046155979,86.66666666666667,574.3686770545796,182.77664693712435,70.58823529411765,False,-1
202,S201,0,0,349,104492,0,0.015625,4,4,0,0,normal,0.96875,True,0,False,0.0,0.6416666666666515,1.5972222222222285,1.1300238715277775,86.04653933861479,140.83956941756662,31.76470588235294,39.33073367917717,41.659645983199496,27.058823529411764,True,0
202,S201,3,768,296562,398799,0,0.00390625,1,0,1,0,normal,0.9921875,True,0,False,0.0,0.48055555555549745,1.2472222222222626,1.1093424479166671,64.5298469792606,74.63256236905904,26.27450980392157,50.38909633120569,42.64087440585328,25.098039215686274,True,0
202,S201,4,1024,398799,454704,1,0.1171875,30,0,30,0,supraventricular,0.80859375,True,0,False,0.76171875,0.3972222222221262,1.4527777777777828,0.6066080729166661,246.4722195577611,303.65800176884335,52.156862745098046,212.42438667060557,109.65502905638165,33.33333333333333,True,1
202,S201,5,1280,454704,512000,0,0.03125,8,2,6,0,normal,0.953125,True,0,False,0.9609375,0.37777777777773736,1.6305555555554747,0.6217013888888889,205.92581327092225,261.3845159259093,71.37254901960785,192.5981482425961,199.90819639677485,71.37254901960785,False,-1
202,S201,6,1536,512000,565984,0,0.0,0,0,0,0,normal,1.0,True,0,False,1.0,0.38888888888891415,1.091666666666697,0.5857638888888888,150.84106172299687,151.68264657612457,53.72549019607843,150.84106172299687,151.68264657612457,53.72549019607843,True,0
202,S201,7,1792,565984,627645,0,0.0078125,2,1,1,0,normal,0.984375,True,0,False,1.0,0.34444444444443434,1.0888888888887323,0.6690646701388889,154.90060287054635,212.17674802807298,79.6078431372549,154.32552844001953,207.4605781130113,78.43137254901961,True,0
203,S203,8,2048,437598,498164,0,0.08203125,21,21,0,0,normal,0.83984375,True,0,False,1.0,0.3111111111111313,1.224999999999909,0.657183159722222,207.93463005975053,273.5509566378855,83.13725490196079,197.3292036665698,209.1957000472425,72.54901960784314,False,-1
203,S203,10,2560,555352,614721,1,0.171875,44,44,0,0,ventricular,0.72265625,False,7,False,0.9453125,0.2777777777778283,2.113888888888823,0.6441948784722227,234.32387357921976,318.74855527696485,82.35294117647058,182.48584542542875,201.30216707243406,66.66666666666666,False,-1
205,S205,0,0,229,61700,0,0.0,0,0,0,0,normal,1.0,True,0,False,0.0,0.6388888888888857,0.7027777777777775,0.6670030381944445,11.41899958903224,13.657107378263671,0.0,11.41899958903224,13.657107378263671,0.0,True,0
205,S205,1,256,61700,120023,0,0.08203125,21,20,1,0,normal,0.8984375,True,1,False,0.0,0.25,0.9611111111111086,0.6328450520833334,91.0270298976342,78.3759676310682,8.235294117647058,19.11310319967557,13.928130393899561,0.0,False,-1
205,S205,2,512,120023,180565,0,0.00390625,1,1,0,0,normal,0.9921875,True,2,False,0.0,0.4861111111111427,1.9361111111111313,0.6569227430555555,83.12901320435071,118.48745167446728,1.9607843137254901,81.44965042865805,114.99660567754697,0.7843137254901961,True,0
205,S205,3,768,180565,240364,0,0.01171875,3,3,0,0,normal,0.9765625,True,0,False,0.0,0.37222222222226264,0.9611111111111086,0.6488606770833334,36.89977298030986,59.97735189433772,3.5294117647058822,13.982189344213982,13.67150135006892,0.0,True,0
205,S205,4,1024,240364,300834,0,0.0078125,2,2,0,0,normal,0.984375,True,0,False,0.0,0.558333333333394,0.7638888888889142,0.6561414930555554,17.75547465273535,20.54245004110661,1.1764705882352942,15.243153862578003,13.527245221011222,0.0,True,0
205,S205,5,1280,300834,362333,0,0.05078125,13,13,0,0,normal,0.90625,True,1,False,0.0,0.33888888888884594,1.3138888888888687,0.6673068576388892,54.91498963317539,75.16744802959168,3.5294117647058822,43.303727105510504,60.03264204125818,1.1764705882352942,True,0
205,S205,6,1536,362333,426635,0,0.0,0,0,0,0,normal,1.0,True,0,False,0.0,0.6416666666666515,0.7472222222222626,0.6977213541666663,16.33635498018983,16.790570661293987,0.39215686274509803,16.33635498018983,16.790570661293987,0.39215686274509803,True,0
205,S205,7,1792,426635,492934,0,0.01953125,5,4,1,0,normal,0.9609375,True,0,False,0.0,0.3638888888888232,1.0527777777776919,0.7193901909722227,60.516242746537635,104.78029139594929,5.490196078431373,13.479158174348596,15.304607721549978,0.0,True,0
205,S205,8,2048,492934,558355,1,0.125,32,31,1,0,ventricular,0.84375,True,1,False,0.0,0.22500000000013642,1.125,0.7098632812499996,109.49828086586125,135.55664934018665,14.901960784313726,14.775824220508731,14.469022210997986,0.0,False,-1
205,S205,9,2304,558355,626045,0,0.01953125,5,5,0,0,normal,0.9609375,True,0,False,0.0,0.3805555555554747,1.0944444444444343,0.7344835069444446,62.264834599183935,107.56950993401695,5.88235294117647,12.128517711365998,15.073651185371649,0.0,True,0
207,S207,3,768,213087,293904,0,0.0,0,0,0,0,normal,1.0,True,0,False,0.0,0.7611111111111768,1.0305555555555657,0.8769205729166667,47.72690110931258,31.108095870052228,9.411764705882353,47.72690110931258,31.108095870052228,9.411764705882353,True,0
207,S207,4,1024,293904,382667,0,0.0,0,0,0,0,normal,1.0,True,0,False,0.0,0.8138888888889824,1.0444444444443661,0.9631401909722226,29.663856700164764,35.60097181117156,11.372549019607844,29.663856700164764,35.60097181117156,11.372549019607844,True,0
207,S207,5,1280,382667,472321,0,0.0,0,0,0,0,normal,1.0,True,0,False,0.0,0.9138888888887777,1.0361111111112677,0.9728081597222218,27.711582005785257,33.16770762133476,13.333333333333334,27.711582005785257,33.16770762133476,13.333333333333334,True,0
208,S208,0,0,46,53836,1,0.4609375,118,118,0,0,ventricular,0.25,False,0,False,0.0,0.3972222222222399,0.8333333333333428,0.5836588541666667,74.20042689865494,108.68567360762397,49.01960784313725,33.22032156398066,11.744206570744671,0.39215686274509803,False,-1
208,S208,1,256,53836,107262,1,0.47265625,121,121,0,0,ventricular,0.234375,False,2,False,0.0,0.40277777777777146,1.1833333333333371,0.5797092013888888,74.94374440980518,101.80767510953575,48.627450980392155,24.087494009202338,9.604594130849378,0.39215686274509803,False,-1
208,S208,3,768,161725,219718,1,0.6484375,166,166,0,0,ventricular,0.0234375,False,0,False,0.0,0.3583333333333485,0.9361111111110745,0.6292643229166668,112.69804693048822,187.06903995066264,89.41176470588236,50.7170747992841,3.420659539287177,0.0,False,-1
208,S208,4,1024,219718,275839,1,0.609375,156,156,0,0,ventricular,0.08203125,False,0,False,0.0,0.44166666666660603,0.8388888888889596,0.6089518229166666,82.10243965022309,130.23589940591924,71.76470588235294,58.95232113861235,7.986149733545695,0.0,False,-1
208,S208,6,1536,331998,391198,1,0.51171875,131,129,2,0,ventricular,0.17578125,False,0,False,0.0,0.3111111111111313,0.9861111111110858,0.6423611111111107,99.42585116037472,144.7065871649279,58.03921568627452,30.12259987837736,12.382050761627205,0.39215686274509803,False,-1
208,S208,10,2560,558074,618577,1,0.41796875,107,107,0,0,ventricular,0.25,False,0,False,0.0,0.32777777777778283,0.9722222222221717,0.6564995659722221,95.66547510665303,136.70295052999666,54.509803921568626,37.136993734726886,11.677410874955738,0.0,False,-1
209,S209,0,0,190,58551,0,0.0234375,6,0,6,0,normal,0.953125,True,0,False,0.0,0.46944444444443434,0.7166666666666686,0.6332573784722223,34.40137540041815,45.65348950352975,10.980392156862745,24.435148505845394,25.831605583285658,5.098039215686274,True,0
209,S209,2,512,112955,163981,1,0.140625,36,0,36,0,supraventricular,0.79296875,False,0,False,0.0,0.3583333333333485,0.7138888888888459,0.5536675347222222,73.8327498118352,72.5503689838934,23.92156862745098,38.73468063574073,24.62173192996723,5.490196078431373,True,1
209,S209,3,768,163981,215965,1,0.3359375,86,0,86,0,supraventricular,0.625,False,0,False,0.0,0.33333333333337123,0.7861111111111541,0.5640625000000001,124.62640855384228,61.44491917540225,17.647058823529413,26.252548215397653,21.745812374933617,3.5294117647058822,True,1
209,S209,4,1024,215965,266892,1,0.328125,84,0,84,0,supraventricular,0.63671875,False,0,False,0.0,0.3361111111111086,0.7805555555555657,0.552593315972222,117.33131959914388,56.24140914520467,16.07843137254902,43.92395077623572,23.359168876396936,3.9215686274509802,True,1
209,S209,6,1536,317763,375951,0,0.046875,12,0,12,0,normal,0.90625,True,0,False,0.0,0.4111111111110404,0.8222222222221944,0.6313802083333337,47.60336938123805,69.70604322348166,22.35294117647059,31.515269249619887,34.653999789988056,9.411764705882353,True,0
209,S209,7,1792,375951,433931,0,0.04296875,11,0,11,0,normal,0.9140625,True,0,False,0.0,0.4444444444443434,0.7583333333332121,0.6291232638888884,41.1812455625226,62.37575401498314,18.43137254901961,24.88917023537009,30.440464571375387,7.0588235294117645,True,0
209,S209,8,2048,433931,492234,0,0.03125,8,0,8,0,normal,0.9375,True,0,False,0.0,0.43055555555542924,0.7777777777778283,0.6326280381944445,40.24649303151392,61.76908607999311,18.43137254901961,26.778817864213526,35.04213553437478,9.803921568627452,True,0
209,S209,9,2304,492234,550779,0,0.04296875,11,0,11,0,normal,0.9140625,True,0,False,0.0,0.4194444444444798,0.7583333333332121,0.63525390625,41.6381969162883,61.233537499823385,15.686274509803921,22.706441834640714,23.712722957284367,4.705882352941177,True,0
210,S210,0,0,57,62251,0,0.078125,20,20,0,0,normal,0.85546875,True,1,False,1.0,0.344444444444445,1.5472222222222207,0.6748480902777778,123.33068781326736,180.5009134679636,69.01960784313725,98.38017446063762,134.5568775133011,55.68627450980392,True,0
210,S210,2,512,124051,187890,0,0.05859375,15,15,0,0,normal,0.90234375,True,1,False,0.9765625,0.3361111111111086,1.2111111111111086,0.6926974826388888,122.88956086217453,162.37055623130675,69.01960784313725,101.6067010266779,126.34652381975611,57.647058823529406,True,0
210,S210,3,768,187890,250954,0,0.0703125,18,17,1,0,normal,0.8671875,True,1,False,0.95703125,0.3305555555555202,1.3999999999999773,0.6842881944444446,124.25105455575559,171.0938861827863,71.76470588235294,103.38153819647168,114.16171247336713,58.43137254901961,True,0
210,S210,6,1536,375246,439102,1,0.16015625,41,39,2,0,ventricular,0.71484375,False,2,False,0.8984375,0.32777777777778283,1.3527777777778738,0.6928819444444452,136.09821645381655,194.80972536575678,67.45098039215686,111.38432167564665,109.50163343059491,43.529411764705884,False,-1
210,S210,7,1792,439102,502339,0,0.06640625,17,15,2,0,normal,0.87109375,True,1,False,1.0,0.2999999999999545,1.2861111111112677,0.6861653645833332,131.04505443615517,192.64998306972748,66.66666666666666,101.78006052157889,121.38552988381342,50.19607843137255,True,0
210,S210,8,2048,502339,565566,0,0.03515625,9,8,1,0,normal,0.9296875,True,0,False,1.0,0.33888888888873225,1.1000000000001364,0.6860568576388886,105.70865264031993,152.37201017373116,64.31372549019608,82.20719131397365,108.41318770768709,57.25490196078431,True,0
210,S210,9,2304,565566,629124,0,0.0859375,22,19,3,0,normal,0.828125,True,2,False,0.98046875,0.32777777777778283,1.6222222222222626,0.6896484374999998,146.3806111700812,216.8513541666884,67.45098039215686,111.55690518222778,141.43813813588307,50.588235294117645,False,-1
212,S212,0,0,215,60265,0,0.0,0,0,0,0,normal,1.0,True,0,False,0.0,0.5416666666666572,0.7638888888888857,0.6515842013888888,39.67335704816367,30.527319098293148,9.803921568627452,39.67335704816367,30.527319098293148,9.803921568627452,True,0
212,S212,1,256,60265,119459,0,0.0,0,0,0,0,normal,1.0,True,0,False,0.0,0.5777777777777828,0.7277777777777601,0.6422960069444446,28.41686359361959,20.309127585339407,1.9607843137254901,28.41686359361959,20.309127585339407,1.9607843137254901,True,0
212,S212,2,512,119459,177833,0,0.0,0,0,0,0,normal,1.0,True,0,False,0.0,0.5666666666666629,0.7305555555555543,0.6333984374999999,33.20502692500125,24.269776030373315,3.9215686274509802,33.20502692500125,24.269776030373315,3.9215686274509802,True,0
212,S212,3,768,177833,236758,0,0.0,0,0,0,0,normal,1.0,True,0,False,0.0,0.5472222222222172,0.75,0.6393771701388891,35.19969737575016,23.34707552581955,2.3529411764705883,35.19969737575016,23.34707552581955,2.3529411764705883,True,0
212,S212,4,1024,236758,295757,0,0.0,0,0,0,0,normal,1.0,True,0,False,0.0,0.5499999999999545,0.7611111111111768,0.6401801215277776,40.198040520459905,26.612826912639857,6.2745098039215685,40.198040520459905,26.612826912639857,6.2745098039215685,True,0
212,S212,5,1280,295757,356308,0,0.0,0,0,0,0,normal,1.0,True,0,False,0.0,0.591666666666697,0.783333333333303,0.6570203993055554,36.11815273800654,26.53995859230999,7.0588235294117645,36.11815273800654,26.53995859230999,7.0588235294117645,True,0
212,S212,6,1536,356308,416516,0,0.0,0,0,0,0,normal,1.0,True,0,False,0.0,0.5527777777778056,0.7583333333333258,0.653298611111111,36.07590038010305,24.239834895046496,2.7450980392156863,36.07590038010305,24.239834895046496,2.7450980392156863,True,0
212,S212,7,1792,416516,477592,0,0.0,0,0,0,0,normal,1.0,True,0,False,0.0,0.5888888888889596,0.7250000000001364,0.6627170138888889,28.053337721611772,22.116442137691227,2.3529411764705883,28.053337721611772,22.116442137691227,2.3529411764705883,True,0
212,S212,8,2048,477592,540691,0,0.0,0,0,0,0,normal,1.0,True,0,False,0.0,0.5805555555555202,0.9833333333333485,0.6846679687500004,50.34494374492493,30.37877162080954,7.450980392156863,50.34494374492493,30.37877162080954,7.450980392156863,True,0
212,S212,9,2304,540691,603946,0,0.0,0,0,0,0,normal,1.0,True,0,False,0.0,0.6000000000001364,0.8166666666668334,0.686360677083333,35.24172741308112,27.74289749057211,6.2745098039215685,35.24172741308112,27.74289749057211,6.2745098039215685,True,0
213,S213,0,0,95,50232,0,0.0859375,22,21,1,0,normal,0.828125,True,0,False,0.0,0.43611111111111,0.625,0.5440212673611111,16.598497657258665,25.50150578663117,2.7450980392156863,13.160721769737275,18.590546198867056,0.7843137254901961,False,-1
213,S213,1,256,50232,100436,1,0.35546875,91,91,0,0,ventricular,0.29296875,False,0,False,0.0,0.4166666666666572,0.6472222222222115,0.5447482638888889,20.132502180129443,33.61311414834842,10.980392156862745,10.005845222172074,8.751847130964148,0.0,False,-1
213,S213,2,512,100436,150839,0,0.09765625,25,19,6,0,normal,0.8046875,True,0,False,0.0,0.3944444444444457,0.6777777777778056,0.5469075520833333,30.009335896940758,49.79168660723355,10.980392156862745,10.870601471018412,14.955907524607847,0.39215686274509803,False,-1
213,S213,3,768,150839,201295,1,0.33203125,85,82,3,0,ventricular,0.3359375,False,0,False,0.0,0.45277777777778283,0.6361111111111768,0.5474826388888892,22.26965933602495,37.29661216664338,14.50980392156863,10.362205547679226,7.836707277104463,0.0,False,-1
213,S213,4,1024,201295,252020,1,0.18359375,47,44,3,0,ventricular,0.63671875,False,0,False,0.0,0.4194444444444798,0.655555555555452,0.5504014756944442,25.0873880217816,42.22000051486436,12.941176470588237,12.992540281086418,14.881864189509924,0.39215686274509803,False,-1
213,S213,5,1280,252020,302973,1,0.21484375,55,55,0,0,ventricular,0.5703125,False,0,False,0.0,0.5027777777777374,0.6055555555556111,0.552875434027778,15.750685946175627,24.43379645290405,6.2745098039215685,11.07597121740612,12.889747432113358,0.39215686274509803,False,-1
213,S213,6,1536,302973,354305,1,0.12890625,33,28,5,0,ventricular,0.75390625,False,1,False,0.0,0.3638888888888232,1.0472222222222172,0.556987847222222,48.4590486559049,72.56308868666305,12.549019607843137,12.817706901664542,16.451142327510905,0.39215686274509803,False,-1
213,S213,7,1792,354305,405606,1,0.21875,56,54,2,0,ventricular,0.5859375,False,0,False,0.0,0.36666666666656056,0.8833333333334394,0.5566514756944447,35.81078073960506,55.41621960496608,12.941176470588237,12.644198838160747,12.826431219918973,0.0,False,-1
213,S213,8,2048,405606,457358,1,0.125,32,32,0,0,ventricular,0.75,False,0,False,0.0,0.41666666666674246,0.6888888888888687,0.5615451388888886,20.182649098134412,32.542823210827194,5.490196078431373,14.110169699604542,17.5295617400025,0.39215686274509803,False,-1
213,S213,9,2304,457358,509629,1,0.21875,56,56,0,0,ventricular,0.5703125,False,1,False,0.0,0.49166666666678793,1.1833333333331666,0.5671766493055559,42.76736818912126,63.24555320333548,5.098039215686274,13.586148127059323,16.163480947583583,0.39215686274509803,False,-1
213,S213,10,2560,509629,561823,1,0.12109375,31,28,3,0,ventricular,0.7734375,False,0,False,0.0,0.3805555555554747,0.8916666666666515,0.5663411458333334,36.17535945943917,55.53131279336737,7.0588235294117645,14.206364848641897,18.207768547280565,0.39215686274509803,False,-1
213,S213,11,2816,561823,614021,1,0.1875,48,45,3,0,ventricular,0.6328125,False,0,False,0.0,0.29722222222221717,0.8472222222221717,0.5663845486111105,39.3934584769552,63.33854085535086,15.294117647058824,17.003477799252448,17.71167820302243,0.39215686274509803,False,-1
214,S214,0,0,59,72390,1,0.1015625,26,26,0,0,ventricular,0.80078125,True,0,False,0.0,0.36111111111108585,1.3305555555555486,0.7848415798611111,156.41080709350038,258.48386225120464,44.70588235294118,50.80002292904329,40.57017672987756,15.294117647058824,True,1
214,S214,1,256,72390,146818,1,0.13671875,35,33,0,2,ventricular,0.75,False,3,False,0.0,0.26111111111111995,1.88611111111112,0.8075954861111111,220.06454797205961,332.7651293692519,50.588235294117645,70.92892527431557,73.58333837078888,14.50980392156863,False,-1
214,S214,2,512,146818,218510,1,0.109375,28,28,0,0,ventricular,0.78125,False,0,False,0.0,0.3722222222222058,1.3916666666666515,0.7779079861111109,158.78146625936841,259.33182535643664,49.01960784313725,55.35265412790158,36.64545170905763,17.647058823529413,False,-1
214,S214,3,768,218510,293509,1,0.1171875,30,30,0,0,ventricular,0.765625,False,0,False,0.0,0.375,1.4277777777776919,0.8137912326388892,194.2399082655637,324.65612219100734,51.37254901960784,47.61338586312673,36.10496568008556,16.470588235294116,True,1
214,S214,4,1024,293509,368489,1,0.125,32,32,0,0,ventricular,0.765625,False,0,False,0.0,0.375,1.4666666666665833,0.8135850694444442,201.30211393976143,331.4959344958361,47.45098039215686,47.700794376055036,33.9703044193719,13.333333333333334,True,1
214,S214,5,1280,368489,442524,1,0.109375,28,28,0,0,ventricular,0.78515625,False,0,False,0.0,0.36111111111108585,1.3999999999998636,0.8033311631944446,177.06529681683165,283.7071949249402,46.27450980392157,66.81101529905018,35.7414674201171,15.294117647058824,False,-1
214,S214,6,1536,442524,517063,1,0.10546875,27,27,0,0,ventricular,0.796875,False,0,False,0.0,0.3888888888886868,1.3388888888887323,0.8087999131944441,167.69722933951294,264.78159975741494,46.27450980392157,70.3433026107023,38.66611939196196,16.862745098039216,False,-1
214,S214,7,1792,517063,591345,1,0.125,32,32,0,0,ventricular,0.75390625,False,0,False,0.0,0.37777777777773736,1.3944444444443889,0.8060112847222225,182.82155323497307,299.92136668166114,52.156862745098046,61.55988756567983,37.82681895251733,16.470588235294116,False,-1
215,S215,0,0,125,49050,0,0.06640625,17,17,0,0,normal,0.87890625,True,0,False,0.0,0.30555555555555713,0.9305555555555536,0.5308702256944444,58.985542327727615,91.58988664031503,19.215686274509807,22.629378897376515,18.779546504125914,1.9607843137254901,True,0
215,S215,1,256,49050,97364,0,0.0625,16,16,0,0,normal,0.88671875,True,0,False,0.0,0.3194444444444571,0.8527777777777885,0.524240451388889,50.42270466703639,67.75393344639085,10.980392156862745,25.0927322723574,21.651007785843074,1.5686274509803921,False,-1
215,S215,2,512,97364,146543,0,0.03515625,9,7,2,0,normal,0.93359375,True,0,False,0.0,0.36388888888888005,0.7472222222222058,0.5336263020833332,41.65255837536162,58.32944275852381,11.76470588235294,25.834538925209305,22.59485818491733,3.1372549019607843,True,0
215,S215,3,768,146543,195701,0,0.06640625,17,17,0,0,normal,0.87890625,True,0,False,0.0,0.2888888888888914,0.9388888888889255,0.5333984375000003,58.89882027053204,89.23492693957404,19.607843137254903,27.281630020587624,23.702778185221707,4.705882352941177,True,0
215,S215,4,1024,195701,245085,0,0.05859375,15,14,1,0,normal,0.88671875,True,0,False,0.0,0.3250000000000455,0.8833333333333258,0.5358506944444441,51.02310494233962,78.23666372433308,16.862745098039216,26.381150740138086,21.350397794897447,1.5686274509803921,True,0
215,S215,5,1280,245085,294589,0,0.02734375,7,7,0,0,normal,0.94921875,True,0,False,0.0,0.36111111111119953,0.7361111111110858,0.537152777777778,38.540298853036774,54.21810584752865,8.235294117647058,26.257106242356905,20.97434725944405,1.5686274509803921,True,0
215,S215,6,1536,294589,344218,0,0.0234375,6,6,0,0,normal,0.953125,True,0,False,0.0,0.33888888888884594,0.7611111111110631,0.5385091145833334,39.70213123085878,55.239843674820385,9.019607843137255,26.609581255480645,22.111196870171135,1.9607843137254901,True,0
215,S215,7,1792,344218,393680,0,0.05859375,15,15,0,0,normal,0.890625,True,0,False,0.0,0.36666666666667425,0.7611111111111768,0.5366970486111113,49.000111579995085,74.66397734807558,15.294117647058824,26.72479512283175,21.733308587752823,1.1764705882352942,True,0
215,S215,8,2048,393680,443431,0,0.04296875,11,11,0,0,normal,0.92578125,True,0,False,0.0,0.3333333333334849,0.7361111111110858,0.539832899305555,47.846202204697754,63.63095608095773,10.196078431372548,27.451974599001087,22.056160575173056,0.7843137254901961,True,0
215,S215,9,2304,443431,493672,0,0.0390625,10,10,0,0,normal,0.921875,True,0,False,0.0,0.28055555555556566,1.0861111111112223,0.5451497395833336,67.0433476219133,93.04600315162342,15.686274509803921,50.547772273821074,43.40770669182116,5.490196078431373,True,0
215,S215,10,2560,493672,543219,0,0.06640625,17,17,0,0,normal,0.875,True,0,False,0.0,0.28888888888877773,0.8527777777778738,0.5376193576388886,58.275863209960086,91.04928424598185,19.215686274509807,27.606125107320167,22.685407495243822,3.1372549019607843,True,0
215,S215,11,2816,543219,593118,0,0.046875,12,12,0,0,normal,0.9140625,True,0,False,0.0,0.33611111111122227,0.9361111111111313,0.5414388020833334,60.30546319213304,90.51748802225423,14.50980392156863,29.102146693010642,24.112745460979536,2.7450980392156863,True,0
215,S215,12,3072,593118,643295,0,0.046875,12,12,0,0,normal,0.91015625,True,1,False,0.0,0.341666666666697,1.0361111111110404,0.5444552951388895,60.44622360518842,86.23839773703514,18.823529411764707,35.02925181801905,32.47968907690666,5.490196078431373,True,0
219,S219,0,0,301,73110,0,0.04296875,11,11,0,0,normal,0.9140625,True,0,False,0.94921875,0.45277777777778283,1.2333333333333343,0.7900282118055556,141.16543110668107,210.63284317978326,80.7843137254902,135.1170700320866,194.00661361417494,74.50980392156863,True,0
219,S219,1,256,73110,145928,0,0.046875,12,8,4,0,normal,0.90625,True,0,False,0.8984375,0.5472222222222172,2.580555555555577,0.7901258680555555,172.88204077766872,242.91155086661195,74.50980392156863,169.4892133420888,229.5000732632908,65.09803921568627,False,-1
219,S219,2,512,145928,219126,0,0.03125,8,8,0,0,normal,0.9375,True,0,False,1.0,0.5472222222222172,1.6527777777777715,0.7942491319444442,137.54763422772749,179.69646466802163,71.37254901960785,134.97908054940115,170.78331006811288,65.88235294117646,False,-1
219,S219,3,768,219126,291024,0,0.0234375,6,6,0,0,normal,0.953125,True,0,False,1.0,0.5361111111111541,1.4583333333332575,0.7801432291666668,141.68283040077037,208.46698690300238,83.13725490196079,140.28920065341853,202.21744390117965,78.82352941176471,False,-1
219,S219,4,1024,291024,381666,0,0.03125,8,5,3,0,normal,0.9375,True,0,False,0.453125,0.5249999999998636,2.5611111111111313,0.9835286458333337,348.03068122028867,481.7091069948865,81.96078431372548,353.98473357875906,462.3796215966386,76.47058823529412,False,-1
219,S219,5,1280,381666,465448,0,0.0234375,6,6,0,0,normal,0.953125,True,0,False,0.52734375,0.5222222222221262,1.6000000000001364,0.9090928819444439,284.3393253737073,299.63162245419494,62.745098039215684,286.78085527151217,276.60726512013514,60.78431372549019,True,0
219,S219,6,1536,465448,545088,0,0.04296875,11,11,0,0,normal,0.9140625,True,0,False,0.796875,0.5027777777777374,3.077777777777783,0.8641493055555562,277.9620167874908,366.8668991799077,78.03921568627452,288.6071489053855,342.87430061141725,71.76470588235294,False,-1
219,S219,7,1792,545088,619622,0,0.01953125,5,5,0,0,normal,0.9609375,True,0,False,1.0,0.5333333333335304,1.316666666666606,0.8087456597222218,144.19371982192507,202.10239093628837,75.29411764705883,143.50986474300004,195.0967893165814,74.50980392156863,False,-1
220,S220,0,0,18,77296,0,0.00390625,1,0,1,0,normal,0.9921875,True,0,False,0.0,0.5388888888888914,0.9749999999999943,0.8385199652777777,24.847321472953304,38.255027215229106,2.3529411764705883,13.878259651377203,18.358238843368625,1.1764705882352942,True,0
220,S220,1,256,77296,155112,0,0.0703125,18,0,18,0,normal,0.89453125,True,0,False,0.0,0.38055555555553156,1.1222222222222058,0.8443576388888889,108.07336412551176,110.46366376261625,14.50980392156863,29.890531604665107,21.591120179099445,2.7450980392156863,True,0
220,S220,2,512,155112,236591,0,0.06640625,17,0,17,0,normal,0.8984375,True,0,False,0.0,0.40555555555556566,1.080555555555577,0.8841037326388888,108.27610194224403,105.50595096340955,13.725490196078432,31.610875067287417,24.564018954409846,1.5686274509803921,True,0
220,S220,3,768,236591,322040,0,0.03515625,9,0,9,0,normal,0.9375,True,0,False,0.0,0.41666666666662877,1.0611111111111313,0.9271809895833334,71.22004175389404,88.43207098610202,12.156862745098039,26.80234342917773,24.549232386781853,3.9215686274509802,True,0
220,S220,4,1024,322040,407631,0,0.0546875,14,0,14,0,normal,0.91015625,True,0,False,0.0,0.4027777777778283,1.1000000000000227,0.9287217881944447,105.11768968807588,125.8345416843056,18.43137254901961,35.59387523627772,29.303118240962583,6.666666666666667,True,0
220,S220,5,1280,407631,489695,0,0.0859375,22,0,22,0,normal,0.859375,True,0,False,0.0,0.39444444444438886,1.091666666666697,0.8904513888888888,113.9228919960539,132.51975823597846,22.745098039215687,32.084011861692844,26.92977574646257,6.2745098039215685,True,0
220,S220,6,1536,489695,569524,0,0.03125,8,0,8,0,normal,0.9453125,True,0,False,0.0,0.4555555555555202,1.125,0.8662000868055557,69.47510811982293,89.52708668093054,11.372549019607844,35.80126820581918,26.07542292943562,5.098039215686274,True,0
221,S221,0,0,221,69315,1,0.1875,48,48,0,0,ventricular,0.62890625,False,0,False,1.0,0.40555555555555145,1.3694444444444542,0.7497178819444444,202.75795702328543,309.0793542184069,86.27450980392157,139.34868921539643,161.23766409184623,51.76470588235295,False,-1
221,S221,1,256,69315,136625,1,0.19140625,49,49,0,0,ventricular,0.6171875,False,0,False,0.97265625,0.42222222222221717,1.7555555555555316,0.7303602430555557,203.89148116632919,310.46954741050286,81.96078431372548,165.20973898366734,174.41486712052446,49.01960784313725,False,-1
221,S221,2,512,136625,201445,1,0.1953125,50,50,0,0,ventricular,0.609375,False,0,False,0.9453125,0.41944444444442297,1.194444444444457,0.7033420138888888,165.07807157145055,263.62737873683494,80.7843137254902,96.19175367580371,99.19387824924809,37.64705882352941,False,-1
221,S221,3,768,201445,265806,1,0.19921875,51,51,0,0,ventricular,0.6015625,False,1,False,0.91796875,0.43333333333339397,1.305555555555543,0.6983615451388889,152.89072212511084,231.47041367875917,76.47058823529412,109.03879453897504,115.65770441826591,39.6078431372549,False,-1
221,S221,4,1024,265806,333557,1,0.1875,48,48,0,0,ventricular,0.640625,False,0,False,0.95703125,0.36666666666667425,1.4055555555555657,0.7351453993055554,212.8986398971583,298.0799222335002,81.17647058823529,160.16508981340587,153.7204045239221,47.84313725490196,False,-1
221,S221,5,1280,333557,400176,1,0.19921875,51,51,0,0,ventricular,0.60546875,False,0,False,0.93359375,0.4249999999999545,1.541666666666515,0.7228624131944441,193.09549220500284,288.6850923525453,78.03921568627452,139.47677522715375,139.05037815706243,45.88235294117647,False,-1
221,S221,6,1536,400176,469970,1,0.19140625,49,49,0,0,ventricular,0.62109375,False,0,False,1.0,0.4249999999999545,1.5722222222220807,0.7573133680555557,219.24223912341336,315.5176378765239,81.17647058823529,164.93136744279087,188.1820310269047,41.96078431372549,False,-1
221,S221,7,1792,469970,543883,1,0.109375,28,28,0,0,ventricular,0.78125,False,0,False,1.0,0.42222222222221717,1.5305555555555657,0.8020073784722221,224.21528000454572,320.79505142782585,81.56862745098039,187.12504717261777,228.40291846976356,63.52941176470588,False,-1
221,S221,8,2048,543883,614926,0,0.06640625,17,17,0,0,normal,0.8671875,True,0,False,1.0,0.4194444444444798,1.4361111111111313,0.7708658854166668,181.66151685682968,255.11725936356922,78.43137254901961,157.41237499471313,196.60663694945495,66.27450980392156,False,-1
222,S222,0,0,81,75333,0,0.0,0,0,0,0,normal,1.0,True,0,False,0.0,0.6833333333333333,0.9444444444444571,0.8165364583333332,53.72626606094216,81.40562670396757,56.07843137254902,53.72626606094216,81.40562670396757,56.07843137254902,True,0
222,S222,1,256,75333,150855,0,0.0,0,0,0,0,normal,1.0,True,0,False,0.0,0.705555555555577,0.9583333333333712,0.8194661458333334,55.81583483882104,89.78510615272076,61.1764705882353,55.81583483882104,89.78510615272076,61.1764705882353,True,0
223,S223,0,0,206,68598,1,0.10546875,27,23,4,0,ventricular,0.796875,False,0,False,0.0,0.42222222222221717,1.186111111111103,0.7421006944444445,74.30908050605045,120.52696366868702,20.392156862745097,21.73378807267481,19.200277330293865,1.1764705882352942,False,-1
223,S223,1,256,68598,136030,0,0.03125,8,2,6,0,normal,0.9375,True,0,False,0.0,0.5194444444444457,0.9361111111111313,0.7316840277777776,38.19476628899969,57.60306456854771,8.235294117647058,21.403601451255085,22.47751864661614,1.9607843137254901,True,0
223,S223,2,512,136030,200282,0,0.05859375,15,1,14,0,normal,0.88671875,True,0,False,0.0,0.5416666666666288,0.8333333333333712,0.6971788194444444,40.0208496481563,57.786627862504936,16.862745098039216,25.44100375784487,23.719952899981575,3.1372549019607843,True,0
223,S223,3,768,200282,258959,1,0.4296875,110,101,9,0,ventricular,0.5234375,False,0,False,0.0,0.4361111111111313,0.9861111111110858,0.6366861979166667,79.9070559972803,83.0572769620654,30.19607843137255,24.869752693596205,15.862810389397623,1.1764705882352942,True,1
223,S223,4,1024,258959,321844,1,0.19140625,49,39,10,0,ventricular,0.6484375,False,0,False,0.0,0.45833333333337123,1.033333333333303,0.6823459201388888,94.84801835083236,170.96066158401473,39.6078431372549,22.992605680056766,19.22511259146014,2.3529411764705883,True,1
223,S223,5,1280,321844,383695,1,0.3046875,78,69,9,0,ventricular,0.578125,False,0,False,0.0,0.4472222222223081,1.0444444444444798,0.6711263020833331,110.3107273045276,181.92034881774802,47.05882352941176,25.865964182332405,21.157538118707016,2.7450980392156863,True,1
223,S223,6,1536,383695,446985,1,0.1484375,38,34,4,0,ventricular,0.8125,True,0,False,0.0,0.4666666666664696,1.0861111111112223,0.6867404513888893,73.64544958422869,114.35012082696862,20.784313725490197,22.808361980448137,19.368041616771556,0.0,True,1
223,S223,7,1792,446985,510747,1,0.3671875,94,91,3,0,ventricular,0.26953125,False,0,False,0.0,0.4583333333334849,1.0166666666666515,0.6918619791666663,171.8828561616294,340.95050436891574,74.11764705882354,13.795223988798512,12.34359096355376,0.39215686274509803,True,1
223,S223,8,2048,510747,575051,1,0.2421875,62,59,3,0,ventricular,0.55859375,False,1,False,0.0,0.46111111111122227,1.7416666666665606,0.6977430555555557,138.72812046026752,239.62109755732416,52.54901960784314,40.23543330217512,20.143924224386897,3.5294117647058822,True,1
223,S223,9,2304,575051,638969,1,0.28515625,73,62,11,0,ventricular,0.4765625,False,0,False,0.0,0.4611111111109949,0.9972222222222626,0.6935546874999998,133.85651422186626,252.6593009236932,57.25490196078431,19.61789135595299,15.99928797449528,2.3529411764705883,True,1
228,S228,2,512,182472,274048,1,0.2109375,54,54,0,0,ventricular,0.62109375,False,36,False,0.0,0.4388888888888687,11.447222222222194,0.9936631944444443,842.3348216517724,1087.9355487205644,63.921568627450974,50.29674367819835,47.34988273820618,23.137254901960784,True,1
228,S228,3,768,274048,356461,1,0.11328125,29,29,0,0,ventricular,0.7734375,False,0,False,0.0,0.4555555555555202,1.4166666666666288,0.8942382812500003,163.15653639763715,291.75437004869013,55.68627450980392,67.04592562545423,63.15878766501691,30.19607843137255,True,1
228,S228,4,1024,356461,441411,0,0.08203125,21,20,1,0,normal,0.8359375,True,1,False,0.0,0.46944444444443434,2.105555555555611,0.9217664930555554,171.17832386177142,277.7982018635261,60.78431372549019,72.00734263771213,72.40348700623218,42.35294117647059,False,-1
230,S230,0,0,76,70736,0,0.0,0,0,0,0,normal,1.0,True,0,False,0.0,0.6027777777777885,0.9277777777777771,0.7667100694444444,60.16597753665427,25.38793660585338,5.098039215686274,60.16597753665427,25.38793660585338,5.098039215686274,True,0
230,S230,1,256,70736,146445,0,0.0,0,0,0,0,normal,1.0,True,0,False,0.0,0.6277777777777942,1.0388888888888914,0.8214952256944446,119.27338219885596,36.42149165624784,14.901960784313726,119.27338219885596,36.42149165624784,14.901960784313726,True,0
230,S230,2,512,146445,228680,0,0.0,0,0,0,0,normal,1.0,True,0,False,0.0,0.6722222222222172,1.0388888888888914,0.8923068576388886,56.97463261232291,38.47979660853404,15.686274509803921,56.97463261232291,38.47979660853404,15.686274509803921,True,0
230,S230,3,768,228680,308772,0,0.0,0,0,0,0,normal,1.0,True,0,False,0.0,0.7777777777778283,0.9805555555554974,0.8690538194444448,42.414472266401575,32.12827186924988,13.333333333333334,42.414472266401575,32.12827186924988,13.333333333333334,True,0
230,S230,4,1024,308772,386717,0,0.0,0,0,0,0,normal,1.0,True,0,False,0.0,0.7111111111111086,0.9611111111111086,0.8457573784722223,54.6870590811155,29.813224764429346,9.019607843137255,54.6870590811155,29.813224764429346,9.019607843137255,True,0
230,S230,5,1280,386717,456189,0,0.0,0,0,0,0,normal,1.0,True,0,False,0.0,0.5944444444444343,0.9277777777776919,0.7538194444444439,73.35998393401088,23.549034120072324,3.5294117647058822,73.35998393401088,23.549034120072324,3.5294117647058822,True,0
230,S230,6,1536,456189,527229,0,0.0,0,0,0,0,normal,1.0,True,0,False,0.0,0.650000000000091,0.8972222222221262,0.7708333333333339,48.28265943514353,23.06214962005724,1.1764705882352942,48.28265943514353,23.06214962005724,1.1764705882352942,True,0
230,S230,7,1792,527229,595720,0,0.0,0,0,0,0,normal,1.0,True,0,False,0.0,0.6388888888889142,0.8722222222222626,0.7431749131944443,49.070125836082255,20.908904330925736,3.1372549019607843,49.070125836082255,20.908904330925736,3.1372549019607843,True,0
231,S231,0,0,180,95527,0,0.01171875,3,2,1,0,normal,0.98046875,True,0,False,0.0,0.42222222222221717,1.7555555555555458,1.0345811631944444,237.75935906940725,142.8337377514105,49.80392156862745,236.41730308259636,131.72349922057762,49.80392156862745,True,0
231,S231,1,256,95527,218573,0,0.0,0,0,0,0,normal,1.0,True,0,False,0.0,0.8361111111111086,1.7916666666666856,1.3351345486111112,360.26515455093073,113.41897848982987,39.6078431372549,360.26515455093073,113.41897848982987,39.6078431372549,True,0
231,S231,2,512,218573,319461,0,0.0,0,0,0,0,normal,1.0,True,0,False,0.0,0.8500000000000227,1.7888888888888914,1.094704861111111,297.95659637140034,107.37988904487744,34.509803921568626,297.95659637140034,107.37988904487744,34.509803921568626,True,0
231,S231,3,768,319461,432067,0,0.0,0,0,0,0,normal,1.0,True,0,False,0.0,0.8277777777777828,1.7805555555555657,1.2218532986111112,347.10509939130964,74.80649611854813,38.82352941176471,347.10509939130964,74.80649611854813,38.82352941176471,True,0
231,S231,4,1024,432067,548388,0,0.0,0,0,0,0,normal,1.0,True,0,False,0.0,0.8472222222223991,1.8027777777779193,1.262163628472222,349.1486969451325,115.88766273944371,38.82352941176471,349.1486969451325,115.88766273944371,38.82352941176471,True,0
231,S231,5,1280,548388,637787,0,0.0,0,0,0,0,normal,1.0,True,0,False,0.0,0.8333333333332575,1.7583333333334394,0.9700412326388888,82.26276446918827,121.66577132808358,44.31372549019608,82.26276446918827,121.66577132808358,44.31372549019608,True,0
232,S232,0,0,492,93648,1,0.734375,188,0,188,0,supraventricular,0.04296875,False,0,False,0.0,0.6416666666666799,2.8083333333333087,1.0108072916666666,528.1593316781461,798.5903142124887,58.03921568627452,388.727493934749,96.9160911164503,5.098039215686274,True,1
232,S232,1,256,93648,184680,1,0.765625,196,0,196,0,supraventricular,0.04296875,False,0,False,0.0,0.6527777777777715,2.8472222222222285,0.9877604166666667,522.0332872776424,770.7494458662125,55.68627450980392,305.4901965449415,74.62311574696389,0.39215686274509803,True,1
232,S232,3,768,271229,365718,1,0.76171875,195,0,195,0,supraventricular,0.046875,False,0,False,0.0,0.5777777777776691,4.199999999999932,1.025271267361111,610.1935218153413,880.3046658792696,58.03921568627452,741.9845043632129,211.49415598721708,5.88235294117647,True,1
232,S232,4,1024,365718,464492,1,0.77734375,199,0,199,0,supraventricular,0.109375,False,0,False,0.0,0.4583333333334849,5.872222222222263,1.0717664930555553,808.6332370715354,1040.7454459534229,41.568627450980394,689.3269759901888,266.51245062035616,43.13725490196079,True,1
232,S232,5,1280,464492,560859,1,0.796875,204,0,204,0,supraventricular,0.11328125,False,0,False,0.0,0.6694444444444798,5.694444444444343,1.0456488715277779,787.9284111152051,972.518162241508,31.372549019607842,625.0721059492392,305.6690958079925,35.68627450980392,True,1
233,S233,0,0,44,52919,1,0.27734375,71,68,3,0,ventricular,0.45703125,False,0,False,0.0,0.2916666666666643,0.8916666666666657,0.57373046875,117.84516397368408,209.4560886253053,66.66666666666666,18.24210881745618,10.403199615013953,0.0,False,-1
233,S233,1,256,52919,106758,1,0.28515625,73,73,0,0,ventricular,0.4609375,False,0,False,0.0,0.3111111111111313,0.955555555555577,0.5841905381944444,124.52726161637776,223.1972753486682,66.66666666666666,13.831845899510101,11.115372492647287,0.39215686274509803,True,1
233,S233,2,512,106758,161818,1,0.265625,68,68,0,0,ventricular,0.484375,False,1,False,0.0,0.3388888888889028,1.3777777777777374,0.5974392361111112,134.54362164829618,231.6026044766882,68.62745098039215,10.935544356195127,9.989639324718981,0.0,True,1
233,S233,3,768,161818,216782,1,0.265625,68,68,0,0,ventricular,0.5,False,1,False,0.0,0.33333333333325754,0.9861111111110858,0.5963975694444443,123.62649380431087,209.37510048702126,69.01960784313725,10.905174131320553,8.788876750292657,0.0,True,1
233,S233,4,1024,216782,271184,1,0.29296875,75,75,0,0,ventricular,0.4296875,False,0,False,0.0,0.3361111111111086,0.9722222222221717,0.5902994791666667,125.5684224679964,222.3987588543652,72.94117647058823,10.240850651815206,8.706272122169729,0.0,True,1
233,S233,5,1280,271184,325072,1,0.2734375,70,70,0,0,ventricular,0.47265625,False,0,False,0.0,0.29166666666662877,0.9305555555555429,0.5847222222222221,115.80394788258954,208.1501736618176,64.31372549019608,10.98115780548961,8.45635326535417,0.0,False,-1
233,S233,6,1536,325072,377953,1,0.234375,60,59,1,0,ventricular,0.54296875,False,0,False,0.0,0.30277777777780557,0.9388888888888687,0.573795572916667,110.56467910671165,195.56763987718034,58.82352941176471,13.024383417232828,9.485033354831364,0.0,False,-1
233,S233,7,1792,377953,431484,1,0.2734375,70,68,2,0,ventricular,0.46875,False,0,False,0.0,0.3305555555555202,0.9472222222223081,0.580848524305555,117.83728410314696,206.72318961399884,69.01960784313725,10.349519557328303,8.878834912849056,0.0,False,-1
233,S233,8,2048,431484,485579,1,0.2578125,66,66,0,0,ventricular,0.51953125,False,0,False,0.0,0.36666666666656056,0.941666666666606,0.5869683159722223,120.34187124000209,205.66732814635358,64.70588235294117,15.263047076212127,11.341003750572616,0.39215686274509803,False,-1
233,S233,9,2304,485579,539847,1,0.296875,76,76,0,0,ventricular,0.44921875,False,0,False,0.0,0.341666666666697,0.933333333333394,0.5888454861111114,126.3953752914418,220.6397220636404,72.94117647058823,11.996848804824827,8.8011758071834,0.0,False,-1
233,S233,10,2560,539847,594270,1,0.25390625,65,65,0,0,ventricular,0.49609375,False,0,False,0.0,0.3638888888888232,0.8611111111110858,0.5905273437499998,127.51701316541619,219.81994017882485,73.72549019607844,10.895211981559184,9.889098125586846,0.0,True,1
233,S233,11,2816,594270,649090,1,0.328125,84,83,1,0,ventricular,0.38671875,False,0,False,0.0,0.29722222222221717,0.9277777777776919,0.5948350694444446,137.57405275752953,243.52023740869913,76.86274509803923,10.723527439305897,8.215638943476492,0.0,True,1
234,S234,0,0,135,59882,0,0.0,0,0,0,0,normal,1.0,True,0,False,0.0,0.6083333333333343,0.6888888888888891,0.6482964409722223,13.432270505723965,16.74274574917476,0.0,13.432270505723965,16.74274574917476,0.0,True,0
234,S234,1,256,59882,119872,0,0.0,0,0,0,0,normal,1.0,True,0,False,0.0,0.6138888888889369,0.6999999999999886,0.6509331597222221,14.68122232662663,16.76171156482295,0.0,14.68122232662663,16.76171156482295,0.0,True,0
234,S234,2,512,119872,180573,0,0.0,0,0,0,0,normal,1.0,True,0,False,0.0,0.6222222222222058,0.6999999999999886,0.6586480034722222,15.799628579365066,17.124255766611316,0.0,15.799628579365066,17.124255766611316,0.0,True,0
234,S234,3,768,180573,240355,0,0.0,0,0,0,0,normal,1.0,True,0,False,0.0,0.6138888888889369,0.6888888888888687,0.6486762152777781,14.770350664248118,16.26141295208333,0.0,14.770350664248118,16.26141295208333,0.0,True,0
234,S234,4,1024,240355,300524,0,0.0,0,0,0,0,normal,1.0,True,0,False,0.0,0.6166666666666742,0.6861111111111313,0.6528754340277776,13.958088605737094,16.60026715215443,0.0,13.958088605737094,16.60026715215443,0.0,True,0
234,S234,5,1280,300524,359006,1,0.1953125,50,0,50,0,supraventricular,0.80078125,True,0,False,0.0,0.39444444444438886,0.9944444444444116,0.6345703125000002,74.81301519148755,47.03088237914181,4.705882352941177,20.884938146585228,15.14897254592721,0.39215686274509803,True,1
234,S234,6,1536,359006,419957,0,0.00390625,1,1,0,0,normal,0.9921875,True,0,False,0.0,0.5666666666668334,0.7388888888888232,0.6613606770833331,17.13479601216932,22.603617082322902,1.1764705882352942,15.330358616282858,17.854376104095508,0.0,False,-1
234,S234,7,1792,419957,481468,0,0.00390625,1,1,0,0,normal,0.9921875,True,0,False,0.0,0.4555555555555202,0.8944444444443889,0.667437065972222,23.992220024293186,36.97107415773185,1.1764705882352942,14.071037175662056,16.195220312730925,0.0,True,0
234,S234,8,2048,481468,542193,0,0.0,0,0,0,0,normal,1.0,True,0,False,0.0,0.599999999999909,0.7138888888889596,0.6589084201388893,24.236106721824072,18.34752207266836,0.0,24.236106721824072,18.34752207266836,0.0,True,0
234,S234,9,2304,542193,603626,0,0.0,0,0,0,0,normal,1.0,True,0,False,0.0,0.6361111111111768,0.7000000000000455,0.6665907118055552,13.50875053032643,17.395988931036854,0.39215686274509803,13.50875053032643,17.395988931036854,0.39215686274509803,True,0
