method,condition,k,n,rate_pct,ci_lo_pct,ci_hi_pct
Baseline UPO (Level B),White noise,12,150,8,4.63536,13.4621
Baseline UPO (Level B),AR(1),7,150,4.66667,2.27865,9.31865
Baseline UPO (Level B),Sinusoid,89,150,59.3333,51.3347,66.8659
Baseline UPO (Level B),Two-tone,67,150,44.6667,36.9428,52.6569
Baseline UPO (Level B),Logistic r = 3.5,0,150,0,1.73472e-16,2.49702
Baseline UPO (Level B),Logistic r = 4,150,150,100,97.503,100
Baseline UPO (Level B),Hénon,140,150,93.3333,88.1638,96.3388
Baseline UPO (Level B),Skewed Hénon,133,150,88.6667,82.5997,92.8026
Baseline UPO (Level B),Hénon 30 dB,70,150,46.6667,38.8661,54.6338
Baseline UPO (Level B),Hénon 20 dB,40,150,26.6667,20.2372,34.2615
Baseline UPO (Level B),Hénon 10 dB,9,150,6,3.1884,11.009
C2 gated UPO (winner),White noise,0,150,0,1.73472e-16,2.49702
C2 gated UPO (winner),AR(1),0,150,0,1.73472e-16,2.49702
C2 gated UPO (winner),Sinusoid,0,150,0,1.73472e-16,2.49702
C2 gated UPO (winner),Two-tone,1,150,0.666667,0.11778,3.67928
C2 gated UPO (winner),Logistic r = 3.5,0,150,0,1.73472e-16,2.49702
C2 gated UPO (winner),Logistic r = 4,150,150,100,97.503,100
C2 gated UPO (winner),Hénon,150,150,100,97.503,100
C2 gated UPO (winner),Skewed Hénon,150,150,100,97.503,100
C2 gated UPO (winner),Hénon 30 dB,150,150,100,97.503,100
C2 gated UPO (winner),Hénon 20 dB,143,150,95.3333,90.6814,97.7213
C2 gated UPO (winner),Hénon 10 dB,74,150,49.3333,41.4497,57.2503
C2 AND lle_chaos_test,White noise,0,150,0,1.73472e-16,2.49702
C2 AND lle_chaos_test,AR(1),0,150,0,1.73472e-16,2.49702
C2 AND lle_chaos_test,Sinusoid,0,150,0,1.73472e-16,2.49702
C2 AND lle_chaos_test,Two-tone,0,150,0,1.73472e-16,2.49702
C2 AND lle_chaos_test,Logistic r = 3.5,0,150,0,1.73472e-16,2.49702
C2 AND lle_chaos_test,Logistic r = 4,150,150,100,97.503,100
C2 AND lle_chaos_test,Hénon,150,150,100,97.503,100
C2 AND lle_chaos_test,Skewed Hénon,150,150,100,97.503,100
C2 AND lle_chaos_test,Hénon 30 dB,150,150,100,97.503,100
C2 AND lle_chaos_test,Hénon 20 dB,143,150,95.3333,90.6814,97.7213
C2 AND lle_chaos_test,Hénon 10 dB,74,150,49.3333,41.4497,57.2503
