condition,decision,k,n,rate_pct,ci_lo_pct,ci_hi_pct
N1_linear_rr,LLE alone,20,300,6.66667,4.35675,10.0723
N1_linear_rr,UPO alone,4,300,1.33333,0.519696,3.37755
N1_linear_rr,AND (combined),1,300,0.333333,0.0588658,1.86367
N2_power_law,LLE alone,8,300,2.66667,1.35731,5.17289
N2_power_law,UPO alone,4,300,1.33333,0.519696,3.37755
N2_power_law,AND (combined),1,300,0.333333,0.0588658,1.86367
N3_linear_rr_trend,LLE alone,24,300,8,5.43469,11.6273
N3_linear_rr_trend,UPO alone,2,300,0.666667,0.183015,2.39776
N3_linear_rr_trend,AND (combined),0,300,0,8.67362e-17,1.2643
N4_linear_rr_step,LLE alone,14,300,4.66667,2.79989,7.67974
N4_linear_rr_step,UPO alone,3,300,1,0.340662,2.89835
N4_linear_rr_step,AND (combined),0,300,0,8.67362e-17,1.2643
N5_linear_rr_warped,LLE alone,53,300,17.6667,13.7677,22.3832
N5_linear_rr_warped,UPO alone,6,300,2,0.919763,4.29396
N5_linear_rr_warped,AND (combined),1,300,0.333333,0.0588658,1.86367
N6_noisy_rsa,LLE alone,17,300,5.66667,3.56775,8.8866
N6_noisy_rsa,UPO alone,1,300,0.333333,0.0588658,1.86367
N6_noisy_rsa,AND (combined),0,300,0,8.67362e-17,1.2643
S1_setar,LLE alone,26,200,13,9.0282,18.3664
S1_setar,UPO alone,2,200,1,0.274666,3.57218
S1_setar,AND (combined),1,200,0.5,0.0883169,2.77737
S2_ectopic_2pct,LLE alone,194,200,97,93.6106,98.618
S2_ectopic_2pct,UPO alone,1,200,0.5,0.0883169,2.77737
S2_ectopic_2pct,AND (combined),1,200,0.5,0.0883169,2.77737
S2_ectopic_5pct,LLE alone,195,200,97.5,94.2822,98.9275
S2_ectopic_5pct,UPO alone,2,200,1,0.274666,3.57218
S2_ectopic_5pct,AND (combined),2,200,1,0.274666,3.57218
S2_ectopic_10pct,LLE alone,197,200,98.5,95.6834,99.4886
S2_ectopic_10pct,UPO alone,7,200,3.5,1.70555,7.04706
S2_ectopic_10pct,AND (combined),7,200,3.5,1.70555,7.04706
S3_linear_rr_unq,LLE alone,15,200,7.5,4.59749,12.0044
S3_linear_rr_unq,UPO alone,2,200,1,0.274666,3.57218
S3_linear_rr_unq,AND (combined),0,200,0,1.73472e-16,1.88453
S3_linear_rr_trend_unq,LLE alone,25,200,12.5,8.61197,17.8014
S3_linear_rr_trend_unq,UPO alone,2,200,1,0.274666,3.57218
S3_linear_rr_trend_unq,AND (combined),0,200,0,1.73472e-16,1.88453
S3_linear_rr_step_unq,LLE alone,8,200,4,2.04056,7.69321
S3_linear_rr_step_unq,UPO alone,3,200,1.5,0.511424,4.31657
S3_linear_rr_step_unq,AND (combined),0,200,0,1.73472e-16,1.88453
P1_henon_rr,LLE alone,198,200,99,96.4278,99.7253
P1_henon_rr,UPO alone,198,200,99,96.4278,99.7253
P1_henon_rr,AND (combined),198,200,99,96.4278,99.7253
P2_logistic_rr,LLE alone,200,200,100,98.1155,100
P2_logistic_rr,UPO alone,194,200,97,93.6106,98.618
P2_logistic_rr,AND (combined),194,200,97,93.6106,98.618
P3_henon_rr_trend,LLE alone,200,200,100,98.1155,100
P3_henon_rr_trend,UPO alone,41,200,20.5,15.4862,26.6257
P3_henon_rr_trend,AND (combined),41,200,20.5,15.4862,26.6257
P3_logistic_rr_trend,LLE alone,200,200,100,98.1155,100
P3_logistic_rr_trend,UPO alone,86,200,43,36.3343,49.9295
P3_logistic_rr_trend,AND (combined),86,200,43,36.3343,49.9295
P4_henon_rr_30dB,LLE alone,199,200,99.5,97.2226,99.9117
P4_henon_rr_30dB,UPO alone,199,200,99.5,97.2226,99.9117
P4_henon_rr_30dB,AND (combined),199,200,99.5,97.2226,99.9117
P4_henon_rr_20dB,LLE alone,200,200,100,98.1155,100
P4_henon_rr_20dB,UPO alone,198,200,99,96.4278,99.7253
P4_henon_rr_20dB,AND (combined),198,200,99,96.4278,99.7253
P4_logistic_rr_30dB,LLE alone,200,200,100,98.1155,100
P4_logistic_rr_30dB,UPO alone,200,200,100,98.1155,100
P4_logistic_rr_30dB,AND (combined),200,200,100,98.1155,100
P4_logistic_rr_20dB,LLE alone,200,200,100,98.1155,100
P4_logistic_rr_20dB,UPO alone,188,200,94,89.8068,96.5348
P4_logistic_rr_20dB,AND (combined),188,200,94,89.8068,96.5348
G1_lorenz_maxima,LLE alone,200,200,100,98.1155,100
G1_lorenz_maxima,UPO alone,199,200,99.5,97.2226,99.9117
G1_lorenz_maxima,AND (combined),199,200,99.5,97.2226,99.9117
G2_rossler_flow,LLE alone,0,200,0,1.73472e-16,1.88453
G2_rossler_flow,UPO alone,0,200,0,1.73472e-16,1.88453
G2_rossler_flow,AND (combined),0,200,0,1.73472e-16,1.88453
G3_mackey_glass,LLE alone,0,200,0,1.73472e-16,1.88453
G3_mackey_glass,UPO alone,62,200,31,24.9989,37.7172
G3_mackey_glass,AND (combined),0,200,0,1.73472e-16,1.88453
