candidate,set,k,n,rate_pct,ci_lo_pct,ci_hi_pct
"C1 frozen (K1), 512",17 Phase 5-6 nulls,8,1700,0.470588,0.238645,0.925868
"C1 frozen (K1), 512",18 non-chaotic regimes,0,1800,0,2.1684e-17,0.21296
"C1 frozen (K1), 512","TEST chaotic, realistic (vi)",66,990,6.66667,5.27432,8.394
"C1 frozen (K1), 512","TEST chaotic, input (iv)",10,330,3.0303,1.65417,5.48738
"C2 NLP vs IAAFT, 512",17 Phase 5-6 nulls,2,1700,0.117647,0.032269,0.427953
"C2 NLP vs IAAFT, 512",18 non-chaotic regimes,45,1800,2.5,1.87361,3.3287
"C2 NLP vs IAAFT, 512","TEST chaotic, realistic (vi)",220,990,22.2222,19.7427,24.9165
"C2 NLP vs IAAFT, 512","TEST chaotic, input (iv)",141,330,42.7273,37.5038,48.1181
"C3 NLP vs ectopy-preserving, 256",17 Phase 5-6 nulls,1,1700,0.0588235,0.0103846,0.332456
"C3 NLP vs ectopy-preserving, 256",18 non-chaotic regimes,63,1800,3.5,2.74517,4.45289
"C3 NLP vs ectopy-preserving, 256","TEST chaotic, realistic (vi)",148,990,14.9495,12.864,17.306
"C3 NLP vs ectopy-preserving, 256","TEST chaotic, input (iv)",73,330,22.1212,17.9781,26.9059
"C4 approx. titration, 256",17 Phase 5-6 nulls,1187,1700,69.8235,67.5988,71.9589
"C4 approx. titration, 256",18 non-chaotic regimes,1452,1800,80.6667,78.7778,82.425
"C4 approx. titration, 256","TEST chaotic, realistic (vi)",966,990,97.5758,96.4181,98.3656
"C4 approx. titration, 256","TEST chaotic, input (iv)",330,330,100,98.8493,100
"Frozen detector, 256 (baseline)",17 Phase 5-6 nulls,7,1700,0.411765,0.199601,0.84753
"Frozen detector, 256 (baseline)",18 non-chaotic regimes,0,1800,0,2.1684e-17,0.21296
"Frozen detector, 256 (baseline)","TEST chaotic, realistic (vi)",52,990,5.25253,4.0278,6.82317
"Frozen detector, 256 (baseline)","TEST chaotic, input (iv)",10,330,3.0303,1.65417,5.48738
