detector,family,param,lambda,f,k,n,rate_pct,ci_lo_pct,ci_hi_pct
K3,henon,a1.08,0.1364,0.05,0,83,0,3.46945e-16,4.42353
K3,henon,a1.08,0.1364,0.1,1,83,1.20482,0.212998,6.51358
K3,henon,a1.08,0.1364,0.2,0,83,0,3.46945e-16,4.42353
K3,henon,a1.08,0.1364,0.3,0,83,0,3.46945e-16,4.42353
K3,henon,a1.08,0.1364,0.5,0,83,0,3.46945e-16,4.42353
K3,henon,a1.08,0.1364,0.7,0,83,0,3.46945e-16,4.42353
K3,henon,a1.08,0.1364,0.9,0,83,0,3.46945e-16,4.42353
K3,henon,a1.14,0.2442,0.05,0,83,0,3.46945e-16,4.42353
K3,henon,a1.14,0.2442,0.1,0,83,0,3.46945e-16,4.42353
K3,henon,a1.14,0.2442,0.2,0,83,0,3.46945e-16,4.42353
K3,henon,a1.14,0.2442,0.3,2,83,2.40964,0.663317,8.36631
K3,henon,a1.14,0.2442,0.5,2,83,2.40964,0.663317,8.36631
K3,henon,a1.14,0.2442,0.7,9,83,10.8434,5.81049,19.3405
K3,henon,a1.14,0.2442,0.9,8,83,9.63855,4.96527,17.8826
K3,henon,a1.22,0.3029,0.05,0,83,0,3.46945e-16,4.42353
K3,henon,a1.22,0.3029,0.1,0,83,0,3.46945e-16,4.42353
K3,henon,a1.22,0.3029,0.2,3,83,3.61446,1.23678,10.0959
K3,henon,a1.22,0.3029,0.3,6,83,7.22892,3.35503,14.8868
K3,henon,a1.22,0.3029,0.5,32,83,38.5542,28.8112,49.3099
K3,henon,a1.22,0.3029,0.7,58,83,69.8795,59.311,78.6893
K3,henon,a1.22,0.3029,0.9,76,83,91.5663,83.6005,95.8547
K3,henon,a1.40,0.4193,0.05,0,83,0,3.46945e-16,4.42353
K3,henon,a1.40,0.4193,0.1,1,83,1.20482,0.212998,6.51358
K3,henon,a1.40,0.4193,0.2,4,83,4.81928,1.88986,11.7459
K3,henon,a1.40,0.4193,0.3,9,83,10.8434,5.81049,19.3405
K3,henon,a1.40,0.4193,0.5,29,83,34.9398,25.5561,45.6558
K3,henon,a1.40,0.4193,0.7,58,83,69.8795,59.311,78.6893
K3,henon,a1.40,0.4193,0.9,76,83,91.5663,83.6005,95.8547
K3,logistic,r3.58,0.1052,0.05,0,83,0,3.46945e-16,4.42353
K3,logistic,r3.58,0.1052,0.1,0,83,0,3.46945e-16,4.42353
K3,logistic,r3.58,0.1052,0.2,0,83,0,3.46945e-16,4.42353
K3,logistic,r3.58,0.1052,0.3,0,83,0,3.46945e-16,4.42353
K3,logistic,r3.58,0.1052,0.5,0,83,0,3.46945e-16,4.42353
K3,logistic,r3.58,0.1052,0.7,0,83,0,3.46945e-16,4.42353
K3,logistic,r3.58,0.1052,0.9,0,83,0,3.46945e-16,4.42353
K3,logistic,r3.65,0.2554,0.05,0,83,0,3.46945e-16,4.42353
K3,logistic,r3.65,0.2554,0.1,0,83,0,3.46945e-16,4.42353
K3,logistic,r3.65,0.2554,0.2,0,83,0,3.46945e-16,4.42353
K3,logistic,r3.65,0.2554,0.3,0,83,0,3.46945e-16,4.42353
K3,logistic,r3.65,0.2554,0.5,0,83,0,3.46945e-16,4.42353
K3,logistic,r3.65,0.2554,0.7,1,83,1.20482,0.212998,6.51358
K3,logistic,r3.65,0.2554,0.9,0,83,0,3.46945e-16,4.42353
K3,logistic,r3.88,0.4642,0.05,1,83,1.20482,0.212998,6.51358
K3,logistic,r3.88,0.4642,0.1,1,83,1.20482,0.212998,6.51358
K3,logistic,r3.88,0.4642,0.2,1,83,1.20482,0.212998,6.51358
K3,logistic,r3.88,0.4642,0.3,5,83,6.0241,2.60034,13.3384
K3,logistic,r3.88,0.4642,0.5,28,83,33.7349,24.4843,44.4246
K3,logistic,r3.88,0.4642,0.7,59,83,71.0843,60.5708,79.7326
K3,logistic,r3.88,0.4642,0.9,77,83,92.7711,85.1132,96.645
K3,logistic,r4.00,0.6931,0.05,0,83,0,3.46945e-16,4.42353
K3,logistic,r4.00,0.6931,0.1,0,83,0,3.46945e-16,4.42353
K3,logistic,r4.00,0.6931,0.2,0,83,0,3.46945e-16,4.42353
K3,logistic,r4.00,0.6931,0.3,1,83,1.20482,0.212998,6.51358
K3,logistic,r4.00,0.6931,0.5,9,83,10.8434,5.81049,19.3405
K3,logistic,r4.00,0.6931,0.7,25,83,30.1205,21.3107,40.689
K3,logistic,r4.00,0.6931,0.9,73,83,87.9518,79.2237,93.3223
K3,coupled_vdp,rho8_om3.3,0.0751,0.05,1,83,1.20482,0.212998,6.51358
K3,coupled_vdp,rho8_om3.3,0.0751,0.1,2,83,2.40964,0.663317,8.36631
K3,coupled_vdp,rho8_om3.3,0.0751,0.2,5,83,6.0241,2.60034,13.3384
K3,coupled_vdp,rho8_om3.3,0.0751,0.3,13,83,15.6627,9.38801,24.9751
K3,coupled_vdp,rho8_om3.3,0.0751,0.5,33,83,39.759,29.9089,50.5152
K3,coupled_vdp,rho8_om3.3,0.0751,0.7,48,83,57.8313,47.0928,67.877
K3,coupled_vdp,rho8_om3.3,0.0751,0.9,71,83,85.5422,76.4082,91.5317
K3,coupled_vdp,rho6_om3.3,0.0788,0.05,0,83,0,3.46945e-16,4.42353
K3,coupled_vdp,rho6_om3.3,0.0788,0.1,0,83,0,3.46945e-16,4.42353
K3,coupled_vdp,rho6_om3.3,0.0788,0.2,0,83,0,3.46945e-16,4.42353
K3,coupled_vdp,rho6_om3.3,0.0788,0.3,3,83,3.61446,1.23678,10.0959
K3,coupled_vdp,rho6_om3.3,0.0788,0.5,10,83,12.0482,6.67769,20.7763
K3,coupled_vdp,rho6_om3.3,0.0788,0.7,13,83,15.6627,9.38801,24.9751
K3,coupled_vdp,rho6_om3.3,0.0788,0.9,23,83,27.7108,19.2319,38.1617
K3,coupled_vdp,rho2_om2.7,0.085,0.05,0,83,0,3.46945e-16,4.42353
K3,coupled_vdp,rho2_om2.7,0.085,0.1,0,83,0,3.46945e-16,4.42353
K3,coupled_vdp,rho2_om2.7,0.085,0.2,0,83,0,3.46945e-16,4.42353
K3,coupled_vdp,rho2_om2.7,0.085,0.3,2,83,2.40964,0.663317,8.36631
K3,coupled_vdp,rho2_om2.7,0.085,0.5,6,83,7.22892,3.35503,14.8868
K3,coupled_vdp,rho2_om2.7,0.085,0.7,20,83,24.0964,16.1747,34.3097
K3,coupled_vdp,rho2_om2.7,0.085,0.9,63,83,75.9036,65.6903,83.8253
K3,coupled_vdp,rho6_om4.0,0.1012,0.05,0,83,0,3.46945e-16,4.42353
K3,coupled_vdp,rho6_om4.0,0.1012,0.1,1,83,1.20482,0.212998,6.51358
K3,coupled_vdp,rho6_om4.0,0.1012,0.2,2,83,2.40964,0.663317,8.36631
K3,coupled_vdp,rho6_om4.0,0.1012,0.3,6,83,7.22892,3.35503,14.8868
K3,coupled_vdp,rho6_om4.0,0.1012,0.5,13,83,15.6627,9.38801,24.9751
K3,coupled_vdp,rho6_om4.0,0.1012,0.7,15,83,18.0723,11.2694,27.6999
K3,coupled_vdp,rho6_om4.0,0.1012,0.9,27,83,32.5301,23.4193,43.1865
K3,phase_reset,tau1.14,0.0354,0.05,0,83,0,3.46945e-16,4.42353
K3,phase_reset,tau1.14,0.0354,0.1,0,83,0,3.46945e-16,4.42353
K3,phase_reset,tau1.14,0.0354,0.2,0,83,0,3.46945e-16,4.42353
K3,phase_reset,tau1.14,0.0354,0.3,1,83,1.20482,0.212998,6.51358
K3,phase_reset,tau1.14,0.0354,0.5,0,83,0,3.46945e-16,4.42353
K3,phase_reset,tau1.14,0.0354,0.7,0,83,0,3.46945e-16,4.42353
K3,phase_reset,tau1.14,0.0354,0.9,0,83,0,3.46945e-16,4.42353
K3,phase_reset,tau0.58,0.081,0.05,0,83,0,3.46945e-16,4.42353
K3,phase_reset,tau0.58,0.081,0.1,1,83,1.20482,0.212998,6.51358
K3,phase_reset,tau0.58,0.081,0.2,1,83,1.20482,0.212998,6.51358
K3,phase_reset,tau0.58,0.081,0.3,1,83,1.20482,0.212998,6.51358
K3,phase_reset,tau0.58,0.081,0.5,1,83,1.20482,0.212998,6.51358
K3,phase_reset,tau0.58,0.081,0.7,0,83,0,3.46945e-16,4.42353
K3,phase_reset,tau0.58,0.081,0.9,0,83,0,3.46945e-16,4.42353
K3,phase_reset,tau1.20,0.1379,0.05,0,83,0,3.46945e-16,4.42353
K3,phase_reset,tau1.20,0.1379,0.1,0,83,0,3.46945e-16,4.42353
K3,phase_reset,tau1.20,0.1379,0.2,0,83,0,3.46945e-16,4.42353
K3,phase_reset,tau1.20,0.1379,0.3,0,83,0,3.46945e-16,4.42353
K3,phase_reset,tau1.20,0.1379,0.5,2,83,2.40964,0.663317,8.36631
K3,phase_reset,tau1.20,0.1379,0.7,0,83,0,3.46945e-16,4.42353
K3,phase_reset,tau1.20,0.1379,0.9,0,83,0,3.46945e-16,4.42353
K3,phase_reset,tau1.16,0.1848,0.05,0,83,0,3.46945e-16,4.42353
K3,phase_reset,tau1.16,0.1848,0.1,0,83,0,3.46945e-16,4.42353
K3,phase_reset,tau1.16,0.1848,0.2,0,83,0,3.46945e-16,4.42353
K3,phase_reset,tau1.16,0.1848,0.3,0,83,0,3.46945e-16,4.42353
K3,phase_reset,tau1.16,0.1848,0.5,2,83,2.40964,0.663317,8.36631
K3,phase_reset,tau1.16,0.1848,0.7,1,83,1.20482,0.212998,6.51358
K3,phase_reset,tau1.16,0.1848,0.9,5,83,6.0241,2.60034,13.3384
K1,henon,a1.08,0.1364,0.05,2,83,2.40964,0.663317,8.36631
K1,henon,a1.08,0.1364,0.1,2,83,2.40964,0.663317,8.36631
K1,henon,a1.08,0.1364,0.2,0,83,0,3.46945e-16,4.42353
K1,henon,a1.08,0.1364,0.3,0,83,0,3.46945e-16,4.42353
K1,henon,a1.08,0.1364,0.5,0,83,0,3.46945e-16,4.42353
K1,henon,a1.08,0.1364,0.7,0,83,0,3.46945e-16,4.42353
K1,henon,a1.08,0.1364,0.9,0,83,0,3.46945e-16,4.42353
K1,henon,a1.14,0.2442,0.05,0,83,0,3.46945e-16,4.42353
K1,henon,a1.14,0.2442,0.1,0,83,0,3.46945e-16,4.42353
K1,henon,a1.14,0.2442,0.2,4,83,4.81928,1.88986,11.7459
K1,henon,a1.14,0.2442,0.3,0,83,0,3.46945e-16,4.42353
K1,henon,a1.14,0.2442,0.5,7,83,8.43373,4.14533,16.3995
K1,henon,a1.14,0.2442,0.7,11,83,13.253,7.56431,22.1927
K1,henon,a1.14,0.2442,0.9,24,83,28.9157,20.2674,39.4292
K1,henon,a1.22,0.3029,0.05,0,83,0,3.46945e-16,4.42353
K1,henon,a1.22,0.3029,0.1,0,83,0,3.46945e-16,4.42353
K1,henon,a1.22,0.3029,0.2,2,83,2.40964,0.663317,8.36631
K1,henon,a1.22,0.3029,0.3,3,83,3.61446,1.23678,10.0959
K1,henon,a1.22,0.3029,0.5,8,83,9.63855,4.96527,17.8826
K1,henon,a1.22,0.3029,0.7,20,83,24.0964,16.1747,34.3097
K1,henon,a1.22,0.3029,0.9,38,83,45.7831,35.4894,56.45
K1,henon,a1.40,0.4193,0.05,0,83,0,3.46945e-16,4.42353
K1,henon,a1.40,0.4193,0.1,1,83,1.20482,0.212998,6.51358
K1,henon,a1.40,0.4193,0.2,0,83,0,3.46945e-16,4.42353
K1,henon,a1.40,0.4193,0.3,1,83,1.20482,0.212998,6.51358
K1,henon,a1.40,0.4193,0.5,6,83,7.22892,3.35503,14.8868
K1,henon,a1.40,0.4193,0.7,14,83,16.8675,10.3221,26.3441
K1,henon,a1.40,0.4193,0.9,42,83,50.6024,40.0604,61.0911
K1,logistic,r3.58,0.1052,0.05,0,83,0,3.46945e-16,4.42353
K1,logistic,r3.58,0.1052,0.1,0,83,0,3.46945e-16,4.42353
K1,logistic,r3.58,0.1052,0.2,0,83,0,3.46945e-16,4.42353
K1,logistic,r3.58,0.1052,0.3,0,83,0,3.46945e-16,4.42353
K1,logistic,r3.58,0.1052,0.5,0,83,0,3.46945e-16,4.42353
K1,logistic,r3.58,0.1052,0.7,0,83,0,3.46945e-16,4.42353
K1,logistic,r3.58,0.1052,0.9,0,83,0,3.46945e-16,4.42353
K1,logistic,r3.65,0.2554,0.05,0,83,0,3.46945e-16,4.42353
K1,logistic,r3.65,0.2554,0.1,0,83,0,3.46945e-16,4.42353
K1,logistic,r3.65,0.2554,0.2,0,83,0,3.46945e-16,4.42353
K1,logistic,r3.65,0.2554,0.3,0,83,0,3.46945e-16,4.42353
K1,logistic,r3.65,0.2554,0.5,0,83,0,3.46945e-16,4.42353
K1,logistic,r3.65,0.2554,0.7,1,83,1.20482,0.212998,6.51358
K1,logistic,r3.65,0.2554,0.9,2,83,2.40964,0.663317,8.36631
K1,logistic,r3.88,0.4642,0.05,0,83,0,3.46945e-16,4.42353
K1,logistic,r3.88,0.4642,0.1,0,83,0,3.46945e-16,4.42353
K1,logistic,r3.88,0.4642,0.2,0,83,0,3.46945e-16,4.42353
K1,logistic,r3.88,0.4642,0.3,0,83,0,3.46945e-16,4.42353
K1,logistic,r3.88,0.4642,0.5,7,83,8.43373,4.14533,16.3995
K1,logistic,r3.88,0.4642,0.7,20,83,24.0964,16.1747,34.3097
K1,logistic,r3.88,0.4642,0.9,54,83,65.0602,54.3442,74.4439
K1,logistic,r4.00,0.6931,0.05,1,83,1.20482,0.212998,6.51358
K1,logistic,r4.00,0.6931,0.1,0,83,0,3.46945e-16,4.42353
K1,logistic,r4.00,0.6931,0.2,2,83,2.40964,0.663317,8.36631
K1,logistic,r4.00,0.6931,0.3,6,83,7.22892,3.35503,14.8868
K1,logistic,r4.00,0.6931,0.5,11,83,13.253,7.56431,22.1927
K1,logistic,r4.00,0.6931,0.7,30,83,36.1446,26.6346,46.8803
K1,logistic,r4.00,0.6931,0.9,65,83,78.3133,68.3032,85.8184
K1,coupled_vdp,rho8_om3.3,0.0751,0.05,0,83,0,3.46945e-16,4.42353
K1,coupled_vdp,rho8_om3.3,0.0751,0.1,0,83,0,3.46945e-16,4.42353
K1,coupled_vdp,rho8_om3.3,0.0751,0.2,0,83,0,3.46945e-16,4.42353
K1,coupled_vdp,rho8_om3.3,0.0751,0.3,0,83,0,3.46945e-16,4.42353
K1,coupled_vdp,rho8_om3.3,0.0751,0.5,0,83,0,3.46945e-16,4.42353
K1,coupled_vdp,rho8_om3.3,0.0751,0.7,0,83,0,3.46945e-16,4.42353
K1,coupled_vdp,rho8_om3.3,0.0751,0.9,0,83,0,3.46945e-16,4.42353
K1,coupled_vdp,rho6_om3.3,0.0788,0.05,0,83,0,3.46945e-16,4.42353
K1,coupled_vdp,rho6_om3.3,0.0788,0.1,0,83,0,3.46945e-16,4.42353
K1,coupled_vdp,rho6_om3.3,0.0788,0.2,0,83,0,3.46945e-16,4.42353
K1,coupled_vdp,rho6_om3.3,0.0788,0.3,0,83,0,3.46945e-16,4.42353
K1,coupled_vdp,rho6_om3.3,0.0788,0.5,0,83,0,3.46945e-16,4.42353
K1,coupled_vdp,rho6_om3.3,0.0788,0.7,1,83,1.20482,0.212998,6.51358
K1,coupled_vdp,rho6_om3.3,0.0788,0.9,3,83,3.61446,1.23678,10.0959
K1,coupled_vdp,rho2_om2.7,0.085,0.05,0,83,0,3.46945e-16,4.42353
K1,coupled_vdp,rho2_om2.7,0.085,0.1,0,83,0,3.46945e-16,4.42353
K1,coupled_vdp,rho2_om2.7,0.085,0.2,0,83,0,3.46945e-16,4.42353
K1,coupled_vdp,rho2_om2.7,0.085,0.3,0,83,0,3.46945e-16,4.42353
K1,coupled_vdp,rho2_om2.7,0.085,0.5,0,83,0,3.46945e-16,4.42353
K1,coupled_vdp,rho2_om2.7,0.085,0.7,0,83,0,3.46945e-16,4.42353
K1,coupled_vdp,rho2_om2.7,0.085,0.9,2,83,2.40964,0.663317,8.36631
K1,coupled_vdp,rho6_om4.0,0.1012,0.05,1,83,1.20482,0.212998,6.51358
K1,coupled_vdp,rho6_om4.0,0.1012,0.1,0,83,0,3.46945e-16,4.42353
K1,coupled_vdp,rho6_om4.0,0.1012,0.2,0,83,0,3.46945e-16,4.42353
K1,coupled_vdp,rho6_om4.0,0.1012,0.3,0,83,0,3.46945e-16,4.42353
K1,coupled_vdp,rho6_om4.0,0.1012,0.5,0,83,0,3.46945e-16,4.42353
K1,coupled_vdp,rho6_om4.0,0.1012,0.7,0,83,0,3.46945e-16,4.42353
K1,coupled_vdp,rho6_om4.0,0.1012,0.9,0,83,0,3.46945e-16,4.42353
K1,phase_reset,tau1.14,0.0354,0.05,0,83,0,3.46945e-16,4.42353
K1,phase_reset,tau1.14,0.0354,0.1,1,83,1.20482,0.212998,6.51358
K1,phase_reset,tau1.14,0.0354,0.2,2,83,2.40964,0.663317,8.36631
K1,phase_reset,tau1.14,0.0354,0.3,1,83,1.20482,0.212998,6.51358
K1,phase_reset,tau1.14,0.0354,0.5,6,83,7.22892,3.35503,14.8868
K1,phase_reset,tau1.14,0.0354,0.7,8,83,9.63855,4.96527,17.8826
K1,phase_reset,tau1.14,0.0354,0.9,13,83,15.6627,9.38801,24.9751
K1,phase_reset,tau0.58,0.081,0.05,1,83,1.20482,0.212998,6.51358
K1,phase_reset,tau0.58,0.081,0.1,0,83,0,3.46945e-16,4.42353
K1,phase_reset,tau0.58,0.081,0.2,0,83,0,3.46945e-16,4.42353
K1,phase_reset,tau0.58,0.081,0.3,0,83,0,3.46945e-16,4.42353
K1,phase_reset,tau0.58,0.081,0.5,0,83,0,3.46945e-16,4.42353
K1,phase_reset,tau0.58,0.081,0.7,0,83,0,3.46945e-16,4.42353
K1,phase_reset,tau0.58,0.081,0.9,0,83,0,3.46945e-16,4.42353
K1,phase_reset,tau1.20,0.1379,0.05,4,83,4.81928,1.88986,11.7459
K1,phase_reset,tau1.20,0.1379,0.1,2,83,2.40964,0.663317,8.36631
K1,phase_reset,tau1.20,0.1379,0.2,0,83,0,3.46945e-16,4.42353
K1,phase_reset,tau1.20,0.1379,0.3,1,83,1.20482,0.212998,6.51358
K1,phase_reset,tau1.20,0.1379,0.5,0,83,0,3.46945e-16,4.42353
K1,phase_reset,tau1.20,0.1379,0.7,0,83,0,3.46945e-16,4.42353
K1,phase_reset,tau1.20,0.1379,0.9,0,83,0,3.46945e-16,4.42353
K1,phase_reset,tau1.16,0.1848,0.05,0,83,0,3.46945e-16,4.42353
K1,phase_reset,tau1.16,0.1848,0.1,0,83,0,3.46945e-16,4.42353
K1,phase_reset,tau1.16,0.1848,0.2,0,83,0,3.46945e-16,4.42353
K1,phase_reset,tau1.16,0.1848,0.3,1,83,1.20482,0.212998,6.51358
K1,phase_reset,tau1.16,0.1848,0.5,4,83,4.81928,1.88986,11.7459
K1,phase_reset,tau1.16,0.1848,0.7,3,83,3.61446,1.23678,10.0959
K1,phase_reset,tau1.16,0.1848,0.9,8,83,9.63855,4.96527,17.8826
