detector,intervals,k,n,rate_pct,ci_lo_pct,ci_hi_pct
LLE,256,91,320,28.4375,23.7734,33.6132
LLE,512,135,320,42.1875,36.9006,47.6598
LLE,1024,170,320,53.125,47.6528,58.5231
UPO,256,6,320,1.875,0.862092,4.02964
UPO,512,12,320,3.75,2.15795,6.4393
UPO,1024,15,320,4.6875,2.86097,7.58904
K1,256,1,320,0.3125,0.0551852,1.74862
K1,512,9,320,2.8125,1.48659,5.25791
K1,1024,9,320,2.8125,1.48659,5.25791
K3,256,1,320,0.3125,0.0551852,1.74862
K3,512,1,320,0.3125,0.0551852,1.74862
K3,1024,9,320,2.8125,1.48659,5.25791
