burden_beats,windows,subjects,detector,k,n,rate_pct,ci_lo_pct,ci_hi_pct
0,562,72,TIT,123,562,21.8861,18.6648,25.4891
0,562,72,LLE,145,562,25.8007,22.3562,29.5738
0,562,72,K1,5,562,0.88968,0.3806,2.06557
0,562,72,K3,7,562,1.24555,0.604627,2.54846
1,116,55,TIT,73,116,62.931,53.8593,71.1738
1,116,55,LLE,63,116,54.3103,45.2525,63.0918
1,116,55,K1,0,116,0,0,3.20545
1,116,55,K3,0,116,0,0,3.20545
2-4,116,39,TIT,93,116,80.1724,72.0018,86.4087
2-4,116,39,LLE,71,116,61.2069,52.1161,69.5792
2-4,116,39,K1,2,116,1.72414,0.474101,6.06909
2-4,116,39,K3,0,116,0,0,3.20545
5-15,83,26,TIT,71,83,85.5422,76.4082,91.5317
5-15,83,26,LLE,42,83,50.6024,40.0604,61.0911
5-15,83,26,K1,0,83,0,3.46945e-16,4.42353
5-15,83,26,K3,1,83,1.20482,0.212998,6.51358
≥16,111,20,TIT,95,111,85.5856,77.862,90.9285
≥16,111,20,LLE,80,111,72.0721,63.0952,79.5723
≥16,111,20,K1,9,111,8.10811,4.3242,14.6946
≥16,111,20,K3,0,111,0,3.46945e-16,3.34501
