detector,family,param,lambda,f,detected,base_windows,p_emp,pi_upper,U,f_min_005,f_min_020
K3,coupled_vdp,rho2_om2.7,0.085,0.05,0,83,0,1,0.0145624,0.9,0.7
K3,coupled_vdp,rho2_om2.7,0.085,0.1,0,83,0,1,0.0145624,0.9,0.7
K3,coupled_vdp,rho2_om2.7,0.085,0.2,0,83,0,1,0.0145624,0.9,0.7
K3,coupled_vdp,rho2_om2.7,0.085,0.3,2,83,0.0240964,0.60434,0.0145624,0.9,0.7
K3,coupled_vdp,rho2_om2.7,0.085,0.5,6,83,0.0722892,0.201447,0.0145624,0.9,0.7
K3,coupled_vdp,rho2_om2.7,0.085,0.7,20,83,0.240964,0.060434,0.0145624,0.9,0.7
K3,coupled_vdp,rho2_om2.7,0.085,0.9,63,83,0.759036,0.0191854,0.0145624,0.9,0.7
K3,coupled_vdp,rho6_om3.3,0.0788,0.05,0,83,0,1,0.0145624,,0.5
K3,coupled_vdp,rho6_om3.3,0.0788,0.1,0,83,0,1,0.0145624,,0.5
K3,coupled_vdp,rho6_om3.3,0.0788,0.2,0,83,0,1,0.0145624,,0.5
K3,coupled_vdp,rho6_om3.3,0.0788,0.3,3,83,0.0361446,0.402893,0.0145624,,0.5
K3,coupled_vdp,rho6_om3.3,0.0788,0.5,10,83,0.120482,0.120868,0.0145624,,0.5
K3,coupled_vdp,rho6_om3.3,0.0788,0.7,13,83,0.156627,0.0929754,0.0145624,,0.5
K3,coupled_vdp,rho6_om3.3,0.0788,0.9,23,83,0.277108,0.0525513,0.0145624,,0.5
K3,coupled_vdp,rho6_om4.0,0.1012,0.05,0,83,0,1,0.0145624,0.9,0.5
K3,coupled_vdp,rho6_om4.0,0.1012,0.1,1,83,0.0120482,1,0.0145624,0.9,0.5
K3,coupled_vdp,rho6_om4.0,0.1012,0.2,2,83,0.0240964,0.60434,0.0145624,0.9,0.5
K3,coupled_vdp,rho6_om4.0,0.1012,0.3,6,83,0.0722892,0.201447,0.0145624,0.9,0.5
K3,coupled_vdp,rho6_om4.0,0.1012,0.5,13,83,0.156627,0.0929754,0.0145624,0.9,0.5
K3,coupled_vdp,rho6_om4.0,0.1012,0.7,15,83,0.180723,0.0805787,0.0145624,0.9,0.5
K3,coupled_vdp,rho6_om4.0,0.1012,0.9,27,83,0.325301,0.0447659,0.0145624,0.9,0.5
K3,coupled_vdp,rho8_om3.3,0.0751,0.05,1,83,0.0120482,1,0.0145624,0.5,0.3
K3,coupled_vdp,rho8_om3.3,0.0751,0.1,2,83,0.0240964,0.60434,0.0145624,0.5,0.3
K3,coupled_vdp,rho8_om3.3,0.0751,0.2,5,83,0.060241,0.241736,0.0145624,0.5,0.3
K3,coupled_vdp,rho8_om3.3,0.0751,0.3,13,83,0.156627,0.0929754,0.0145624,0.5,0.3
K3,coupled_vdp,rho8_om3.3,0.0751,0.5,33,83,0.39759,0.0366267,0.0145624,0.5,0.3
K3,coupled_vdp,rho8_om3.3,0.0751,0.7,48,83,0.578313,0.0251808,0.0145624,0.5,0.3
K3,coupled_vdp,rho8_om3.3,0.0751,0.9,71,83,0.855422,0.0170237,0.0145624,0.5,0.3
K3,henon,a1.08,0.1364,0.05,0,83,0,1,0.0145624,,
K3,henon,a1.08,0.1364,0.1,1,83,0.0120482,1,0.0145624,,
K3,henon,a1.08,0.1364,0.2,0,83,0,1,0.0145624,,
K3,henon,a1.08,0.1364,0.3,0,83,0,1,0.0145624,,
K3,henon,a1.08,0.1364,0.5,0,83,0,1,0.0145624,,
K3,henon,a1.08,0.1364,0.7,0,83,0,1,0.0145624,,
K3,henon,a1.08,0.1364,0.9,0,83,0,1,0.0145624,,
K3,henon,a1.14,0.2442,0.05,0,83,0,1,0.0145624,,0.7
K3,henon,a1.14,0.2442,0.1,0,83,0,1,0.0145624,,0.7
K3,henon,a1.14,0.2442,0.2,0,83,0,1,0.0145624,,0.7
K3,henon,a1.14,0.2442,0.3,2,83,0.0240964,0.60434,0.0145624,,0.7
K3,henon,a1.14,0.2442,0.5,2,83,0.0240964,0.60434,0.0145624,,0.7
K3,henon,a1.14,0.2442,0.7,9,83,0.108434,0.134298,0.0145624,,0.7
K3,henon,a1.14,0.2442,0.9,8,83,0.0963855,0.151085,0.0145624,,0.7
K3,henon,a1.22,0.3029,0.05,0,83,0,1,0.0145624,0.5,0.5
K3,henon,a1.22,0.3029,0.1,0,83,0,1,0.0145624,0.5,0.5
K3,henon,a1.22,0.3029,0.2,3,83,0.0361446,0.402893,0.0145624,0.5,0.5
K3,henon,a1.22,0.3029,0.3,6,83,0.0722892,0.201447,0.0145624,0.5,0.5
K3,henon,a1.22,0.3029,0.5,32,83,0.385542,0.0377713,0.0145624,0.5,0.5
K3,henon,a1.22,0.3029,0.7,58,83,0.698795,0.0208393,0.0145624,0.5,0.5
K3,henon,a1.22,0.3029,0.9,76,83,0.915663,0.0159037,0.0145624,0.5,0.5
K3,henon,a1.40,0.4193,0.05,0,83,0,1,0.0145624,0.5,0.3
K3,henon,a1.40,0.4193,0.1,1,83,0.0120482,1,0.0145624,0.5,0.3
K3,henon,a1.40,0.4193,0.2,4,83,0.0481928,0.30217,0.0145624,0.5,0.3
K3,henon,a1.40,0.4193,0.3,9,83,0.108434,0.134298,0.0145624,0.5,0.3
K3,henon,a1.40,0.4193,0.5,29,83,0.349398,0.0416786,0.0145624,0.5,0.3
K3,henon,a1.40,0.4193,0.7,58,83,0.698795,0.0208393,0.0145624,0.5,0.3
K3,henon,a1.40,0.4193,0.9,76,83,0.915663,0.0159037,0.0145624,0.5,0.3
K3,logistic,r3.58,0.1052,0.05,0,83,0,1,0.0145624,,
K3,logistic,r3.58,0.1052,0.1,0,83,0,1,0.0145624,,
K3,logistic,r3.58,0.1052,0.2,0,83,0,1,0.0145624,,
K3,logistic,r3.58,0.1052,0.3,0,83,0,1,0.0145624,,
K3,logistic,r3.58,0.1052,0.5,0,83,0,1,0.0145624,,
K3,logistic,r3.58,0.1052,0.7,0,83,0,1,0.0145624,,
K3,logistic,r3.58,0.1052,0.9,0,83,0,1,0.0145624,,
K3,logistic,r3.65,0.2554,0.05,0,83,0,1,0.0145624,,
K3,logistic,r3.65,0.2554,0.1,0,83,0,1,0.0145624,,
K3,logistic,r3.65,0.2554,0.2,0,83,0,1,0.0145624,,
K3,logistic,r3.65,0.2554,0.3,0,83,0,1,0.0145624,,
K3,logistic,r3.65,0.2554,0.5,0,83,0,1,0.0145624,,
K3,logistic,r3.65,0.2554,0.7,1,83,0.0120482,1,0.0145624,,
K3,logistic,r3.65,0.2554,0.9,0,83,0,1,0.0145624,,
K3,logistic,r3.88,0.4642,0.05,1,83,0.0120482,1,0.0145624,0.5,0.5
K3,logistic,r3.88,0.4642,0.1,1,83,0.0120482,1,0.0145624,0.5,0.5
K3,logistic,r3.88,0.4642,0.2,1,83,0.0120482,1,0.0145624,0.5,0.5
K3,logistic,r3.88,0.4642,0.3,5,83,0.060241,0.241736,0.0145624,0.5,0.5
K3,logistic,r3.88,0.4642,0.5,28,83,0.337349,0.0431671,0.0145624,0.5,0.5
K3,logistic,r3.88,0.4642,0.7,59,83,0.710843,0.0204861,0.0145624,0.5,0.5
K3,logistic,r3.88,0.4642,0.9,77,83,0.927711,0.0156971,0.0145624,0.5,0.5
K3,logistic,r4.00,0.6931,0.05,0,83,0,1,0.0145624,0.7,0.5
K3,logistic,r4.00,0.6931,0.1,0,83,0,1,0.0145624,0.7,0.5
K3,logistic,r4.00,0.6931,0.2,0,83,0,1,0.0145624,0.7,0.5
K3,logistic,r4.00,0.6931,0.3,1,83,0.0120482,1,0.0145624,0.7,0.5
K3,logistic,r4.00,0.6931,0.5,9,83,0.108434,0.134298,0.0145624,0.7,0.5
K3,logistic,r4.00,0.6931,0.7,25,83,0.301205,0.0483472,0.0145624,0.7,0.5
K3,logistic,r4.00,0.6931,0.9,73,83,0.879518,0.0165573,0.0145624,0.7,0.5
K3,phase_reset,tau0.58,0.081,0.05,0,83,0,1,0.0145624,,
K3,phase_reset,tau0.58,0.081,0.1,1,83,0.0120482,1,0.0145624,,
K3,phase_reset,tau0.58,0.081,0.2,1,83,0.0120482,1,0.0145624,,
K3,phase_reset,tau0.58,0.081,0.3,1,83,0.0120482,1,0.0145624,,
K3,phase_reset,tau0.58,0.081,0.5,1,83,0.0120482,1,0.0145624,,
K3,phase_reset,tau0.58,0.081,0.7,0,83,0,1,0.0145624,,
K3,phase_reset,tau0.58,0.081,0.9,0,83,0,1,0.0145624,,
K3,phase_reset,tau1.14,0.0354,0.05,0,83,0,1,0.0145624,,
K3,phase_reset,tau1.14,0.0354,0.1,0,83,0,1,0.0145624,,
K3,phase_reset,tau1.14,0.0354,0.2,0,83,0,1,0.0145624,,
K3,phase_reset,tau1.14,0.0354,0.3,1,83,0.0120482,1,0.0145624,,
K3,phase_reset,tau1.14,0.0354,0.5,0,83,0,1,0.0145624,,
K3,phase_reset,tau1.14,0.0354,0.7,0,83,0,1,0.0145624,,
K3,phase_reset,tau1.14,0.0354,0.9,0,83,0,1,0.0145624,,
K3,phase_reset,tau1.16,0.1848,0.05,0,83,0,1,0.0145624,,
K3,phase_reset,tau1.16,0.1848,0.1,0,83,0,1,0.0145624,,
K3,phase_reset,tau1.16,0.1848,0.2,0,83,0,1,0.0145624,,
K3,phase_reset,tau1.16,0.1848,0.3,0,83,0,1,0.0145624,,
K3,phase_reset,tau1.16,0.1848,0.5,2,83,0.0240964,0.60434,0.0145624,,
K3,phase_reset,tau1.16,0.1848,0.7,1,83,0.0120482,1,0.0145624,,
K3,phase_reset,tau1.16,0.1848,0.9,5,83,0.060241,0.241736,0.0145624,,
K3,phase_reset,tau1.20,0.1379,0.05,0,83,0,1,0.0145624,,
K3,phase_reset,tau1.20,0.1379,0.1,0,83,0,1,0.0145624,,
K3,phase_reset,tau1.20,0.1379,0.2,0,83,0,1,0.0145624,,
K3,phase_reset,tau1.20,0.1379,0.3,0,83,0,1,0.0145624,,
K3,phase_reset,tau1.20,0.1379,0.5,2,83,0.0240964,0.60434,0.0145624,,
K3,phase_reset,tau1.20,0.1379,0.7,0,83,0,1,0.0145624,,
K3,phase_reset,tau1.20,0.1379,0.9,0,83,0,1,0.0145624,,
K1,coupled_vdp,rho2_om2.7,0.085,0.05,0,83,0,1,0.0244929,,
K1,coupled_vdp,rho2_om2.7,0.085,0.1,0,83,0,1,0.0244929,,
K1,coupled_vdp,rho2_om2.7,0.085,0.2,0,83,0,1,0.0244929,,
K1,coupled_vdp,rho2_om2.7,0.085,0.3,0,83,0,1,0.0244929,,
K1,coupled_vdp,rho2_om2.7,0.085,0.5,0,83,0,1,0.0244929,,
K1,coupled_vdp,rho2_om2.7,0.085,0.7,0,83,0,1,0.0244929,,
K1,coupled_vdp,rho2_om2.7,0.085,0.9,2,83,0.0240964,1,0.0244929,,
K1,coupled_vdp,rho6_om3.3,0.0788,0.05,0,83,0,1,0.0244929,,
K1,coupled_vdp,rho6_om3.3,0.0788,0.1,0,83,0,1,0.0244929,,
K1,coupled_vdp,rho6_om3.3,0.0788,0.2,0,83,0,1,0.0244929,,
K1,coupled_vdp,rho6_om3.3,0.0788,0.3,0,83,0,1,0.0244929,,
K1,coupled_vdp,rho6_om3.3,0.0788,0.5,0,83,0,1,0.0244929,,
K1,coupled_vdp,rho6_om3.3,0.0788,0.7,1,83,0.0120482,1,0.0244929,,
K1,coupled_vdp,rho6_om3.3,0.0788,0.9,3,83,0.0361446,0.677637,0.0244929,,
K1,coupled_vdp,rho6_om4.0,0.1012,0.05,1,83,0.0120482,1,0.0244929,,
K1,coupled_vdp,rho6_om4.0,0.1012,0.1,0,83,0,1,0.0244929,,
K1,coupled_vdp,rho6_om4.0,0.1012,0.2,0,83,0,1,0.0244929,,
K1,coupled_vdp,rho6_om4.0,0.1012,0.3,0,83,0,1,0.0244929,,
K1,coupled_vdp,rho6_om4.0,0.1012,0.5,0,83,0,1,0.0244929,,
K1,coupled_vdp,rho6_om4.0,0.1012,0.7,0,83,0,1,0.0244929,,
K1,coupled_vdp,rho6_om4.0,0.1012,0.9,0,83,0,1,0.0244929,,
K1,coupled_vdp,rho8_om3.3,0.0751,0.05,0,83,0,1,0.0244929,,
K1,coupled_vdp,rho8_om3.3,0.0751,0.1,0,83,0,1,0.0244929,,
K1,coupled_vdp,rho8_om3.3,0.0751,0.2,0,83,0,1,0.0244929,,
K1,coupled_vdp,rho8_om3.3,0.0751,0.3,0,83,0,1,0.0244929,,
K1,coupled_vdp,rho8_om3.3,0.0751,0.5,0,83,0,1,0.0244929,,
K1,coupled_vdp,rho8_om3.3,0.0751,0.7,0,83,0,1,0.0244929,,
K1,coupled_vdp,rho8_om3.3,0.0751,0.9,0,83,0,1,0.0244929,,
K1,henon,a1.08,0.1364,0.05,2,83,0.0240964,1,0.0244929,,
K1,henon,a1.08,0.1364,0.1,2,83,0.0240964,1,0.0244929,,
K1,henon,a1.08,0.1364,0.2,0,83,0,1,0.0244929,,
K1,henon,a1.08,0.1364,0.3,0,83,0,1,0.0244929,,
K1,henon,a1.08,0.1364,0.5,0,83,0,1,0.0244929,,
K1,henon,a1.08,0.1364,0.7,0,83,0,1,0.0244929,,
K1,henon,a1.08,0.1364,0.9,0,83,0,1,0.0244929,,
K1,henon,a1.14,0.2442,0.05,0,83,0,1,0.0244929,,0.7
K1,henon,a1.14,0.2442,0.1,0,83,0,1,0.0244929,,0.7
K1,henon,a1.14,0.2442,0.2,4,83,0.0481928,0.508228,0.0244929,,0.7
K1,henon,a1.14,0.2442,0.3,0,83,0,1,0.0244929,,0.7
K1,henon,a1.14,0.2442,0.5,7,83,0.0843373,0.290416,0.0244929,,0.7
K1,henon,a1.14,0.2442,0.7,11,83,0.13253,0.18481,0.0244929,,0.7
K1,henon,a1.14,0.2442,0.9,24,83,0.289157,0.0847047,0.0244929,,0.7
K1,henon,a1.22,0.3029,0.05,0,83,0,1,0.0244929,,0.7
K1,henon,a1.22,0.3029,0.1,0,83,0,1,0.0244929,,0.7
K1,henon,a1.22,0.3029,0.2,2,83,0.0240964,1,0.0244929,,0.7
K1,henon,a1.22,0.3029,0.3,3,83,0.0361446,0.677637,0.0244929,,0.7
K1,henon,a1.22,0.3029,0.5,8,83,0.0963855,0.254114,0.0244929,,0.7
K1,henon,a1.22,0.3029,0.7,20,83,0.240964,0.101646,0.0244929,,0.7
K1,henon,a1.22,0.3029,0.9,38,83,0.457831,0.0534977,0.0244929,,0.7
K1,henon,a1.40,0.4193,0.05,0,83,0,1,0.0244929,0.9,0.7
K1,henon,a1.40,0.4193,0.1,1,83,0.0120482,1,0.0244929,0.9,0.7
K1,henon,a1.40,0.4193,0.2,0,83,0,1,0.0244929,0.9,0.7
K1,henon,a1.40,0.4193,0.3,1,83,0.0120482,1,0.0244929,0.9,0.7
K1,henon,a1.40,0.4193,0.5,6,83,0.0722892,0.338819,0.0244929,0.9,0.7
K1,henon,a1.40,0.4193,0.7,14,83,0.168675,0.145208,0.0244929,0.9,0.7
K1,henon,a1.40,0.4193,0.9,42,83,0.506024,0.0484027,0.0244929,0.9,0.7
K1,logistic,r3.58,0.1052,0.05,0,83,0,1,0.0244929,,
K1,logistic,r3.58,0.1052,0.1,0,83,0,1,0.0244929,,
K1,logistic,r3.58,0.1052,0.2,0,83,0,1,0.0244929,,
K1,logistic,r3.58,0.1052,0.3,0,83,0,1,0.0244929,,
K1,logistic,r3.58,0.1052,0.5,0,83,0,1,0.0244929,,
K1,logistic,r3.58,0.1052,0.7,0,83,0,1,0.0244929,,
K1,logistic,r3.58,0.1052,0.9,0,83,0,1,0.0244929,,
K1,logistic,r3.65,0.2554,0.05,0,83,0,1,0.0244929,,
K1,logistic,r3.65,0.2554,0.1,0,83,0,1,0.0244929,,
K1,logistic,r3.65,0.2554,0.2,0,83,0,1,0.0244929,,
K1,logistic,r3.65,0.2554,0.3,0,83,0,1,0.0244929,,
K1,logistic,r3.65,0.2554,0.5,0,83,0,1,0.0244929,,
K1,logistic,r3.65,0.2554,0.7,1,83,0.0120482,1,0.0244929,,
K1,logistic,r3.65,0.2554,0.9,2,83,0.0240964,1,0.0244929,,
K1,logistic,r3.88,0.4642,0.05,0,83,0,1,0.0244929,0.9,0.7
K1,logistic,r3.88,0.4642,0.1,0,83,0,1,0.0244929,0.9,0.7
K1,logistic,r3.88,0.4642,0.2,0,83,0,1,0.0244929,0.9,0.7
K1,logistic,r3.88,0.4642,0.3,0,83,0,1,0.0244929,0.9,0.7
K1,logistic,r3.88,0.4642,0.5,7,83,0.0843373,0.290416,0.0244929,0.9,0.7
K1,logistic,r3.88,0.4642,0.7,20,83,0.240964,0.101646,0.0244929,0.9,0.7
K1,logistic,r3.88,0.4642,0.9,54,83,0.650602,0.0376465,0.0244929,0.9,0.7
K1,logistic,r4.00,0.6931,0.05,1,83,0.0120482,1,0.0244929,0.9,0.5
K1,logistic,r4.00,0.6931,0.1,0,83,0,1,0.0244929,0.9,0.5
K1,logistic,r4.00,0.6931,0.2,2,83,0.0240964,1,0.0244929,0.9,0.5
K1,logistic,r4.00,0.6931,0.3,6,83,0.0722892,0.338819,0.0244929,0.9,0.5
K1,logistic,r4.00,0.6931,0.5,11,83,0.13253,0.18481,0.0244929,0.9,0.5
K1,logistic,r4.00,0.6931,0.7,30,83,0.361446,0.0677637,0.0244929,0.9,0.5
K1,logistic,r4.00,0.6931,0.9,65,83,0.783133,0.0312756,0.0244929,0.9,0.5
K1,phase_reset,tau0.58,0.081,0.05,1,83,0.0120482,1,0.0244929,,
K1,phase_reset,tau0.58,0.081,0.1,0,83,0,1,0.0244929,,
K1,phase_reset,tau0.58,0.081,0.2,0,83,0,1,0.0244929,,
K1,phase_reset,tau0.58,0.081,0.3,0,83,0,1,0.0244929,,
K1,phase_reset,tau0.58,0.081,0.5,0,83,0,1,0.0244929,,
K1,phase_reset,tau0.58,0.081,0.7,0,83,0,1,0.0244929,,
K1,phase_reset,tau0.58,0.081,0.9,0,83,0,1,0.0244929,,
K1,phase_reset,tau1.14,0.0354,0.05,0,83,0,1,0.0244929,,0.9
K1,phase_reset,tau1.14,0.0354,0.1,1,83,0.0120482,1,0.0244929,,0.9
K1,phase_reset,tau1.14,0.0354,0.2,2,83,0.0240964,1,0.0244929,,0.9
K1,phase_reset,tau1.14,0.0354,0.3,1,83,0.0120482,1,0.0244929,,0.9
K1,phase_reset,tau1.14,0.0354,0.5,6,83,0.0722892,0.338819,0.0244929,,0.9
K1,phase_reset,tau1.14,0.0354,0.7,8,83,0.0963855,0.254114,0.0244929,,0.9
K1,phase_reset,tau1.14,0.0354,0.9,13,83,0.156627,0.156378,0.0244929,,0.9
K1,phase_reset,tau1.16,0.1848,0.05,0,83,0,1,0.0244929,,
K1,phase_reset,tau1.16,0.1848,0.1,0,83,0,1,0.0244929,,
K1,phase_reset,tau1.16,0.1848,0.2,0,83,0,1,0.0244929,,
K1,phase_reset,tau1.16,0.1848,0.3,1,83,0.0120482,1,0.0244929,,
K1,phase_reset,tau1.16,0.1848,0.5,4,83,0.0481928,0.508228,0.0244929,,
K1,phase_reset,tau1.16,0.1848,0.7,3,83,0.0361446,0.677637,0.0244929,,
K1,phase_reset,tau1.16,0.1848,0.9,8,83,0.0963855,0.254114,0.0244929,,
K1,phase_reset,tau1.20,0.1379,0.05,4,83,0.0481928,0.508228,0.0244929,,
K1,phase_reset,tau1.20,0.1379,0.1,2,83,0.0240964,1,0.0244929,,
K1,phase_reset,tau1.20,0.1379,0.2,0,83,0,1,0.0244929,,
K1,phase_reset,tau1.20,0.1379,0.3,1,83,0.0120482,1,0.0244929,,
K1,phase_reset,tau1.20,0.1379,0.5,0,83,0,1,0.0244929,,
K1,phase_reset,tau1.20,0.1379,0.7,0,83,0,1,0.0244929,,
K1,phase_reset,tau1.20,0.1379,0.9,0,83,0,1,0.0244929,,
