detector,family,param,lambda,f_min_005,f_min_020
K1,coupled_vdp,rho2_om2.7,0.085,,
K1,coupled_vdp,rho6_om3.3,0.0788,,
K1,coupled_vdp,rho6_om4.0,0.1012,,
K1,coupled_vdp,rho8_om3.3,0.0751,,
K1,henon,a1.08,0.1364,,
K1,henon,a1.14,0.2442,,0.7
K1,henon,a1.22,0.3029,,0.7
K1,henon,a1.40,0.4193,0.9,0.7
K1,logistic,r3.58,0.1052,,
K1,logistic,r3.65,0.2554,,
K1,logistic,r3.88,0.4642,0.9,0.7
K1,logistic,r4.00,0.6931,0.9,0.5
K1,phase_reset,tau0.58,0.081,,
K1,phase_reset,tau1.14,0.0354,,0.9
K1,phase_reset,tau1.16,0.1848,,
K1,phase_reset,tau1.20,0.1379,,
K3,coupled_vdp,rho2_om2.7,0.085,0.9,0.7
K3,coupled_vdp,rho6_om3.3,0.0788,,0.5
K3,coupled_vdp,rho6_om4.0,0.1012,0.9,0.5
K3,coupled_vdp,rho8_om3.3,0.0751,0.5,0.3
K3,henon,a1.08,0.1364,,
K3,henon,a1.14,0.2442,,0.7
K3,henon,a1.22,0.3029,0.5,0.5
K3,henon,a1.40,0.4193,0.5,0.3
K3,logistic,r3.58,0.1052,,
K3,logistic,r3.65,0.2554,,
K3,logistic,r3.88,0.4642,0.5,0.5
K3,logistic,r4.00,0.6931,0.7,0.5
K3,phase_reset,tau0.58,0.081,,
K3,phase_reset,tau1.14,0.0354,,
K3,phase_reset,tau1.16,0.1848,,
K3,phase_reset,tau1.20,0.1379,,
