cand,cond,k,N,limit,within
k1_frozen512,noncha_input|av_node:H=40.0,0,100,7,True
k1_frozen512,noncha_input|av_node:H=45.0,0,100,7,True
k1_frozen512,noncha_input|av_node:H=52.0,0,100,7,True
k1_frozen512,noncha_input|av_node:H=55.0,0,100,7,True
k1_frozen512,"noncha_input|coupled_vdp:rho=10.0,omega=3.3",0,100,7,True
k1_frozen512,"noncha_input|coupled_vdp:rho=2.0,omega=5.6",0,100,7,True
k1_frozen512,"noncha_input|coupled_vdp:rho=4.0,omega=5.6",0,100,7,True
k1_frozen512,"noncha_input|coupled_vdp:rho=5.45,omega=5.6",0,100,7,True
k1_frozen512,"noncha_input|coupled_vdp:rho=6.0,omega=5.6",0,100,7,True
k1_frozen512,"noncha_input|coupled_vdp:rho=9.6,omega=2.1",0,100,7,True
k1_frozen512,noncha_input|mackey_glass:tau=14.0,0,100,7,True
k1_frozen512,noncha_input|mackey_glass:tau=15.0,0,100,7,True
k1_frozen512,noncha_input|mackey_glass:tau=16.0,0,100,7,True
k1_frozen512,noncha_input|phase_reset:tau=0.38,0,100,7,True
k1_frozen512,noncha_input|phase_reset:tau=0.62,0,100,7,True
k1_frozen512,noncha_input|phase_reset:tau=0.66,0,100,7,True
k1_frozen512,noncha_input|phase_reset:tau=1.18,0,100,7,True
k1_frozen512,noncha_input|phase_reset:tau=1.74,0,100,7,True
k1_frozen512,noncha_real|av_node:H=40.0,0,100,7,True
k1_frozen512,noncha_real|av_node:H=45.0,0,100,7,True
k1_frozen512,noncha_real|av_node:H=52.0,0,100,7,True
k1_frozen512,noncha_real|av_node:H=55.0,0,100,7,True
k1_frozen512,"noncha_real|coupled_vdp:rho=10.0,omega=3.3",13,100,7,False
k1_frozen512,"noncha_real|coupled_vdp:rho=2.0,omega=5.6",0,100,7,True
k1_frozen512,"noncha_real|coupled_vdp:rho=4.0,omega=5.6",2,100,7,True
k1_frozen512,"noncha_real|coupled_vdp:rho=5.45,omega=5.6",10,100,7,False
k1_frozen512,"noncha_real|coupled_vdp:rho=6.0,omega=5.6",8,100,7,False
k1_frozen512,"noncha_real|coupled_vdp:rho=9.6,omega=2.1",45,100,7,False
k1_frozen512,noncha_real|ktz:P=100|E1,0,100,7,True
k1_frozen512,noncha_real|ktz:P=100|E3_10,0,100,7,True
k1_frozen512,noncha_real|ktz:P=120|E1,0,100,7,True
k1_frozen512,noncha_real|ktz:P=120|E3_10,1,100,7,True
k1_frozen512,noncha_real|ktz:P=120|S2_5,0,100,7,True
k1_frozen512,noncha_real|ktz:P=120|none,0,100,7,True
k1_frozen512,noncha_real|ktz:P=150|E1,0,100,7,True
k1_frozen512,noncha_real|ktz:P=150|E3_10,0,100,7,True
k1_frozen512,noncha_real|ktz:P=150|S2_5,0,100,7,True
k1_frozen512,noncha_real|ktz:P=150|none,0,100,7,True
k1_frozen512,noncha_real|ktz:P=200|E1,0,100,7,True
k1_frozen512,noncha_real|ktz:P=200|E3_10,0,100,7,True
k1_frozen512,noncha_real|ktz:P=200|S2_5,0,100,7,True
k1_frozen512,noncha_real|ktz:P=200|none,1,100,7,True
k1_frozen512,noncha_real|ktz:P=230|E1,0,100,7,True
k1_frozen512,noncha_real|ktz:P=230|E3_10,0,100,7,True
k1_frozen512,noncha_real|ktz:P=230|S2_5,0,100,7,True
k1_frozen512,noncha_real|ktz:P=232|E1,0,100,7,True
k1_frozen512,noncha_real|ktz:P=232|E3_10,0,100,7,True
k1_frozen512,noncha_real|ktz:P=250|E1,0,100,7,True
k1_frozen512,noncha_real|ktz:P=250|E3_10,0,100,7,True
k1_frozen512,noncha_real|ktz:P=250|S2_5,0,100,7,True
k1_frozen512,noncha_real|ktz:P=250|none,0,100,7,True
k1_frozen512,noncha_real|ktz:P=260|E1,0,100,7,True
k1_frozen512,noncha_real|ktz:P=278|E1,0,100,7,True
k1_frozen512,noncha_real|ktz:P=278|E3_10,0,100,7,True
k1_frozen512,noncha_real|ktz:P=300|E1,0,100,7,True
k1_frozen512,noncha_real|ktz:P=300|E3_10,0,100,7,True
k1_frozen512,noncha_real|ktz:P=300|S2_5,0,100,7,True
k1_frozen512,noncha_real|ktz:P=300|none,0,100,7,True
k1_frozen512,noncha_real|ktz:P=92|E1,0,100,7,True
k1_frozen512,noncha_real|mackey_glass:tau=14.0,0,100,7,True
k1_frozen512,noncha_real|mackey_glass:tau=15.0,0,100,7,True
k1_frozen512,noncha_real|mackey_glass:tau=16.0,0,100,7,True
k1_frozen512,noncha_real|phase_reset:tau=0.38,0,100,7,True
k1_frozen512,noncha_real|phase_reset:tau=0.62,1,100,7,True
k1_frozen512,noncha_real|phase_reset:tau=0.66,0,100,7,True
k1_frozen512,noncha_real|phase_reset:tau=1.18,0,100,7,True
k1_frozen512,noncha_real|phase_reset:tau=1.74,1,100,7,True
k1_frozen512,null_input|E1_bigeminy,0,100,7,True
k1_frozen512,null_input|E2_trigeminy,0,100,7,True
k1_frozen512,null_input|E3_couplets_10pct,0,100,7,True
k1_frozen512,null_input|E3_couplets_5pct,0,100,7,True
k1_frozen512,null_input|E4_runs,0,100,7,True
k1_frozen512,null_input|E5_atrial_10pct,2,100,7,True
k1_frozen512,null_input|E5_atrial_5pct,0,100,7,True
k1_frozen512,null_input|E6_ectopic10_trend,3,100,7,True
k1_frozen512,null_input|N1_linear_rr,0,100,7,True
k1_frozen512,null_input|N2_power_law,0,100,7,True
k1_frozen512,null_input|N3_linear_rr_trend,0,100,7,True
k1_frozen512,null_input|N4_linear_rr_step,0,100,7,True
k1_frozen512,null_input|N5_linear_rr_warped,1,100,7,True
k1_frozen512,null_input|N6_noisy_rsa,0,100,7,True
k1_frozen512,null_input|S1_setar,1,100,7,True
k1_frozen512,null_input|S2_ectopic_10pct,4,100,7,True
k1_frozen512,null_input|S2_ectopic_5pct,0,100,7,True
k1_frozen512,null_real|E1_bigeminy,0,100,7,True
k1_frozen512,null_real|E2_trigeminy,0,100,7,True
k1_frozen512,null_real|E3_couplets_10pct,1,100,7,True
k1_frozen512,null_real|E3_couplets_5pct,0,100,7,True
k1_frozen512,null_real|E4_runs,0,100,7,True
k1_frozen512,null_real|E5_atrial_10pct,1,100,7,True
k1_frozen512,null_real|E5_atrial_5pct,0,100,7,True
k1_frozen512,null_real|E6_ectopic10_trend,1,100,7,True
k1_frozen512,null_real|N1_linear_rr,0,100,7,True
k1_frozen512,null_real|N2_power_law,0,100,7,True
k1_frozen512,null_real|N3_linear_rr_trend,0,100,7,True
k1_frozen512,null_real|N4_linear_rr_step,0,100,7,True
k1_frozen512,null_real|N5_linear_rr_warped,0,100,7,True
k1_frozen512,null_real|N6_noisy_rsa,0,100,7,True
k1_frozen512,null_real|S1_setar,0,100,7,True
k1_frozen512,null_real|S2_ectopic_10pct,1,100,7,True
k1_frozen512,null_real|S2_ectopic_5pct,0,100,7,True
k2_mnlp_ann,noncha_input|av_node:H=40.0,0,100,7,True
k2_mnlp_ann,noncha_input|av_node:H=45.0,0,100,7,True
k2_mnlp_ann,noncha_input|av_node:H=52.0,0,100,7,True
k2_mnlp_ann,noncha_input|av_node:H=55.0,0,100,7,True
k2_mnlp_ann,"noncha_input|coupled_vdp:rho=10.0,omega=3.3",0,100,7,True
k2_mnlp_ann,"noncha_input|coupled_vdp:rho=2.0,omega=5.6",87,100,7,False
k2_mnlp_ann,"noncha_input|coupled_vdp:rho=4.0,omega=5.6",10,100,7,False
k2_mnlp_ann,"noncha_input|coupled_vdp:rho=5.45,omega=5.6",100,100,7,False
k2_mnlp_ann,"noncha_input|coupled_vdp:rho=6.0,omega=5.6",0,100,7,True
k2_mnlp_ann,"noncha_input|coupled_vdp:rho=9.6,omega=2.1",100,100,7,False
k2_mnlp_ann,noncha_input|mackey_glass:tau=14.0,0,100,7,True
k2_mnlp_ann,noncha_input|mackey_glass:tau=15.0,0,100,7,True
k2_mnlp_ann,noncha_input|mackey_glass:tau=16.0,0,100,7,True
k2_mnlp_ann,noncha_input|phase_reset:tau=0.38,0,100,7,True
k2_mnlp_ann,noncha_input|phase_reset:tau=0.62,0,100,7,True
k2_mnlp_ann,noncha_input|phase_reset:tau=0.66,0,100,7,True
k2_mnlp_ann,noncha_input|phase_reset:tau=1.18,0,100,7,True
k2_mnlp_ann,noncha_input|phase_reset:tau=1.74,0,100,7,True
k2_mnlp_ann,noncha_real|av_node:H=40.0,0,100,7,True
k2_mnlp_ann,noncha_real|av_node:H=45.0,0,100,7,True
k2_mnlp_ann,noncha_real|av_node:H=52.0,2,100,7,True
k2_mnlp_ann,noncha_real|av_node:H=55.0,1,100,7,True
k2_mnlp_ann,"noncha_real|coupled_vdp:rho=10.0,omega=3.3",11,100,7,False
k2_mnlp_ann,"noncha_real|coupled_vdp:rho=2.0,omega=5.6",14,100,7,False
k2_mnlp_ann,"noncha_real|coupled_vdp:rho=4.0,omega=5.6",16,100,7,False
k2_mnlp_ann,"noncha_real|coupled_vdp:rho=5.45,omega=5.6",75,100,7,False
k2_mnlp_ann,"noncha_real|coupled_vdp:rho=6.0,omega=5.6",9,100,7,False
k2_mnlp_ann,"noncha_real|coupled_vdp:rho=9.6,omega=2.1",70,100,7,False
k2_mnlp_ann,noncha_real|ktz:P=100|E1,0,100,7,True
k2_mnlp_ann,noncha_real|ktz:P=100|E3_10,0,100,7,True
k2_mnlp_ann,noncha_real|ktz:P=120|E1,0,100,7,True
k2_mnlp_ann,noncha_real|ktz:P=120|E3_10,0,100,7,True
k2_mnlp_ann,noncha_real|ktz:P=120|S2_5,1,100,7,True
k2_mnlp_ann,noncha_real|ktz:P=120|none,8,100,7,False
k2_mnlp_ann,noncha_real|ktz:P=150|E1,0,100,7,True
k2_mnlp_ann,noncha_real|ktz:P=150|E3_10,0,100,7,True
k2_mnlp_ann,noncha_real|ktz:P=150|S2_5,0,100,7,True
k2_mnlp_ann,noncha_real|ktz:P=150|none,7,100,7,True
k2_mnlp_ann,noncha_real|ktz:P=200|E1,0,100,7,True
k2_mnlp_ann,noncha_real|ktz:P=200|E3_10,0,100,7,True
k2_mnlp_ann,noncha_real|ktz:P=200|S2_5,0,100,7,True
k2_mnlp_ann,noncha_real|ktz:P=200|none,12,100,7,False
k2_mnlp_ann,noncha_real|ktz:P=230|E1,0,100,7,True
k2_mnlp_ann,noncha_real|ktz:P=230|E3_10,0,100,7,True
k2_mnlp_ann,noncha_real|ktz:P=230|S2_5,0,100,7,True
k2_mnlp_ann,noncha_real|ktz:P=232|E1,0,100,7,True
k2_mnlp_ann,noncha_real|ktz:P=232|E3_10,0,100,7,True
k2_mnlp_ann,noncha_real|ktz:P=250|E1,0,100,7,True
k2_mnlp_ann,noncha_real|ktz:P=250|E3_10,0,100,7,True
k2_mnlp_ann,noncha_real|ktz:P=250|S2_5,1,100,7,True
k2_mnlp_ann,noncha_real|ktz:P=250|none,10,100,7,False
k2_mnlp_ann,noncha_real|ktz:P=260|E1,0,100,7,True
k2_mnlp_ann,noncha_real|ktz:P=278|E1,0,100,7,True
k2_mnlp_ann,noncha_real|ktz:P=278|E3_10,0,100,7,True
k2_mnlp_ann,noncha_real|ktz:P=300|E1,0,100,7,True
k2_mnlp_ann,noncha_real|ktz:P=300|E3_10,0,100,7,True
k2_mnlp_ann,noncha_real|ktz:P=300|S2_5,0,100,7,True
k2_mnlp_ann,noncha_real|ktz:P=300|none,9,100,7,False
k2_mnlp_ann,noncha_real|ktz:P=92|E1,0,100,7,True
k2_mnlp_ann,noncha_real|mackey_glass:tau=14.0,2,100,7,True
k2_mnlp_ann,noncha_real|mackey_glass:tau=15.0,19,100,7,False
k2_mnlp_ann,noncha_real|mackey_glass:tau=16.0,37,100,7,False
k2_mnlp_ann,noncha_real|phase_reset:tau=0.38,1,100,7,True
k2_mnlp_ann,noncha_real|phase_reset:tau=0.62,0,100,7,True
k2_mnlp_ann,noncha_real|phase_reset:tau=0.66,1,100,7,True
k2_mnlp_ann,noncha_real|phase_reset:tau=1.18,3,100,7,True
k2_mnlp_ann,noncha_real|phase_reset:tau=1.74,1,100,7,True
k2_mnlp_ann,null_input|E1_bigeminy,0,100,7,True
k2_mnlp_ann,null_input|E2_trigeminy,0,100,7,True
k2_mnlp_ann,null_input|E3_couplets_10pct,0,100,7,True
k2_mnlp_ann,null_input|E3_couplets_5pct,0,100,7,True
k2_mnlp_ann,null_input|E4_runs,0,100,7,True
k2_mnlp_ann,null_input|E5_atrial_10pct,0,100,7,True
k2_mnlp_ann,null_input|E5_atrial_5pct,0,100,7,True
k2_mnlp_ann,null_input|E6_ectopic10_trend,0,100,7,True
k2_mnlp_ann,null_input|N1_linear_rr,0,100,7,True
k2_mnlp_ann,null_input|N2_power_law,0,100,7,True
k2_mnlp_ann,null_input|N3_linear_rr_trend,0,100,7,True
k2_mnlp_ann,null_input|N4_linear_rr_step,0,100,7,True
k2_mnlp_ann,null_input|N5_linear_rr_warped,0,100,7,True
k2_mnlp_ann,null_input|N6_noisy_rsa,0,100,7,True
k2_mnlp_ann,null_input|S1_setar,0,100,7,True
k2_mnlp_ann,null_input|S2_ectopic_10pct,0,100,7,True
k2_mnlp_ann,null_input|S2_ectopic_5pct,0,100,7,True
k2_mnlp_ann,null_real|E1_bigeminy,0,100,7,True
k2_mnlp_ann,null_real|E2_trigeminy,0,100,7,True
k2_mnlp_ann,null_real|E3_couplets_10pct,0,100,7,True
k2_mnlp_ann,null_real|E3_couplets_5pct,0,100,7,True
k2_mnlp_ann,null_real|E4_runs,0,100,7,True
k2_mnlp_ann,null_real|E5_atrial_10pct,0,100,7,True
k2_mnlp_ann,null_real|E5_atrial_5pct,0,100,7,True
k2_mnlp_ann,null_real|E6_ectopic10_trend,0,100,7,True
k2_mnlp_ann,null_real|N1_linear_rr,0,100,7,True
k2_mnlp_ann,null_real|N2_power_law,0,100,7,True
k2_mnlp_ann,null_real|N3_linear_rr_trend,0,100,7,True
k2_mnlp_ann,null_real|N4_linear_rr_step,0,100,7,True
k2_mnlp_ann,null_real|N5_linear_rr_warped,0,100,7,True
k2_mnlp_ann,null_real|N6_noisy_rsa,0,100,7,True
k2_mnlp_ann,null_real|S1_setar,0,100,7,True
k2_mnlp_ann,null_real|S2_ectopic_10pct,0,100,7,True
k2_mnlp_ann,null_real|S2_ectopic_5pct,0,100,7,True
k3_mnlp_growth_ann,noncha_input|av_node:H=40.0,0,100,7,True
k3_mnlp_growth_ann,noncha_input|av_node:H=45.0,0,100,7,True
k3_mnlp_growth_ann,noncha_input|av_node:H=52.0,0,100,7,True
k3_mnlp_growth_ann,noncha_input|av_node:H=55.0,0,100,7,True
k3_mnlp_growth_ann,"noncha_input|coupled_vdp:rho=10.0,omega=3.3",0,100,7,True
k3_mnlp_growth_ann,"noncha_input|coupled_vdp:rho=2.0,omega=5.6",0,100,7,True
k3_mnlp_growth_ann,"noncha_input|coupled_vdp:rho=4.0,omega=5.6",0,100,7,True
k3_mnlp_growth_ann,"noncha_input|coupled_vdp:rho=5.45,omega=5.6",0,100,7,True
k3_mnlp_growth_ann,"noncha_input|coupled_vdp:rho=6.0,omega=5.6",0,100,7,True
k3_mnlp_growth_ann,"noncha_input|coupled_vdp:rho=9.6,omega=2.1",0,100,7,True
k3_mnlp_growth_ann,noncha_input|mackey_glass:tau=14.0,0,100,7,True
k3_mnlp_growth_ann,noncha_input|mackey_glass:tau=15.0,0,100,7,True
k3_mnlp_growth_ann,noncha_input|mackey_glass:tau=16.0,0,100,7,True
k3_mnlp_growth_ann,noncha_input|phase_reset:tau=0.38,0,100,7,True
k3_mnlp_growth_ann,noncha_input|phase_reset:tau=0.62,0,100,7,True
k3_mnlp_growth_ann,noncha_input|phase_reset:tau=0.66,0,100,7,True
k3_mnlp_growth_ann,noncha_input|phase_reset:tau=1.18,0,100,7,True
k3_mnlp_growth_ann,noncha_input|phase_reset:tau=1.74,0,100,7,True
k3_mnlp_growth_ann,noncha_real|av_node:H=40.0,0,100,7,True
k3_mnlp_growth_ann,noncha_real|av_node:H=45.0,0,100,7,True
k3_mnlp_growth_ann,noncha_real|av_node:H=52.0,0,100,7,True
k3_mnlp_growth_ann,noncha_real|av_node:H=55.0,0,100,7,True
k3_mnlp_growth_ann,"noncha_real|coupled_vdp:rho=10.0,omega=3.3",0,100,7,True
k3_mnlp_growth_ann,"noncha_real|coupled_vdp:rho=2.0,omega=5.6",0,100,7,True
k3_mnlp_growth_ann,"noncha_real|coupled_vdp:rho=4.0,omega=5.6",0,100,7,True
k3_mnlp_growth_ann,"noncha_real|coupled_vdp:rho=5.45,omega=5.6",0,100,7,True
k3_mnlp_growth_ann,"noncha_real|coupled_vdp:rho=6.0,omega=5.6",0,100,7,True
k3_mnlp_growth_ann,"noncha_real|coupled_vdp:rho=9.6,omega=2.1",0,100,7,True
k3_mnlp_growth_ann,noncha_real|ktz:P=100|E1,0,100,7,True
k3_mnlp_growth_ann,noncha_real|ktz:P=100|E3_10,0,100,7,True
k3_mnlp_growth_ann,noncha_real|ktz:P=120|E1,0,100,7,True
k3_mnlp_growth_ann,noncha_real|ktz:P=120|E3_10,0,100,7,True
k3_mnlp_growth_ann,noncha_real|ktz:P=120|S2_5,0,100,7,True
k3_mnlp_growth_ann,noncha_real|ktz:P=120|none,0,100,7,True
k3_mnlp_growth_ann,noncha_real|ktz:P=150|E1,0,100,7,True
k3_mnlp_growth_ann,noncha_real|ktz:P=150|E3_10,0,100,7,True
k3_mnlp_growth_ann,noncha_real|ktz:P=150|S2_5,0,100,7,True
k3_mnlp_growth_ann,noncha_real|ktz:P=150|none,0,100,7,True
k3_mnlp_growth_ann,noncha_real|ktz:P=200|E1,0,100,7,True
k3_mnlp_growth_ann,noncha_real|ktz:P=200|E3_10,0,100,7,True
k3_mnlp_growth_ann,noncha_real|ktz:P=200|S2_5,0,100,7,True
k3_mnlp_growth_ann,noncha_real|ktz:P=200|none,0,100,7,True
k3_mnlp_growth_ann,noncha_real|ktz:P=230|E1,0,100,7,True
k3_mnlp_growth_ann,noncha_real|ktz:P=230|E3_10,0,100,7,True
k3_mnlp_growth_ann,noncha_real|ktz:P=230|S2_5,0,100,7,True
k3_mnlp_growth_ann,noncha_real|ktz:P=232|E1,0,100,7,True
k3_mnlp_growth_ann,noncha_real|ktz:P=232|E3_10,0,100,7,True
k3_mnlp_growth_ann,noncha_real|ktz:P=250|E1,0,100,7,True
k3_mnlp_growth_ann,noncha_real|ktz:P=250|E3_10,0,100,7,True
k3_mnlp_growth_ann,noncha_real|ktz:P=250|S2_5,0,100,7,True
k3_mnlp_growth_ann,noncha_real|ktz:P=250|none,0,100,7,True
k3_mnlp_growth_ann,noncha_real|ktz:P=260|E1,0,100,7,True
k3_mnlp_growth_ann,noncha_real|ktz:P=278|E1,0,100,7,True
k3_mnlp_growth_ann,noncha_real|ktz:P=278|E3_10,0,100,7,True
k3_mnlp_growth_ann,noncha_real|ktz:P=300|E1,0,100,7,True
k3_mnlp_growth_ann,noncha_real|ktz:P=300|E3_10,0,100,7,True
k3_mnlp_growth_ann,noncha_real|ktz:P=300|S2_5,0,100,7,True
k3_mnlp_growth_ann,noncha_real|ktz:P=300|none,0,100,7,True
k3_mnlp_growth_ann,noncha_real|ktz:P=92|E1,0,100,7,True
k3_mnlp_growth_ann,noncha_real|mackey_glass:tau=14.0,0,100,7,True
k3_mnlp_growth_ann,noncha_real|mackey_glass:tau=15.0,0,100,7,True
k3_mnlp_growth_ann,noncha_real|mackey_glass:tau=16.0,0,100,7,True
k3_mnlp_growth_ann,noncha_real|phase_reset:tau=0.38,0,100,7,True
k3_mnlp_growth_ann,noncha_real|phase_reset:tau=0.62,0,100,7,True
k3_mnlp_growth_ann,noncha_real|phase_reset:tau=0.66,0,100,7,True
k3_mnlp_growth_ann,noncha_real|phase_reset:tau=1.18,0,100,7,True
k3_mnlp_growth_ann,noncha_real|phase_reset:tau=1.74,0,100,7,True
k3_mnlp_growth_ann,null_input|E1_bigeminy,0,100,7,True
k3_mnlp_growth_ann,null_input|E2_trigeminy,0,100,7,True
k3_mnlp_growth_ann,null_input|E3_couplets_10pct,0,100,7,True
k3_mnlp_growth_ann,null_input|E3_couplets_5pct,0,100,7,True
k3_mnlp_growth_ann,null_input|E4_runs,0,100,7,True
k3_mnlp_growth_ann,null_input|E5_atrial_10pct,0,100,7,True
k3_mnlp_growth_ann,null_input|E5_atrial_5pct,0,100,7,True
k3_mnlp_growth_ann,null_input|E6_ectopic10_trend,0,100,7,True
k3_mnlp_growth_ann,null_input|N1_linear_rr,0,100,7,True
k3_mnlp_growth_ann,null_input|N2_power_law,0,100,7,True
k3_mnlp_growth_ann,null_input|N3_linear_rr_trend,0,100,7,True
k3_mnlp_growth_ann,null_input|N4_linear_rr_step,0,100,7,True
k3_mnlp_growth_ann,null_input|N5_linear_rr_warped,0,100,7,True
k3_mnlp_growth_ann,null_input|N6_noisy_rsa,0,100,7,True
k3_mnlp_growth_ann,null_input|S1_setar,0,100,7,True
k3_mnlp_growth_ann,null_input|S2_ectopic_10pct,0,100,7,True
k3_mnlp_growth_ann,null_input|S2_ectopic_5pct,0,100,7,True
k3_mnlp_growth_ann,null_real|E1_bigeminy,0,100,7,True
k3_mnlp_growth_ann,null_real|E2_trigeminy,0,100,7,True
k3_mnlp_growth_ann,null_real|E3_couplets_10pct,0,100,7,True
k3_mnlp_growth_ann,null_real|E3_couplets_5pct,0,100,7,True
k3_mnlp_growth_ann,null_real|E4_runs,0,100,7,True
k3_mnlp_growth_ann,null_real|E5_atrial_10pct,0,100,7,True
k3_mnlp_growth_ann,null_real|E5_atrial_5pct,0,100,7,True
k3_mnlp_growth_ann,null_real|E6_ectopic10_trend,0,100,7,True
k3_mnlp_growth_ann,null_real|N1_linear_rr,0,100,7,True
k3_mnlp_growth_ann,null_real|N2_power_law,0,100,7,True
k3_mnlp_growth_ann,null_real|N3_linear_rr_trend,0,100,7,True
k3_mnlp_growth_ann,null_real|N4_linear_rr_step,0,100,7,True
k3_mnlp_growth_ann,null_real|N5_linear_rr_warped,0,100,7,True
k3_mnlp_growth_ann,null_real|N6_noisy_rsa,0,100,7,True
k3_mnlp_growth_ann,null_real|S1_setar,0,100,7,True
k3_mnlp_growth_ann,null_real|S2_ectopic_10pct,0,100,7,True
k3_mnlp_growth_ann,null_real|S2_ectopic_5pct,0,100,7,True
k4_mnlp_growth_rr,noncha_input|av_node:H=40.0,0,100,7,True
k4_mnlp_growth_rr,noncha_input|av_node:H=45.0,0,100,7,True
k4_mnlp_growth_rr,noncha_input|av_node:H=52.0,0,100,7,True
k4_mnlp_growth_rr,noncha_input|av_node:H=55.0,0,100,7,True
k4_mnlp_growth_rr,"noncha_input|coupled_vdp:rho=10.0,omega=3.3",0,100,7,True
k4_mnlp_growth_rr,"noncha_input|coupled_vdp:rho=2.0,omega=5.6",0,100,7,True
k4_mnlp_growth_rr,"noncha_input|coupled_vdp:rho=4.0,omega=5.6",0,100,7,True
k4_mnlp_growth_rr,"noncha_input|coupled_vdp:rho=5.45,omega=5.6",0,100,7,True
k4_mnlp_growth_rr,"noncha_input|coupled_vdp:rho=6.0,omega=5.6",0,100,7,True
k4_mnlp_growth_rr,"noncha_input|coupled_vdp:rho=9.6,omega=2.1",0,100,7,True
k4_mnlp_growth_rr,noncha_input|mackey_glass:tau=14.0,0,100,7,True
k4_mnlp_growth_rr,noncha_input|mackey_glass:tau=15.0,0,100,7,True
k4_mnlp_growth_rr,noncha_input|mackey_glass:tau=16.0,0,100,7,True
k4_mnlp_growth_rr,noncha_input|phase_reset:tau=0.38,0,100,7,True
k4_mnlp_growth_rr,noncha_input|phase_reset:tau=0.62,0,100,7,True
k4_mnlp_growth_rr,noncha_input|phase_reset:tau=0.66,0,100,7,True
k4_mnlp_growth_rr,noncha_input|phase_reset:tau=1.18,0,100,7,True
k4_mnlp_growth_rr,noncha_input|phase_reset:tau=1.74,0,100,7,True
k4_mnlp_growth_rr,noncha_real|av_node:H=40.0,0,100,7,True
k4_mnlp_growth_rr,noncha_real|av_node:H=45.0,0,100,7,True
k4_mnlp_growth_rr,noncha_real|av_node:H=52.0,1,100,7,True
k4_mnlp_growth_rr,noncha_real|av_node:H=55.0,0,100,7,True
k4_mnlp_growth_rr,"noncha_real|coupled_vdp:rho=10.0,omega=3.3",0,100,7,True
k4_mnlp_growth_rr,"noncha_real|coupled_vdp:rho=2.0,omega=5.6",0,100,7,True
k4_mnlp_growth_rr,"noncha_real|coupled_vdp:rho=4.0,omega=5.6",0,100,7,True
k4_mnlp_growth_rr,"noncha_real|coupled_vdp:rho=5.45,omega=5.6",0,100,7,True
k4_mnlp_growth_rr,"noncha_real|coupled_vdp:rho=6.0,omega=5.6",0,100,7,True
k4_mnlp_growth_rr,"noncha_real|coupled_vdp:rho=9.6,omega=2.1",0,100,7,True
k4_mnlp_growth_rr,noncha_real|ktz:P=100|E1,0,100,7,True
k4_mnlp_growth_rr,noncha_real|ktz:P=100|E3_10,0,100,7,True
k4_mnlp_growth_rr,noncha_real|ktz:P=120|E1,0,100,7,True
k4_mnlp_growth_rr,noncha_real|ktz:P=120|E3_10,0,100,7,True
k4_mnlp_growth_rr,noncha_real|ktz:P=120|S2_5,0,100,7,True
k4_mnlp_growth_rr,noncha_real|ktz:P=120|none,0,100,7,True
k4_mnlp_growth_rr,noncha_real|ktz:P=150|E1,0,100,7,True
k4_mnlp_growth_rr,noncha_real|ktz:P=150|E3_10,0,100,7,True
k4_mnlp_growth_rr,noncha_real|ktz:P=150|S2_5,0,100,7,True
k4_mnlp_growth_rr,noncha_real|ktz:P=150|none,0,100,7,True
k4_mnlp_growth_rr,noncha_real|ktz:P=200|E1,0,100,7,True
k4_mnlp_growth_rr,noncha_real|ktz:P=200|E3_10,0,100,7,True
k4_mnlp_growth_rr,noncha_real|ktz:P=200|S2_5,0,100,7,True
k4_mnlp_growth_rr,noncha_real|ktz:P=200|none,0,100,7,True
k4_mnlp_growth_rr,noncha_real|ktz:P=230|E1,0,100,7,True
k4_mnlp_growth_rr,noncha_real|ktz:P=230|E3_10,0,100,7,True
k4_mnlp_growth_rr,noncha_real|ktz:P=230|S2_5,0,100,7,True
k4_mnlp_growth_rr,noncha_real|ktz:P=232|E1,0,100,7,True
k4_mnlp_growth_rr,noncha_real|ktz:P=232|E3_10,0,100,7,True
k4_mnlp_growth_rr,noncha_real|ktz:P=250|E1,0,100,7,True
k4_mnlp_growth_rr,noncha_real|ktz:P=250|E3_10,0,100,7,True
k4_mnlp_growth_rr,noncha_real|ktz:P=250|S2_5,0,100,7,True
k4_mnlp_growth_rr,noncha_real|ktz:P=250|none,0,100,7,True
k4_mnlp_growth_rr,noncha_real|ktz:P=260|E1,0,100,7,True
k4_mnlp_growth_rr,noncha_real|ktz:P=278|E1,0,100,7,True
k4_mnlp_growth_rr,noncha_real|ktz:P=278|E3_10,0,100,7,True
k4_mnlp_growth_rr,noncha_real|ktz:P=300|E1,0,100,7,True
k4_mnlp_growth_rr,noncha_real|ktz:P=300|E3_10,0,100,7,True
k4_mnlp_growth_rr,noncha_real|ktz:P=300|S2_5,0,100,7,True
k4_mnlp_growth_rr,noncha_real|ktz:P=300|none,0,100,7,True
k4_mnlp_growth_rr,noncha_real|ktz:P=92|E1,0,100,7,True
k4_mnlp_growth_rr,noncha_real|mackey_glass:tau=14.0,0,100,7,True
k4_mnlp_growth_rr,noncha_real|mackey_glass:tau=15.0,0,100,7,True
k4_mnlp_growth_rr,noncha_real|mackey_glass:tau=16.0,0,100,7,True
k4_mnlp_growth_rr,noncha_real|phase_reset:tau=0.38,0,100,7,True
k4_mnlp_growth_rr,noncha_real|phase_reset:tau=0.62,0,100,7,True
k4_mnlp_growth_rr,noncha_real|phase_reset:tau=0.66,0,100,7,True
k4_mnlp_growth_rr,noncha_real|phase_reset:tau=1.18,0,100,7,True
k4_mnlp_growth_rr,noncha_real|phase_reset:tau=1.74,0,100,7,True
k4_mnlp_growth_rr,null_input|E1_bigeminy,0,100,7,True
k4_mnlp_growth_rr,null_input|E2_trigeminy,0,100,7,True
k4_mnlp_growth_rr,null_input|E3_couplets_10pct,0,100,7,True
k4_mnlp_growth_rr,null_input|E3_couplets_5pct,0,100,7,True
k4_mnlp_growth_rr,null_input|E4_runs,0,100,7,True
k4_mnlp_growth_rr,null_input|E5_atrial_10pct,0,100,7,True
k4_mnlp_growth_rr,null_input|E5_atrial_5pct,0,100,7,True
k4_mnlp_growth_rr,null_input|E6_ectopic10_trend,0,100,7,True
k4_mnlp_growth_rr,null_input|N1_linear_rr,0,100,7,True
k4_mnlp_growth_rr,null_input|N2_power_law,0,100,7,True
k4_mnlp_growth_rr,null_input|N3_linear_rr_trend,0,100,7,True
k4_mnlp_growth_rr,null_input|N4_linear_rr_step,0,100,7,True
k4_mnlp_growth_rr,null_input|N5_linear_rr_warped,0,100,7,True
k4_mnlp_growth_rr,null_input|N6_noisy_rsa,0,100,7,True
k4_mnlp_growth_rr,null_input|S1_setar,0,100,7,True
k4_mnlp_growth_rr,null_input|S2_ectopic_10pct,0,100,7,True
k4_mnlp_growth_rr,null_input|S2_ectopic_5pct,0,100,7,True
k4_mnlp_growth_rr,null_real|E1_bigeminy,0,100,7,True
k4_mnlp_growth_rr,null_real|E2_trigeminy,0,100,7,True
k4_mnlp_growth_rr,null_real|E3_couplets_10pct,0,100,7,True
k4_mnlp_growth_rr,null_real|E3_couplets_5pct,0,100,7,True
k4_mnlp_growth_rr,null_real|E4_runs,0,100,7,True
k4_mnlp_growth_rr,null_real|E5_atrial_10pct,0,100,7,True
k4_mnlp_growth_rr,null_real|E5_atrial_5pct,0,100,7,True
k4_mnlp_growth_rr,null_real|E6_ectopic10_trend,0,100,7,True
k4_mnlp_growth_rr,null_real|N1_linear_rr,0,100,7,True
k4_mnlp_growth_rr,null_real|N2_power_law,0,100,7,True
k4_mnlp_growth_rr,null_real|N3_linear_rr_trend,0,100,7,True
k4_mnlp_growth_rr,null_real|N4_linear_rr_step,0,100,7,True
k4_mnlp_growth_rr,null_real|N5_linear_rr_warped,0,100,7,True
k4_mnlp_growth_rr,null_real|N6_noisy_rsa,0,100,7,True
k4_mnlp_growth_rr,null_real|S1_setar,0,100,7,True
k4_mnlp_growth_rr,null_real|S2_ectopic_10pct,0,100,7,True
k4_mnlp_growth_rr,null_real|S2_ectopic_5pct,0,100,7,True
k5_mnlp_fsle_ann,noncha_input|av_node:H=40.0,0,100,7,True
k5_mnlp_fsle_ann,noncha_input|av_node:H=45.0,0,100,7,True
k5_mnlp_fsle_ann,noncha_input|av_node:H=52.0,0,100,7,True
k5_mnlp_fsle_ann,noncha_input|av_node:H=55.0,0,100,7,True
k5_mnlp_fsle_ann,"noncha_input|coupled_vdp:rho=10.0,omega=3.3",0,100,7,True
k5_mnlp_fsle_ann,"noncha_input|coupled_vdp:rho=2.0,omega=5.6",0,100,7,True
k5_mnlp_fsle_ann,"noncha_input|coupled_vdp:rho=4.0,omega=5.6",0,100,7,True
k5_mnlp_fsle_ann,"noncha_input|coupled_vdp:rho=5.45,omega=5.6",0,100,7,True
k5_mnlp_fsle_ann,"noncha_input|coupled_vdp:rho=6.0,omega=5.6",0,100,7,True
k5_mnlp_fsle_ann,"noncha_input|coupled_vdp:rho=9.6,omega=2.1",0,100,7,True
k5_mnlp_fsle_ann,noncha_input|mackey_glass:tau=14.0,0,100,7,True
k5_mnlp_fsle_ann,noncha_input|mackey_glass:tau=15.0,0,100,7,True
k5_mnlp_fsle_ann,noncha_input|mackey_glass:tau=16.0,0,100,7,True
k5_mnlp_fsle_ann,noncha_input|phase_reset:tau=0.38,0,100,7,True
k5_mnlp_fsle_ann,noncha_input|phase_reset:tau=0.62,0,100,7,True
k5_mnlp_fsle_ann,noncha_input|phase_reset:tau=0.66,0,100,7,True
k5_mnlp_fsle_ann,noncha_input|phase_reset:tau=1.18,0,100,7,True
k5_mnlp_fsle_ann,noncha_input|phase_reset:tau=1.74,0,100,7,True
k5_mnlp_fsle_ann,noncha_real|av_node:H=40.0,0,100,7,True
k5_mnlp_fsle_ann,noncha_real|av_node:H=45.0,0,100,7,True
k5_mnlp_fsle_ann,noncha_real|av_node:H=52.0,0,100,7,True
k5_mnlp_fsle_ann,noncha_real|av_node:H=55.0,0,100,7,True
k5_mnlp_fsle_ann,"noncha_real|coupled_vdp:rho=10.0,omega=3.3",0,100,7,True
k5_mnlp_fsle_ann,"noncha_real|coupled_vdp:rho=2.0,omega=5.6",1,100,7,True
k5_mnlp_fsle_ann,"noncha_real|coupled_vdp:rho=4.0,omega=5.6",0,100,7,True
k5_mnlp_fsle_ann,"noncha_real|coupled_vdp:rho=5.45,omega=5.6",0,100,7,True
k5_mnlp_fsle_ann,"noncha_real|coupled_vdp:rho=6.0,omega=5.6",0,100,7,True
k5_mnlp_fsle_ann,"noncha_real|coupled_vdp:rho=9.6,omega=2.1",1,100,7,True
k5_mnlp_fsle_ann,noncha_real|ktz:P=100|E1,0,100,7,True
k5_mnlp_fsle_ann,noncha_real|ktz:P=100|E3_10,0,100,7,True
k5_mnlp_fsle_ann,noncha_real|ktz:P=120|E1,0,100,7,True
k5_mnlp_fsle_ann,noncha_real|ktz:P=120|E3_10,0,100,7,True
k5_mnlp_fsle_ann,noncha_real|ktz:P=120|S2_5,0,100,7,True
k5_mnlp_fsle_ann,noncha_real|ktz:P=120|none,0,100,7,True
k5_mnlp_fsle_ann,noncha_real|ktz:P=150|E1,0,100,7,True
k5_mnlp_fsle_ann,noncha_real|ktz:P=150|E3_10,0,100,7,True
k5_mnlp_fsle_ann,noncha_real|ktz:P=150|S2_5,0,100,7,True
k5_mnlp_fsle_ann,noncha_real|ktz:P=150|none,0,100,7,True
k5_mnlp_fsle_ann,noncha_real|ktz:P=200|E1,0,100,7,True
k5_mnlp_fsle_ann,noncha_real|ktz:P=200|E3_10,0,100,7,True
k5_mnlp_fsle_ann,noncha_real|ktz:P=200|S2_5,0,100,7,True
k5_mnlp_fsle_ann,noncha_real|ktz:P=200|none,0,100,7,True
k5_mnlp_fsle_ann,noncha_real|ktz:P=230|E1,0,100,7,True
k5_mnlp_fsle_ann,noncha_real|ktz:P=230|E3_10,0,100,7,True
k5_mnlp_fsle_ann,noncha_real|ktz:P=230|S2_5,0,100,7,True
k5_mnlp_fsle_ann,noncha_real|ktz:P=232|E1,0,100,7,True
k5_mnlp_fsle_ann,noncha_real|ktz:P=232|E3_10,0,100,7,True
k5_mnlp_fsle_ann,noncha_real|ktz:P=250|E1,0,100,7,True
k5_mnlp_fsle_ann,noncha_real|ktz:P=250|E3_10,0,100,7,True
k5_mnlp_fsle_ann,noncha_real|ktz:P=250|S2_5,0,100,7,True
k5_mnlp_fsle_ann,noncha_real|ktz:P=250|none,0,100,7,True
k5_mnlp_fsle_ann,noncha_real|ktz:P=260|E1,0,100,7,True
k5_mnlp_fsle_ann,noncha_real|ktz:P=278|E1,0,100,7,True
k5_mnlp_fsle_ann,noncha_real|ktz:P=278|E3_10,0,100,7,True
k5_mnlp_fsle_ann,noncha_real|ktz:P=300|E1,0,100,7,True
k5_mnlp_fsle_ann,noncha_real|ktz:P=300|E3_10,0,100,7,True
k5_mnlp_fsle_ann,noncha_real|ktz:P=300|S2_5,0,100,7,True
k5_mnlp_fsle_ann,noncha_real|ktz:P=300|none,0,100,7,True
k5_mnlp_fsle_ann,noncha_real|ktz:P=92|E1,0,100,7,True
k5_mnlp_fsle_ann,noncha_real|mackey_glass:tau=14.0,0,100,7,True
k5_mnlp_fsle_ann,noncha_real|mackey_glass:tau=15.0,0,100,7,True
k5_mnlp_fsle_ann,noncha_real|mackey_glass:tau=16.0,1,100,7,True
k5_mnlp_fsle_ann,noncha_real|phase_reset:tau=0.38,0,100,7,True
k5_mnlp_fsle_ann,noncha_real|phase_reset:tau=0.62,0,100,7,True
k5_mnlp_fsle_ann,noncha_real|phase_reset:tau=0.66,0,100,7,True
k5_mnlp_fsle_ann,noncha_real|phase_reset:tau=1.18,0,100,7,True
k5_mnlp_fsle_ann,noncha_real|phase_reset:tau=1.74,0,100,7,True
k5_mnlp_fsle_ann,null_input|E1_bigeminy,0,100,7,True
k5_mnlp_fsle_ann,null_input|E2_trigeminy,0,100,7,True
k5_mnlp_fsle_ann,null_input|E3_couplets_10pct,0,100,7,True
k5_mnlp_fsle_ann,null_input|E3_couplets_5pct,0,100,7,True
k5_mnlp_fsle_ann,null_input|E4_runs,0,100,7,True
k5_mnlp_fsle_ann,null_input|E5_atrial_10pct,0,100,7,True
k5_mnlp_fsle_ann,null_input|E5_atrial_5pct,0,100,7,True
k5_mnlp_fsle_ann,null_input|E6_ectopic10_trend,0,100,7,True
k5_mnlp_fsle_ann,null_input|N1_linear_rr,0,100,7,True
k5_mnlp_fsle_ann,null_input|N2_power_law,0,100,7,True
k5_mnlp_fsle_ann,null_input|N3_linear_rr_trend,0,100,7,True
k5_mnlp_fsle_ann,null_input|N4_linear_rr_step,0,100,7,True
k5_mnlp_fsle_ann,null_input|N5_linear_rr_warped,0,100,7,True
k5_mnlp_fsle_ann,null_input|N6_noisy_rsa,0,100,7,True
k5_mnlp_fsle_ann,null_input|S1_setar,0,100,7,True
k5_mnlp_fsle_ann,null_input|S2_ectopic_10pct,0,100,7,True
k5_mnlp_fsle_ann,null_input|S2_ectopic_5pct,0,100,7,True
k5_mnlp_fsle_ann,null_real|E1_bigeminy,0,100,7,True
k5_mnlp_fsle_ann,null_real|E2_trigeminy,0,100,7,True
k5_mnlp_fsle_ann,null_real|E3_couplets_10pct,0,100,7,True
k5_mnlp_fsle_ann,null_real|E3_couplets_5pct,0,100,7,True
k5_mnlp_fsle_ann,null_real|E4_runs,0,100,7,True
k5_mnlp_fsle_ann,null_real|E5_atrial_10pct,0,100,7,True
k5_mnlp_fsle_ann,null_real|E5_atrial_5pct,0,100,7,True
k5_mnlp_fsle_ann,null_real|E6_ectopic10_trend,0,100,7,True
k5_mnlp_fsle_ann,null_real|N1_linear_rr,0,100,7,True
k5_mnlp_fsle_ann,null_real|N2_power_law,0,100,7,True
k5_mnlp_fsle_ann,null_real|N3_linear_rr_trend,0,100,7,True
k5_mnlp_fsle_ann,null_real|N4_linear_rr_step,0,100,7,True
k5_mnlp_fsle_ann,null_real|N5_linear_rr_warped,0,100,7,True
k5_mnlp_fsle_ann,null_real|N6_noisy_rsa,0,100,7,True
k5_mnlp_fsle_ann,null_real|S1_setar,0,100,7,True
k5_mnlp_fsle_ann,null_real|S2_ectopic_10pct,0,100,7,True
k5_mnlp_fsle_ann,null_real|S2_ectopic_5pct,0,100,7,True
