family,p_aggregate,p_tau,p_H,p_rho,p_omega,lam,se,lam_min_seed,lam_max_seed,lo_each,converged_all,n,label
av_node,,,36.0,,,-0.0042695648637026,2.3629541871971918e-05,-0.0042695648637026,-0.0042695648637026,-0.004374994276505398,True,3,NON-CHAOTIC
av_node,,,40.0,,,-0.0053389569311066,2.7841063727541927e-05,-0.0053389569311066,-0.0053389569311066,-0.005463177155794142,True,3,NON-CHAOTIC
av_node,,,45.0,,,-0.005997943974758499,3.113270056537165e-05,-0.0059979439747585,-0.0059979439747585,-0.00613685070250449,True,3,NON-CHAOTIC
av_node,,,50.0,,,-0.006396593220152,3.3351619571046465e-05,-0.006396593220152,-0.006396593220152,-0.006545400238351896,True,3,NON-CHAOTIC
av_node,,,52.0,,,-0.0065219597805428004,3.5182050932865005e-05,-0.0065219597805428,-0.0065219597805428,-0.00667893374944779,True,3,NON-CHAOTIC
av_node,,,55.0,,,-0.0066839034404450005,3.671991936929198e-05,-0.006683903440445,-0.006683903440445,-0.006847739013654421,True,3,NON-CHAOTIC
av_node,,,56.0,,,-0.006732853187611,3.7229253986138055e-05,-0.006732853187611,-0.006732853187611,-0.006898961291107516,True,3,NON-CHAOTIC
av_node,,,58.0,,,-0.0075358184672127,3.737233351255585e-05,-0.0075358184672127,-0.0075358184672127,-0.007702564957629117,True,3,NON-CHAOTIC
av_node,,,60.0,,,-0.0075651421221435,3.7344415882974434e-05,-0.0075651421221435,-0.0075651421221435,-0.007731764050716545,True,3,NON-CHAOTIC
av_node,,,70.0,,,-0.007714824935681,3.7224358771105484e-05,-0.007714824935681,-0.007714824935681,-0.007880911197888793,True,3,NON-CHAOTIC
av_node,,,90.0,,,-0.0080312053175893,3.707622382585932e-05,-0.0080312053175893,-0.0080312053175893,-0.008196630636797118,True,3,NON-CHAOTIC
coupled_vdp,,,,0.0,1.5,4.7640720417228454e-05,0.0008850739247218642,-3.2827134985362585e-05,0.0001604679959715,-0.004716728423172753,False,3,NON-CHAOTIC
coupled_vdp,,,,2.0,1.5,-0.10407984438577512,0.0008584926947334898,-0.1043709005795299,-0.1035770591101474,-0.10817660814197151,True,3,NON-CHAOTIC
coupled_vdp,,,,2.0,2.1,-0.13330743123635366,0.0009474127631344383,-0.1335595281408917,-0.1331245400870191,-0.13781037959375206,True,3,NON-CHAOTIC
coupled_vdp,,,,2.0,2.7,0.08501990532730573,0.002338116823323537,0.0821323907799383,0.0872366133222577,0.07519018669555652,True,3,CHAOTIC
coupled_vdp,,,,2.0,3.3,-0.1591154768551225,0.0008818881737863193,-0.1596071498642294,-0.1584001689180152,-0.16312808825602798,True,3,NON-CHAOTIC
coupled_vdp,,,,2.0,4.0,-0.1376160052424493,0.0007119741564117194,-0.1377352765161464,-0.1375407929909186,-0.14157041297310297,True,3,NON-CHAOTIC
coupled_vdp,,,,2.0,5.6,-0.00014891653548410966,0.0009360317613881504,-0.0003414735817955,5.155662355647095e-05,-0.004568526243311483,False,3,NON-CHAOTIC
coupled_vdp,,,,4.0,1.5,-0.20521156309016256,0.0010055860156558418,-0.2058319212484149,-0.2047993040543148,-0.20986148879085834,True,3,NON-CHAOTIC
coupled_vdp,,,,4.0,2.1,-0.13097960721865368,0.0010111660768383302,-0.1312955651476738,-0.1303741238158152,-0.13639143807021997,True,3,NON-CHAOTIC
coupled_vdp,,,,4.0,2.7,-0.14022615872555158,0.0009079777174077209,-0.1403340595506871,-0.1400530149438986,-0.14501509684816521,True,3,NON-CHAOTIC
coupled_vdp,,,,4.0,3.3,-0.14553514095719297,0.0008302635566001795,-0.1458754773190431,-0.1450093752330799,-0.1494907273252417,True,3,NON-CHAOTIC
coupled_vdp,,,,4.0,4.0,0.0028522456055379004,0.0011511576233153588,0.0027780132736885,0.0029106597371459,-0.0027142887675476023,False,3,NON-CHAOTIC
coupled_vdp,,,,4.0,5.6,7.846878903262934e-05,0.0009741564193640258,-0.0001273972136656,0.0004244673741069,-0.0047528055364583575,False,3,NON-CHAOTIC
coupled_vdp,,,,5.45,5.6,-0.00022779290228266695,0.001063027711802383,-0.0008826540141536,0.0001265557052639,-0.005539048088080866,False,3,NON-CHAOTIC
coupled_vdp,,,,6.0,1.5,-0.2311919340902643,0.0007865944236679018,-0.2315553099074056,-0.2306587097013683,-0.23601186397084603,True,3,NON-CHAOTIC
coupled_vdp,,,,6.0,2.1,-0.14594304280696402,0.0008118691239584262,-0.1461101699181184,-0.1457653948018596,-0.14966661215734323,True,3,NON-CHAOTIC
coupled_vdp,,,,6.0,2.7,-0.13235907739404837,0.00099090689167864,-0.1325584128464952,-0.1320218738449558,-0.13714626107194813,True,3,NON-CHAOTIC
coupled_vdp,,,,6.0,3.3,0.07877830879213255,0.0037801861765410063,0.074511154358027,0.0845685949449869,0.06515391760773286,True,3,CHAOTIC
coupled_vdp,,,,6.0,4.0,0.10118634055349159,0.0030820195481117635,0.0976366210309524,0.103369774357409,0.08810455461302917,True,3,CHAOTIC
coupled_vdp,,,,6.0,5.6,-0.04903836829069657,0.000901404961973872,-0.0499033948015755,-0.0484633754884199,-0.05404801779478336,True,3,NON-CHAOTIC
coupled_vdp,,,,8.0,1.5,-0.2705119120008767,0.0009220333233599293,-0.2707635597661669,-0.2700895106349286,-0.27554469013094585,True,3,NON-CHAOTIC
coupled_vdp,,,,8.0,2.1,-0.15762700126319448,0.0006027061041567146,-0.1578658590284159,-0.1572844523861812,-0.16034399868516697,True,3,NON-CHAOTIC
coupled_vdp,,,,8.0,2.7,-0.13054698970769316,0.0010558099998802734,-0.1305993463222341,-0.1305008731718497,-0.13557545419365538,True,3,NON-CHAOTIC
coupled_vdp,,,,8.0,3.3,0.07507708604788343,0.002632599227241358,0.0725210091410081,0.0770122506138571,0.06130117294666675,True,3,CHAOTIC
coupled_vdp,,,,8.0,4.0,-0.31013307098745296,0.001059480876262907,-0.3107052164747305,-0.3094597690976795,-0.3152716422697723,True,3,NON-CHAOTIC
coupled_vdp,,,,8.0,5.6,-0.14052348289308314,0.0008005306975648966,-0.1406609667449247,-0.1403449265093398,-0.14443201779967238,True,3,NON-CHAOTIC
coupled_vdp,,,,8.625,2.1,0.0123119186851645,0.001926042919663551,0.01061774525968,0.013162321405071,0.0036954855747247713,False,3,AMBIGUOUS
coupled_vdp,,,,9.6,2.1,-0.081426662537031,0.0009900607583559766,-0.0815769014601179,-0.0812002935172412,-0.08625586007308064,True,3,NON-CHAOTIC
coupled_vdp,,,,10.0,1.5,-0.32810807312340806,0.0009770448671173183,-0.3282784334391189,-0.3277982768867446,-0.33244019672800007,True,3,NON-CHAOTIC
coupled_vdp,,,,10.0,2.1,-0.1541319180793186,0.0009476468048252314,-0.1541990595196412,-0.1539997739299341,-0.15863676977589983,True,3,NON-CHAOTIC
coupled_vdp,,,,10.0,2.7,-0.12991226367894704,0.0007654847459101267,-0.130075840774028,-0.1296052690524805,-0.1337746179456894,True,3,NON-CHAOTIC
coupled_vdp,,,,10.0,3.3,-0.017406637749188533,0.0011186155846594577,-0.0176449846993306,-0.0172312038585324,-0.022983476752719965,True,3,NON-CHAOTIC
coupled_vdp,,,,10.0,4.0,-0.0839472402312546,0.0009913323756655398,-0.0843681186959079,-0.0836219975583721,-0.0902296421888534,True,3,NON-CHAOTIC
coupled_vdp,,,,10.0,5.6,-0.13928446213386636,0.0008006254988218841,-0.1394343563925054,-0.1391363973565624,-0.14307694498602436,True,3,NON-CHAOTIC
mackey_glass,,12.0,,,,-9.132031243184607e-06,5.492071475249542e-06,-1.426537852577272e-05,-6.305461062028758e-06,-4.3053888412347536e-05,False,3,NON-CHAOTIC
mackey_glass,,14.0,,,,-4.188806168795391e-06,4.950522722594861e-06,-9.725772499835295e-06,-9.049080119075188e-07,-4.009318903385053e-05,False,3,NON-CHAOTIC
mackey_glass,,15.0,,,,-8.491604270209413e-06,1.1331227592703207e-05,-1.6280893595092365e-05,2.9702794473051625e-06,-7.235551011171903e-05,False,3,NON-CHAOTIC
mackey_glass,,16.0,,,,-2.3265929872501063e-06,7.401948889042111e-06,-6.4559257693609945e-06,6.771549370264502e-07,-3.8388073394216146e-05,False,3,NON-CHAOTIC
mackey_glass,,16.5,,,,0.0017784722791161333,3.562817627889474e-05,0.0017323241216454,0.0018061219636216,0.001600993994184194,True,3,CHAOTIC
mackey_glass,,17.0,,,,0.0051652746061272995,7.786643466315705e-05,0.0050618415684873,0.0052529204796983,0.004797807351168349,True,3,CHAOTIC
mackey_glass,,18.0,,,,0.007261828194916266,7.286447901319577e-05,0.0072008253092325,0.0073390080603241,0.006961165286352505,True,3,CHAOTIC
mackey_glass,,20.0,,,,0.0076164618811697,8.253223106100567e-05,0.0075771586064108,0.007650049961145,0.007236395496112558,True,3,CHAOTIC
mackey_glass,,23.0,,,,0.009505750153108233,9.610263109265652e-05,0.0094098520836424,0.0096253136756746,0.00915888965431135,True,3,CHAOTIC
mackey_glass,,26.0,,,,0.009486218612246468,0.0001808971527058426,0.0093097103869201,0.0097884680655459,0.008748151220021783,True,3,CHAOTIC
mackey_glass,,30.0,,,,0.0070034779462017005,0.00016965562833967172,0.0067695740987293,0.0072459814350971,0.0063948576410874074,True,3,CHAOTIC
phase_reset,A,0.3,,,,-0.6762677791111974,9.33455752293986e-06,-0.6762711604500928,-0.6762631132605308,-0.6763114136067246,True,3,NON-CHAOTIC
phase_reset,A,0.32,,,,-1.9488529577686222,2.391312515920114e-05,-1.9488627020334115,-1.9488415164286064,-1.9489651112509965,True,3,NON-CHAOTIC
phase_reset,A,0.34,,,,-0.5572842355203768,1.0193407314984794e-05,-0.5572870219415544,-0.5572789747519923,-0.5573314657079698,True,3,NON-CHAOTIC
phase_reset,A,0.36,,,,-0.2894843125218241,1.3434902366076052e-05,-0.2894894648682609,-0.2894777127538244,-0.28954721835872094,True,3,NON-CHAOTIC
phase_reset,A,0.38,,,,-0.0453755133136824,1.8381578995933006e-18,-0.0453755133136824,-0.0453755133136824,-0.045375513313682406,True,3,NON-CHAOTIC
phase_reset,A,0.4,,,,-0.0693019906101062,0.01715221262574408,-0.0864592019799151,-0.0349976175793553,-0.08660851550859923,True,3,NON-CHAOTIC
phase_reset,A,0.42,,,,-0.8047189562170503,1.4705263196746405e-17,-0.8047189562170503,-0.8047189562170503,-0.8047189562170504,True,3,NON-CHAOTIC
phase_reset,A,0.44,,,,-0.8047189562170503,1.4705263196746405e-17,-0.8047189562170503,-0.8047189562170503,-0.8047189562170504,True,3,NON-CHAOTIC
phase_reset,A,0.46,,,,-0.8047189562170503,1.4705263196746405e-17,-0.8047189562170503,-0.8047189562170503,-0.8047189562170504,True,3,NON-CHAOTIC
phase_reset,A,0.48,,,,-0.8048389652184631,1.4705263196746405e-17,-0.8048389652184631,-0.8048389652184631,-0.8048389652184632,True,3,NON-CHAOTIC
phase_reset,A,0.5,,,,-0.8124361939032134,6.465858130664455e-17,-0.8124361939032135,-0.8124361939032134,-0.8124361939032136,True,3,NON-CHAOTIC
phase_reset,A,0.52,,,,-2.7283944444082944,0.0,-2.7283944444082944,-2.7283944444082944,-2.7283944444082944,True,3,NON-CHAOTIC
phase_reset,A,0.54,,,,-0.1968056541391182,3.676315799186601e-18,-0.1968056541391182,-0.1968056541391182,-0.19680565413911824,True,3,NON-CHAOTIC
phase_reset,A,0.56,,,,-0.6785469221316611,1.4705263196746405e-17,-0.6785469221316611,-0.6785469221316611,-0.6785469221316612,True,3,NON-CHAOTIC
phase_reset,A,0.58,,,,0.08100411127790454,0.0002280814677252079,0.080839817888132,0.0812798387341274,0.07986429282368873,True,3,CHAOTIC
phase_reset,A,0.6,,,,0.15790468353439,0.000776055997052784,0.1572826035438493,0.1585822970722957,0.15401999869711494,True,3,CHAOTIC
phase_reset,A,0.62,,,,-0.7254282227685627,9.12711386288538e-06,-0.7254318499096766,-0.7254238027201143,-0.7254710006335862,True,3,NON-CHAOTIC
phase_reset,A,0.64,,,,-1.1530950512758211,1.1245389662513436e-05,-1.153100816751076,-1.1530915675148687,-1.1531480342699016,True,3,NON-CHAOTIC
phase_reset,A,0.66,,,,-0.8530902234112583,9.045661508197543e-06,-0.8530944888623755,-0.8530864416728132,-0.8531327887253486,True,3,NON-CHAOTIC
phase_reset,A,0.68,,,,-0.524063841539153,1.0511151689280878e-05,-0.5240666480902997,-0.5240584146687984,-0.5241125075546428,True,3,NON-CHAOTIC
phase_reset,A,0.7,,,,-0.34662234123274693,1.263492245957155e-05,-0.3466269221988968,-0.3466160271548909,-0.3466814048973079,True,3,NON-CHAOTIC
phase_reset,A,0.72,,,,-0.0800814369876894,1.8381578995933006e-18,-0.0800814369876894,-0.0800814369876894,-0.08008143698768941,True,3,NON-CHAOTIC
phase_reset,A,0.74,,,,-0.1923153945222261,7.352631598373203e-18,-0.1923153945222261,-0.1923153945222261,-0.19231539452222612,True,3,NON-CHAOTIC
phase_reset,A,0.76,,,,-0.0965998564646144,0.0,-0.0965998564646144,-0.0965998564646144,-0.0965998564646144,True,3,NON-CHAOTIC
phase_reset,A,0.78,,,,-0.06659401892452572,1.664401323744327e-05,-0.0665960353540332,-0.0665928800008943,-0.06668924609008516,True,3,NON-CHAOTIC
phase_reset,A,0.8,,,,-0.1092790470166423,0.027591589815860053,-0.1368778909454164,-0.0540959074982451,-0.1370550711603333,True,3,NON-CHAOTIC
phase_reset,A,0.82,,,,-1.6094379124341005,2.941052639349281e-17,-1.6094379124341005,-1.6094379124341005,-1.6094379124341007,True,3,NON-CHAOTIC
phase_reset,A,0.84,,,,-1.6094379124341005,2.941052639349281e-17,-1.6094379124341005,-1.6094379124341005,-1.6094379124341007,True,3,NON-CHAOTIC
phase_reset,A,0.86,,,,-1.6094379124341005,2.941052639349281e-17,-1.6094379124341005,-1.6094379124341005,-1.6094379124341007,True,3,NON-CHAOTIC
phase_reset,A,0.88,,,,-1.6094379124341005,2.941052639349281e-17,-1.6094379124341005,-1.6094379124341005,-1.6094379124341007,True,3,NON-CHAOTIC
phase_reset,A,0.9,,,,-1.6094379124341005,2.941052639349281e-17,-1.6094379124341005,-1.6094379124341005,-1.6094379124341007,True,3,NON-CHAOTIC
phase_reset,A,0.92,,,,-1.6094379124341005,2.941052639349281e-17,-1.6094379124341005,-1.6094379124341005,-1.6094379124341007,True,3,NON-CHAOTIC
phase_reset,A,0.94,,,,-1.6094379124341005,2.941052639349281e-17,-1.6094379124341005,-1.6094379124341005,-1.6094379124341007,True,3,NON-CHAOTIC
phase_reset,A,0.96,,,,-1.6094379124341005,2.941052639349281e-17,-1.6094379124341005,-1.6094379124341005,-1.6094379124341007,True,3,NON-CHAOTIC
phase_reset,A,0.98,,,,-1.6094379124341005,2.941052639349281e-17,-1.6094379124341005,-1.6094379124341005,-1.6094379124341007,True,3,NON-CHAOTIC
phase_reset,A,1.0,,,,-6.758574114109446e-06,6.934713197718752e-06,-2.027572234232834e-05,0.0,-3.22775901767786e-05,False,3,AMBIGUOUS
phase_reset,A,1.02,,,,-0.8966504795096454,0.0,-0.8966504795096454,-0.8966504795096454,-0.8966504795096454,True,3,NON-CHAOTIC
phase_reset,A,1.04,,,,-5.456788888816589,0.0,-5.456788888816589,-5.456788888816589,-5.456788888816589,True,3,NON-CHAOTIC
phase_reset,A,1.06,,,,-1.0509107726987554,2.941052639349281e-17,-1.0509107726987554,-1.0509107726987554,-1.0509107726987557,True,3,NON-CHAOTIC
phase_reset,A,1.08,,,,-0.3936113082782365,7.352631598373203e-18,-0.3936113082782365,-0.3936113082782365,-0.39361130827823654,True,3,NON-CHAOTIC
phase_reset,A,1.1,,,,-0.0205162242793274,0.0,-0.0205162242793274,-0.0205162242793274,-0.0205162242793274,True,3,NON-CHAOTIC
phase_reset,A,1.12,,,,-1.3570938442633222,2.941052639349281e-17,-1.3570938442633222,-1.3570938442633222,-1.3570938442633225,True,3,NON-CHAOTIC
phase_reset,A,1.14,,,,0.03537821984038117,0.00018854857413345725,0.0353565148401901,0.0354161575286777,0.03431552930798015,True,3,CHAOTIC
phase_reset,A,1.16,,,,0.18484844956568583,0.0007059771247893117,0.1838209132851894,0.1854397807263307,0.18168753814945923,True,3,CHAOTIC
phase_reset,A,1.18,,,,-0.2087523273086653,3.676315799186601e-18,-0.2087523273086653,-0.2087523273086653,-0.20875232730866533,True,3,NON-CHAOTIC
phase_reset,A,1.2,,,,0.13786290481284832,0.0008587887219100415,0.1371498456023919,0.1382364662718989,0.13358643741630324,True,3,CHAOTIC
phase_reset,A,1.22,,,,-1.461639718326322,2.941052639349281e-17,-1.461639718326322,-1.461639718326322,-1.4616397183263221,True,3,NON-CHAOTIC
phase_reset,A,1.24,,,,-0.3100002913395381,7.352631598373203e-18,-0.3100002913395381,-0.3100002913395381,-0.31000029133953816,True,3,NON-CHAOTIC
phase_reset,A,1.26,,,,-0.0080877708620173,0.0,-0.0080877708620173,-0.0080877708620173,-0.0080877708620173,True,3,NON-CHAOTIC
phase_reset,A,1.28,,,,-0.5540463419378442,1.0089448031305768e-05,-0.5540515310336838,-0.5540437473899243,-0.5540962292049542,True,3,NON-CHAOTIC
phase_reset,A,1.3,,,,-0.676267779111197,9.334557522874315e-06,-0.6762711604500917,-0.6762631132605308,-0.6763114136067235,True,3,NON-CHAOTIC
phase_reset,A,1.32,,,,-1.9488529577685245,2.391312515914875e-05,-1.9488627020333131,-1.948841516428509,-1.948965111250898,True,3,NON-CHAOTIC
phase_reset,A,1.34,,,,-0.5572842355203756,1.019340731499339e-05,-0.5572870219415533,-0.5572789747519911,-0.5573314657079687,True,3,NON-CHAOTIC
phase_reset,A,1.36,,,,-0.28948431252182405,1.3434902366185912e-05,-0.2894894648682615,-0.2894777127538235,-0.28954721835872155,True,3,NON-CHAOTIC
phase_reset,A,1.38,,,,-0.04537551331368359,4.991876442861918e-18,-0.0453755133136836,-0.0453755133136836,-0.045375513313683606,True,3,NON-CHAOTIC
phase_reset,A,1.4,,,,-0.06930199061012872,0.017152212625754247,-0.0864592019799478,-0.0349976175793575,-0.08660851550863193,True,3,NON-CHAOTIC
phase_reset,A,1.42,,,,-0.8047189562170503,1.4705263196746405e-17,-0.8047189562170503,-0.8047189562170503,-0.8047189562170504,True,3,NON-CHAOTIC
phase_reset,A,1.44,,,,-0.8047189562170503,1.4705263196746405e-17,-0.8047189562170503,-0.8047189562170503,-0.8047189562170504,True,3,NON-CHAOTIC
phase_reset,A,1.46,,,,-0.8047189562170503,1.4705263196746405e-17,-0.8047189562170503,-0.8047189562170503,-0.8047189562170504,True,3,NON-CHAOTIC
phase_reset,A,1.48,,,,-0.8048389652184631,1.4705263196746405e-17,-0.8048389652184631,-0.8048389652184631,-0.8048389652184632,True,3,NON-CHAOTIC
phase_reset,A,1.5,,,,-0.8124361939032134,0.0,-0.8124361939032134,-0.8124361939032134,-0.8124361939032134,True,3,NON-CHAOTIC
phase_reset,A,1.52,,,,-2.728394444408606,1.5587532005626903e-13,-2.728394444408762,-2.7283944444082944,-2.7283944444087624,True,3,NON-CHAOTIC
phase_reset,A,1.54,,,,-0.1968056541391204,3.676315799186601e-18,-0.1968056541391204,-0.1968056541391204,-0.19680565413912043,True,3,NON-CHAOTIC
phase_reset,A,1.56,,,,-0.6785469221316073,0.0,-0.6785469221316073,-0.6785469221316073,-0.6785469221316073,True,3,NON-CHAOTIC
phase_reset,A,1.58,,,,0.08128170003562947,0.0002958465032334935,0.0808251161881288,0.0816680071088325,0.08011017619533717,True,3,CHAOTIC
phase_reset,A,1.6,,,,0.1576280244855872,0.0006446086422290141,0.1571817842548343,0.1583203800359081,0.15462994130495245,True,3,CHAOTIC
phase_reset,A,1.62,,,,-0.7254282227685648,9.127113862883771e-06,-0.7254318499096787,-0.7254238027201164,-0.7254710006335883,True,3,NON-CHAOTIC
phase_reset,A,1.64,,,,-1.1530950512758198,1.1245389662638293e-05,-1.153100816751076,-1.1530915675148692,-1.1531480342699016,True,3,NON-CHAOTIC
phase_reset,A,1.66,,,,-0.8530902234112631,9.045661508167878e-06,-0.85309448886238,-0.853086441672818,-0.853132788725353,True,3,NON-CHAOTIC
phase_reset,A,1.68,,,,-0.5240638415391549,1.0511151689282034e-05,-0.5240666480903017,-0.5240584146688004,-0.5241125075546447,True,3,NON-CHAOTIC
phase_reset,A,1.7,,,,-0.34662234123274777,1.2634922459569462e-05,-0.3466269221988975,-0.3466160271548917,-0.34668140489730864,True,3,NON-CHAOTIC
phase_reset,A,1.72,,,,-0.0800814369876514,1.0612609581432294e-18,-0.0800814369876514,-0.0800814369876514,-0.08008143698765141,True,3,NON-CHAOTIC
phase_reset,A,1.74,,,,-0.19231539452222565,2.6863950835325523e-16,-0.1923153945222262,-0.1923153945222254,-0.1923153945222262,True,3,NON-CHAOTIC
phase_reset,A,1.76,,,,-0.0965998564646141,1.8381578995933006e-18,-0.0965998564646141,-0.0965998564646141,-0.09659985646461411,True,3,NON-CHAOTIC
phase_reset,A,1.78,,,,-0.0665940189245215,1.6644013237483743e-05,-0.0665960353540303,-0.0665928800008894,-0.06668924609008225,True,3,NON-CHAOTIC
phase_reset,A,1.8,,,,-0.1092790470166519,0.027591589815865555,-0.1368778909454315,-0.0540959074982437,-0.13705507116034843,True,3,NON-CHAOTIC
phase_reset,A,1.82,,,,-1.6094379124341005,2.941052639349281e-17,-1.6094379124341005,-1.6094379124341005,-1.6094379124341007,True,3,NON-CHAOTIC
phase_reset,A,1.84,,,,-1.6094379124341005,2.941052639349281e-17,-1.6094379124341005,-1.6094379124341005,-1.6094379124341007,True,3,NON-CHAOTIC
phase_reset,A,1.86,,,,-1.6094379124341005,2.941052639349281e-17,-1.6094379124341005,-1.6094379124341005,-1.6094379124341007,True,3,NON-CHAOTIC
phase_reset,A,1.88,,,,-1.6094379124341005,2.941052639349281e-17,-1.6094379124341005,-1.6094379124341005,-1.6094379124341007,True,3,NON-CHAOTIC
phase_reset,A,1.9,,,,-1.6094379124341005,2.941052639349281e-17,-1.6094379124341005,-1.6094379124341005,-1.6094379124341007,True,3,NON-CHAOTIC
phase_reset,A,1.92,,,,-1.6094379124341005,2.941052639349281e-17,-1.6094379124341005,-1.6094379124341005,-1.6094379124341007,True,3,NON-CHAOTIC
phase_reset,A,1.94,,,,-1.6094379124341005,2.941052639349281e-17,-1.6094379124341005,-1.6094379124341005,-1.6094379124341007,True,3,NON-CHAOTIC
phase_reset,A,1.96,,,,-1.6094379124341005,2.941052639349281e-17,-1.6094379124341005,-1.6094379124341005,-1.6094379124341007,True,3,NON-CHAOTIC
phase_reset,A,1.98,,,,-1.6094379124341005,2.941052639349281e-17,-1.6094379124341005,-1.6094379124341005,-1.6094379124341007,True,3,NON-CHAOTIC
phase_reset,A,2.0,,,,-6.758574114301082e-06,6.934713197904369e-06,-2.0275722342903247e-05,0.0,-3.227759017731375e-05,False,3,AMBIGUOUS
