J_W,J_W0,W,W0,algo_random_seed,analysis_error,coverage_radius,data_seed,embedding_dimension,embedding_not_saturated,experiment,lle_embedding_not_saturated,lle_m,lle_n_embedded_points,lle_per_beat,lle_r2,lle_reason,lle_tau,lle_theiler_beats,lle_valid,lle_valid_fit_quality,map_mode,n_embedded_points,n_in_tube,n_runtime_warnings,n_surrogates_requested,n_surrogates_used,p_value_finite,peak_threshold,period1_status,rJ,seed,signal_mean,signal_std,significance_assessed,significance_not_assessed_reason,significance_requested,significant_peak_count,significant_peak_coverage,significant_peaks_per_point,snr_db,source_faithful_map,source_peak_count,source_peak_coverage,source_peaks_per_point,source_rJ,source_stability_available_count,source_stability_unstable_count,surrogates,system,task_id,upo_failure,upo_no_peak_status,upo_significance_status,upo_status,upo_tau,variant,verification_assessed,verification_failed_count,verification_gated_count,verified_unstable_count,verified_unstable_coverage,verified_unstable_per_point,window_length,runtime_s
0.62,0.48,252.38,301.62,20261823,,1.4596203951365463,3525481314,9,False,algo_seed,False,8,235,0.097744395555435,0.22365208159030914,,3,4,True,False,one_sample,248,2470.0,0,50,50.0,0.6274509803921569,5.0,ok,0.8367482262449439,0,0.04240132271432731,0.9500136492507664,True,,True,0.0,0.0,0.0,,True,2.0,1.0,0.008064516129032258,0.8367482262449439,2.0,2.0,50,white_noise,algo_seed:00000,False,False,assessed,ok,1,,True,2.0,0.0,0.0,0.0,0.0,256,17.80395894100002
0.7,0.5,244.51999999999998,337.71000000000004,20261824,,1.3673806528529848,448579287,9,False,algo_seed,False,10,220,0.04839144208351271,0.08100907650941847,,4,4,True,False,one_sample,248,2470.0,0,50,50.0,0.7058823529411765,5.0,ok,0.7240531817239643,1,-0.013439247826775483,1.062744994669898,True,,True,0.0,0.0,0.0,,True,1.0,1.0,0.004032258064516129,0.7240531817239643,1.0,1.0,50,white_noise,algo_seed:00001,False,False,assessed,ok,1,,True,1.0,0.0,0.0,0.0,0.0,256,16.98431802700088
0.8,0.5,191.07999999999998,295.31999999999994,20261825,,1.1586056407954113,2708556317,8,False,algo_seed,False,9,224,0.059900079559573625,0.08369634813143667,,4,4,True,False,one_sample,249,2480.0,0,50,50.0,0.803921568627451,5.0,ok,0.6470269538128133,2,-0.12572416578275175,1.0638951678035085,True,,True,0.0,0.0,0.0,,True,2.0,1.0,0.008032128514056224,0.6470269538128133,2.0,2.0,50,white_noise,algo_seed:00002,False,False,assessed,ok,1,,True,2.0,0.0,0.0,0.0,0.0,256,16.46236349299943
0.02,0.5,635.28,283.26,20261826,,1.274375135304471,3863378471,9,False,algo_seed,False,8,221,0.027972831920045776,0.01878210967223637,,5,4,True,False,one_sample,248,2470.0,0,50,50.0,0.0392156862745098,5.0,ok,2.2427451811056978,3,0.0013375503175751119,0.8309968640030182,True,,True,1.0,1.0,0.004032258064516129,,True,2.0,1.0,0.008064516129032258,2.2427451811056978,2.0,2.0,50,white_noise,algo_seed:00003,False,False,assessed,ok,1,,True,2.0,0.0,0.0,0.0,0.0,256,16.97656254100002
,,,,20261827,,,1199871569,13,True,algo_seed,False,7,202,0.12494917363463683,0.39587136010236157,,9,4,True,False,one_sample,0,,0,50,,,,,,4,-0.09891547418189556,1.0657706402532392,False,,True,,,,,True,,,,,,,50,white_noise,algo_seed:00004,True,False,not_assessed_detector_failure,embedding_not_saturated,1,,False,,,,,,256,0.8199175459994876
0.46,0.5,245.51999999999998,244.38,20261828,,0.8825403851622821,2441100079,7,False,algo_seed,True,13,208,0.041924240714303056,0.0705277721828288,,4,4,True,False,one_sample,250,2490.0,0,50,50.0,0.47058823529411764,5.0,ok,1.004664866191996,5,-0.11943963698437123,0.9297283722371191,True,,True,0.0,0.0,0.0,,True,1.0,1.0,0.004,1.004664866191996,1.0,1.0,50,white_noise,algo_seed:00005,False,False,assessed,ok,1,,True,1.0,0.0,0.0,0.0,0.0,256,15.307239564000156
0.96,0.5,134.05999999999995,358.36,20261829,,1.4375306456526866,3503171991,10,False,algo_seed,True,13,220,0.07787073852024372,0.221358736174604,,3,4,True,False,one_sample,247,2460.0,0,50,50.0,0.9607843137254902,5.0,ok,0.37409309074673497,6,-0.02201952765349155,1.0232705044678327,True,,True,0.0,0.0,0.0,,True,2.0,1.0,0.008097165991902834,0.37409309074673497,2.0,2.0,50,white_noise,algo_seed:00006,False,False,assessed,ok,1,,True,2.0,0.0,0.0,0.0,0.0,256,19.295432767999955
0.58,0.5,270.05999999999995,318.9,20261830,,1.5103929577044475,3880835121,11,False,algo_seed,False,11,196,0.09841657719223558,0.43452714114559565,,6,4,True,False,one_sample,246,2450.0,0,50,50.0,0.5882352941176471,5.0,ok,0.8468485418626528,7,-0.06737707883293743,0.9794903042599591,True,,True,0.0,0.0,0.0,,True,1.0,1.0,0.0040650406504065045,0.8468485418626528,1.0,1.0,50,white_noise,algo_seed:00007,False,False,assessed,ok,1,,True,1.0,0.0,0.0,0.0,0.0,256,20.92622101300003
0.1,0.5,608.98,313.45000000000005,20261831,,1.2648677476067753,4059865634,9,False,algo_seed,True,13,160,0.07732049946399243,0.41287884100589134,,8,4,True,False,one_sample,248,2470.0,0,50,50.0,0.11764705882352941,5.0,ok,1.9428297974158555,8,-0.0033818114275893964,1.032838768968139,True,,True,0.0,0.0,0.0,,True,2.0,1.0,0.008064516129032258,1.9428297974158555,2.0,2.0,50,white_noise,algo_seed:00008,False,False,assessed,ok,1,,True,2.0,0.0,0.0,0.0,0.0,256,17.652138336999997
1.0,0.5,121.12,307.06,20261832,,1.5613567024385777,1387367435,10,False,algo_seed,True,13,220,0.06951933049246674,0.19802191663600965,,3,4,True,False,one_sample,247,2460.0,0,50,50.0,1.0,5.0,ok,0.3944505959747281,9,0.049260071357297,0.9702214647330504,True,,True,0.0,0.0,0.0,,True,1.0,1.0,0.004048582995951417,0.3944505959747281,1.0,1.0,50,white_noise,algo_seed:00009,False,False,assessed,ok,1,,True,1.0,0.0,0.0,0.0,0.0,256,19.540248395999697
0.76,0.5,159.74,247.15,20261833,,1.048830525927259,2794683157,7,False,algo_seed,False,10,193,0.08516951713247575,0.3769448621180215,,7,4,True,False,one_sample,250,2490.0,0,50,50.0,0.7647058823529411,5.0,ok,0.6463281408051791,10,-0.05609580297697533,0.9115408713602312,True,,True,0.0,0.0,0.0,,True,2.0,1.0,0.008,0.6463281408051791,2.0,2.0,50,white_noise,algo_seed:00010,False,False,assessed,ok,1,,True,2.0,0.0,0.0,0.0,0.0,256,15.372757582000304
0.54,0.5,236.05999999999995,253.05999999999995,20261834,,1.071541074134374,3966354353,8,False,algo_seed,False,10,211,0.019258326451791343,0.013339474322354938,,5,4,True,False,one_sample,249,2480.0,0,50,50.0,0.5490196078431373,5.0,ok,0.9328222555915593,11,0.08029779189606041,0.9731665745169045,True,,True,0.0,0.0,0.0,,True,1.0,1.0,0.004016064257028112,0.9328222555915593,1.0,1.0,50,white_noise,algo_seed:00011,False,False,assessed,ok,1,,True,1.0,0.0,0.0,0.0,0.0,256,16.327948273999937
0.1,0.5,571.26,284.20000000000005,20261835,,1.3148959787375896,194681585,11,False,algo_seed,False,10,229,0.08818562638321523,0.22185071129996425,,3,4,True,False,one_sample,246,2450.0,0,50,50.0,0.11764705882352941,5.0,ok,2.010063335679099,12,0.061526507167892125,1.0483843572650442,True,,True,0.0,0.0,0.0,,True,1.0,1.0,0.0040650406504065045,2.010063335679099,1.0,1.0,50,white_noise,algo_seed:00012,False,False,assessed,ok,1,,True,1.0,0.0,0.0,0.0,0.0,256,21.407613102999676
0.2,0.5,434.9,315.90999999999997,20261836,,1.0701863661458637,771772561,8,False,algo_seed,True,13,184,0.07702305681452946,0.39093428794203877,,6,4,True,False,one_sample,249,2480.0,0,50,50.0,0.21568627450980393,5.0,ok,1.376657908898104,13,-0.04385439724710702,1.004139773587261,True,,True,0.0,0.0,0.0,,True,2.0,1.0,0.008032128514056224,1.376657908898104,2.0,2.0,50,white_noise,algo_seed:00013,False,False,assessed,ok,1,,True,2.0,0.0,0.0,0.0,0.0,256,16.30200658799913
,,,,20261837,,,2770550060,13,True,algo_seed,False,9,216,0.0196929578525639,0.00990902126643911,,5,4,True,False,one_sample,0,,0,50,,,,,,14,-0.14537666107560204,1.064440754837932,False,,True,,,,,True,,,,,,,50,white_noise,algo_seed:00014,True,False,not_assessed_detector_failure,embedding_not_saturated,1,,False,,,,,,256,1.41557646199999
0.22,0.5,427.22,302.3,20261838,,1.4534593479181792,2353907072,10,False,algo_seed,True,13,172,0.08619773720306263,0.47696119653836977,,7,4,True,False,one_sample,247,2460.0,0,50,50.0,0.23529411764705882,5.0,ok,1.4132318888521336,15,-0.073449927554751,1.0620098157909041,True,,True,0.0,0.0,0.0,,True,1.0,1.0,0.004048582995951417,1.4132318888521336,1.0,1.0,50,white_noise,algo_seed:00015,False,False,assessed,ok,1,,True,1.0,0.0,0.0,0.0,0.0,256,19.95074879799995
1.0,0.5,52.53999999999999,291.04999999999995,20261839,,1.3670486176034906,3143255291,10,False,algo_seed,False,9,200,0.11543133871702571,0.433584395163791,,7,4,True,False,one_sample,247,2460.0,0,50,50.0,1.0,5.0,ok,0.1805188112008246,16,-0.018720293913958033,0.9879109079176702,True,,True,0.0,0.0,0.0,,True,1.0,1.0,0.004048582995951417,0.1805188112008246,1.0,1.0,50,white_noise,algo_seed:00016,False,False,assessed,ok,1,,True,1.0,0.0,0.0,0.0,0.0,256,19.491436173000693
0.72,0.5,223.76,297.3,20261840,,1.4607627247483892,371273942,9,False,algo_seed,False,9,232,0.09702783016056023,0.23509079063435023,,3,4,True,False,one_sample,248,2470.0,0,50,50.0,0.7254901960784313,5.0,ok,0.7526404305415405,17,0.03271970157060881,0.9482821476412375,True,,True,0.0,0.0,0.0,,True,2.0,1.0,0.008064516129032258,0.7526404305415405,2.0,2.0,50,white_noise,algo_seed:00017,False,False,assessed,ok,1,,True,2.0,0.0,0.0,0.0,0.0,256,17.439607325999532
0.94,0.5,99.25999999999999,275.15999999999997,20261841,,1.3890990550919844,4106010254,10,False,algo_seed,False,8,228,0.06868941572756215,0.09853415108823327,,4,3,True,False,one_sample,247,2460.0,0,50,50.0,0.9411764705882353,5.0,ok,0.36073557203081846,18,-0.003783604196108268,0.9989158805971559,True,,True,0.0,0.0,0.0,,True,1.0,1.0,0.004048582995951417,0.36073557203081846,1.0,1.0,50,white_noise,algo_seed:00018,False,False,assessed,ok,1,,True,1.0,0.0,0.0,0.0,0.0,256,19.169184557000335
0.16,0.5,331.02,252.81,20261842,,1.4387289585524266,985429714,9,False,algo_seed,False,8,228,0.06562792621420674,0.10453929245037774,,4,4,True,False,one_sample,248,2470.0,0,50,50.0,0.17647058823529413,5.0,ok,1.3093627625489497,19,0.09214336427725256,0.9292296351211575,True,,True,0.0,0.0,0.0,,True,1.0,1.0,0.004032258064516129,1.3093627625489497,1.0,1.0,50,white_noise,algo_seed:00019,False,False,assessed,ok,1,,True,1.0,0.0,0.0,0.0,0.0,256,17.450767627999994
0.64,0.5,246.53999999999996,273.18,20261843,,1.1764710004851675,1112045265,8,False,algo_seed,False,10,220,0.05132619783624673,0.07154947563796232,,4,4,True,False,one_sample,249,2480.0,0,50,50.0,0.6470588235294118,5.0,ok,0.9024818800790686,20,-0.03192376781852471,0.9501484053309711,True,,True,0.0,0.0,0.0,,True,1.0,1.0,0.004016064257028112,0.9024818800790686,1.0,1.0,50,white_noise,algo_seed:00020,False,False,assessed,ok,1,,True,1.0,0.0,0.0,0.0,0.0,256,16.361692976000086
0.16,0.5,466.91999999999996,354.24,20261844,,1.1222002278099585,670497574,8,False,algo_seed,False,6,241,0.12268494352563862,0.272714246945871,,3,4,True,False,one_sample,249,2480.0,0,50,50.0,0.17647058823529413,5.0,ok,1.3180894308943087,21,0.07509314819543939,1.0531897129983319,True,,True,0.0,0.0,0.0,,True,2.0,1.0,0.008032128514056224,1.3180894308943087,2.0,2.0,50,white_noise,algo_seed:00021,False,False,assessed,ok,1,,True,2.0,0.0,0.0,0.0,0.0,256,15.924021567000636
0.7,0.5,214.16,263.03999999999996,20261845,,1.4888677051001504,1699222924,9,False,algo_seed,False,11,216,0.04727109395933899,0.07718521196697081,,4,4,True,False,one_sample,248,2470.0,0,50,50.0,0.7058823529411765,5.0,ok,0.8141727493917276,22,-0.0840672798525332,0.9882795334429678,True,,True,0.0,0.0,0.0,,True,1.0,1.0,0.004032258064516129,0.8141727493917276,1.0,1.0,50,white_noise,algo_seed:00022,False,False,assessed,ok,1,,True,1.0,0.0,0.0,0.0,0.0,256,17.785441764000097
,,,,20261846,,,1769767991,13,True,algo_seed,False,8,228,0.0586222195893005,0.07827611390908185,,4,4,True,False,one_sample,0,,0,50,,,,,,23,0.02049424217728172,1.0123069635442448,False,,True,,,,,True,,,,,,,50,white_noise,algo_seed:00023,True,False,not_assessed_detector_failure,embedding_not_saturated,1,,False,,,,,,256,0.81184705799933
0.14,0.5,394.0,246.05,20261847,,1.090529841044038,3011541328,8,False,algo_seed,False,11,206,0.0034756423734395208,0.0004134141282349235,,5,4,True,False,one_sample,249,2480.0,0,50,50.0,0.1568627450980392,5.0,ok,1.6013005486689695,24,-0.05936313714267766,0.9902116743747182,True,,True,0.0,0.0,0.0,,True,2.0,1.0,0.008032128514056224,1.6013005486689695,2.0,2.0,50,white_noise,algo_seed:00024,False,False,assessed,ok,1,,True,2.0,0.0,0.0,0.0,0.0,256,16.423703153999668
0.26,0.5,419.79999999999995,344.47999999999996,20261848,,1.3591425947272513,2988018410,10,False,algo_seed,True,13,172,0.0755161712646448,0.3785283805126929,,7,4,True,False,one_sample,247,2460.0,0,50,50.0,0.27450980392156865,5.0,ok,1.2186483975847655,25,-0.06355827912552978,1.0343008327867087,True,,True,0.0,0.0,0.0,,True,2.0,1.0,0.008097165991902834,1.2186483975847655,2.0,2.0,50,white_noise,algo_seed:00025,False,False,assessed,ok,1,,True,2.0,0.0,0.0,0.0,0.0,256,19.376235663999978
0.36,0.5,331.12,273.87,20261849,,1.4685677598104263,1795940492,10,False,algo_seed,False,8,214,0.12179910012362476,0.41874574643909646,,6,4,True,False,one_sample,247,2460.0,0,50,50.0,0.37254901960784315,5.0,ok,1.2090407857742724,26,-0.059324076530442624,0.9951172308581382,True,,True,0.0,0.0,0.0,,True,1.0,1.0,0.004048582995951417,1.2090407857742724,1.0,1.0,50,white_noise,algo_seed:00026,False,False,assessed,ok,1,,True,1.0,0.0,0.0,0.0,0.0,256,19.144095368999842
0.42,0.5,295.34000000000003,264.36,20261850,,1.157826262545377,3972747218,9,False,algo_seed,False,6,231,0.04668860176919725,0.036472486874720045,,5,4,True,False,one_sample,248,2470.0,0,50,50.0,0.43137254901960786,5.0,ok,1.1171886821001664,27,-0.010082565891103543,1.0367550207433922,True,,True,0.0,0.0,0.0,,True,1.0,1.0,0.004032258064516129,1.1171886821001664,1.0,1.0,50,white_noise,algo_seed:00027,False,False,assessed,ok,1,,True,1.0,0.0,0.0,0.0,0.0,256,17.987754896000297
0.82,0.5,167.58000000000004,253.76999999999998,20261851,,1.2971974461662685,222680484,9,False,algo_seed,False,8,228,0.06458293197156488,0.09558995345088184,,4,4,True,False,one_sample,248,2470.0,0,50,50.0,0.8235294117647058,5.0,ok,0.6603617448871028,28,-0.055281116097804894,1.0553093870625603,True,,True,0.0,0.0,0.0,,True,3.0,1.0,0.012096774193548387,0.6603617448871028,3.0,3.0,50,white_noise,algo_seed:00028,False,False,assessed,ok,1,,True,3.0,0.0,0.0,0.0,0.0,256,17.957393576999493
,,,,20261852,,,3595221444,13,True,algo_seed,True,13,172,0.08147654143291908,0.4482300503759984,,7,4,True,False,one_sample,0,,0,50,,,,,,29,0.0815940162228808,1.0238416975686746,False,,True,,,,,True,,,,,,,50,white_noise,algo_seed:00029,True,False,not_assessed_detector_failure,embedding_not_saturated,1,,False,,,,,,256,0.7909436800000549
1.0,0.5,58.08000000000004,293.62,20261853,,1.2057142180336418,2316799955,10,False,algo_seed,False,9,224,0.05841661966773291,0.08294657098550895,,4,4,True,False,one_sample,247,2460.0,0,50,50.0,1.0,5.0,ok,0.1978066889176488,30,0.01598439594594875,1.0713642926880969,True,,True,0.0,0.0,0.0,,True,1.0,1.0,0.004048582995951417,0.1978066889176488,1.0,1.0,50,white_noise,algo_seed:00030,False,False,assessed,ok,1,,True,1.0,0.0,0.0,0.0,0.0,256,19.006223491999663
0.98,0.5,117.0,245.34,20261854,,1.2628340782936618,438396130,8,False,algo_seed,False,8,214,0.12928743628693531,0.46555682385109776,,6,4,True,False,one_sample,249,2480.0,0,50,50.0,0.9803921568627451,5.0,ok,0.4768892149669846,31,-0.049841828616670275,0.9950450413334742,True,,True,0.0,0.0,0.0,,True,3.0,1.0,0.012048192771084338,0.4768892149669846,3.0,3.0,50,white_noise,algo_seed:00031,False,False,assessed,ok,1,,True,3.0,0.0,0.0,0.0,0.0,256,16.955072912000105
0.14,0.5,359.38,258.14,20261855,,1.0833620865486133,4001575028,7,False,algo_seed,False,8,228,0.06125495507639283,0.08855000324621953,,4,4,True,False,one_sample,250,2490.0,0,50,50.0,0.1568627450980392,5.0,ok,1.3921902843418301,32,-0.0014776201965004225,1.0301341763751537,True,,True,0.0,0.0,0.0,,True,2.0,1.0,0.008,1.3921902843418301,2.0,2.0,50,white_noise,algo_seed:00032,False,False,assessed,ok,1,,True,2.0,0.0,0.0,0.0,0.0,256,14.43132787400009
0.52,0.5,240.9,243.42,20261856,,1.0360320804933467,2011218321,7,False,algo_seed,False,8,214,0.10884822106972175,0.37870216443122584,,6,5,True,False,one_sample,250,2490.0,0,50,50.0,0.5294117647058824,5.0,ok,0.9896475228000987,33,0.12829078881785877,1.0669877261320089,True,,True,0.0,0.0,0.0,,True,3.0,1.0,0.012,0.9896475228000987,3.0,3.0,50,white_noise,algo_seed:00033,False,False,assessed,ok,1,,True,3.0,0.0,0.0,0.0,0.0,256,15.42092799799957
0.42,0.5,353.8,305.92,20261857,,1.1461981759829645,2749220014,9,False,algo_seed,False,9,208,0.11090707806085974,0.43850622699757336,,6,4,True,False,one_sample,248,2470.0,0,50,50.0,0.43137254901960786,5.0,ok,1.1565115062761506,34,-0.011304648161225745,0.9730031568677693,True,,True,0.0,0.0,0.0,,True,2.0,1.0,0.008064516129032258,1.1565115062761506,2.0,2.0,50,white_noise,algo_seed:00034,False,False,assessed,ok,1,,True,2.0,0.0,0.0,0.0,0.0,256,17.155727843999557
0.5,0.5,281.96000000000004,286.96000000000004,20261858,,1.360868353833048,365556872,10,False,algo_seed,False,9,208,0.10555705331573627,0.4305352030182663,,6,4,True,False,one_sample,247,2460.0,0,50,50.0,0.5098039215686274,5.0,ok,0.9825759687761361,35,-0.007868681453420116,0.9133578808975112,True,,True,0.0,0.0,0.0,,True,1.0,1.0,0.004048582995951417,0.9825759687761361,1.0,1.0,50,white_noise,algo_seed:00035,False,False,assessed,ok,1,,True,1.0,0.0,0.0,0.0,0.0,256,19.111612452999907
0.98,0.5,93.62,261.48,20261859,,1.1369326151597603,2588375961,8,False,algo_seed,False,8,228,0.06213918633270776,0.08976052198762574,,4,4,True,False,one_sample,249,2480.0,0,50,50.0,0.9803921568627451,5.0,ok,0.35803885574422517,36,-0.027876896866622328,0.9836785563071462,True,,True,0.0,0.0,0.0,,True,2.0,1.0,0.008032128514056224,0.35803885574422517,2.0,2.0,50,white_noise,algo_seed:00036,False,False,assessed,ok,1,,True,2.0,0.0,0.0,0.0,0.0,256,14.84011752600054
0.26,0.5,327.48,246.05999999999995,20261860,,1.2897652779085504,404641273,9,False,algo_seed,False,7,238,0.10047956226749892,0.24500184681877968,,3,3,True,False,one_sample,248,2470.0,0,50,50.0,0.27450980392156865,5.0,ok,1.3308949036820292,37,-0.08913025200839016,1.0345346597491296,True,,True,0.0,0.0,0.0,,True,1.0,1.0,0.004032258064516129,1.3308949036820292,1.0,1.0,50,white_noise,algo_seed:00037,False,False,assessed,ok,1,,True,1.0,0.0,0.0,0.0,0.0,256,18.21908440900006
0.46,0.5,232.72,214.85000000000002,20261861,,0.7477401666297541,826299201,6,False,algo_seed,True,13,220,0.0746648883509181,0.20540813818255965,,3,5,True,False,one_sample,251,2500.0,0,50,50.0,0.47058823529411764,5.0,ok,1.0831743076565044,38,-0.14243066736029478,0.9486708500627347,True,,True,0.0,0.0,0.0,,True,2.0,1.0,0.00796812749003984,1.0831743076565044,2.0,1.0,50,white_noise,algo_seed:00038,False,False,assessed,ok,1,,True,2.0,0.0,0.0,0.0,0.0,256,13.493263884000044
0.7,0.5,248.88,343.86,20261862,,1.488236581208867,169387759,9,False,algo_seed,False,8,228,0.06413467064220862,0.08959610760430459,,4,4,True,False,one_sample,248,2470.0,0,50,50.0,0.7058823529411765,5.0,ok,0.7237829349153725,39,0.037679392792632604,0.9986802630032456,True,,True,0.0,0.0,0.0,,True,3.0,1.0,0.012096774193548387,0.7237829349153725,3.0,3.0,50,white_noise,algo_seed:00039,False,False,assessed,ok,1,,True,3.0,0.0,0.0,0.0,0.0,256,18.22151693899923
0.68,0.5,235.56,273.44,20261863,,1.2362497995075326,2071736284,8,False,algo_seed,False,8,228,0.06356500824658709,0.08892015648778806,,4,4,True,False,one_sample,249,2480.0,0,50,50.0,0.6862745098039216,5.0,ok,0.8614686951433587,40,0.005866034558927461,0.9431935596786482,True,,True,0.0,0.0,0.0,,True,2.0,1.0,0.008032128514056224,0.8614686951433587,2.0,2.0,50,white_noise,algo_seed:00040,False,False,assessed,ok,1,,True,2.0,0.0,0.0,0.0,0.0,256,16.86297283300064
0.92,0.5,172.48000000000002,353.58000000000004,20261864,,1.403794165055498,1645124031,10,False,algo_seed,False,9,232,0.09254870838880114,0.23266523861821176,,3,4,True,False,one_sample,247,2460.0,0,50,50.0,0.9215686274509803,5.0,ok,0.48781039651564,41,-0.014920930754255803,0.9995365067064552,True,,True,0.0,0.0,0.0,,True,2.0,1.0,0.008097165991902834,0.48781039651564,2.0,2.0,50,white_noise,algo_seed:00041,False,False,assessed,ok,1,,True,2.0,0.0,0.0,0.0,0.0,256,19.7030412109998
,,,,20261865,,,164639666,13,True,algo_seed,False,7,232,0.07288618129165524,0.10047502620694648,,4,4,True,False,one_sample,0,,0,50,,,,,,42,-0.03434534362972164,0.9505062916674389,False,,True,,,,,True,,,,,,,50,white_noise,algo_seed:00042,True,False,not_assessed_detector_failure,embedding_not_saturated,1,,False,,,,,,256,0.8092969489998723
0.44,0.5,357.36,323.95,20261866,,1.4619603972276631,429372196,10,False,algo_seed,False,10,220,0.053759679635090686,0.08417598718297326,,4,4,True,False,one_sample,247,2460.0,0,50,50.0,0.45098039215686275,5.0,ok,1.1031331995678346,43,0.010783104726900913,0.9845570747850042,True,,True,0.0,0.0,0.0,,True,2.0,1.0,0.008097165991902834,1.1031331995678346,2.0,2.0,50,white_noise,algo_seed:00043,False,False,assessed,ok,1,,True,2.0,0.0,0.0,0.0,0.0,256,19.93481719599913
0.74,0.5,227.57999999999998,291.14,20261867,,1.3840994474245125,4054123511,9,False,algo_seed,False,9,232,0.09027207196018684,0.23536487916086601,,3,4,True,False,one_sample,248,2470.0,0,50,50.0,0.7450980392156863,5.0,ok,0.7816857869066428,44,0.0479836770689296,0.9202153693967051,True,,True,0.0,0.0,0.0,,True,4.0,1.0,0.016129032258064516,0.7816857869066428,4.0,4.0,50,white_noise,algo_seed:00044,False,False,assessed,ok,1,,True,4.0,0.0,0.0,0.0,0.0,256,18.193083242000284
0.3,0.5,398.2,325.58,20261868,,1.4825459684627353,1338353977,11,False,algo_seed,False,7,226,0.02495867220047743,0.012776273359063506,,5,4,True,False,one_sample,246,2450.0,0,50,50.0,0.3137254901960784,5.0,ok,1.2230480987775663,45,0.04827054779592116,1.0552432522313127,True,,True,0.0,0.0,0.0,,True,2.0,1.0,0.008130081300813009,1.2230480987775663,2.0,2.0,50,white_noise,algo_seed:00045,False,False,assessed,ok,1,,True,2.0,0.0,0.0,0.0,0.0,256,20.660479201999806
0.16,0.5,368.22,234.29000000000002,20261869,,1.2515894316104077,1184220628,8,False,algo_seed,False,8,235,0.10359693499008757,0.24972245717060437,,3,4,True,False,one_sample,249,2480.0,0,50,50.0,0.17647058823529413,5.0,ok,1.571641982158863,46,-0.021122530256084036,1.0146628686088182,True,,True,0.0,0.0,0.0,,True,2.0,1.0,0.008032128514056224,1.571641982158863,2.0,2.0,50,white_noise,algo_seed:00046,False,False,assessed,ok,1,,True,2.0,0.0,0.0,0.0,0.0,256,16.574164943999676
0.24,0.5,306.86,232.62,20261870,,0.867923049514226,3386831124,6,False,algo_seed,False,8,235,0.09942238328061019,0.2428549092248895,,3,4,True,False,one_sample,251,2500.0,0,50,50.0,0.2549019607843137,5.0,ok,1.3191471068695728,47,0.10541949460329283,0.9716142689354814,True,,True,0.0,0.0,0.0,,True,1.0,1.0,0.00398406374501992,1.3191471068695728,1.0,1.0,50,white_noise,algo_seed:00047,False,False,assessed,ok,1,,True,1.0,0.0,0.0,0.0,0.0,256,14.183280416999878
0.78,0.5,165.70000000000005,257.98,20261871,,0.9661384483254123,3882508920,7,False,algo_seed,False,9,208,0.1074269129679362,0.4359808161104567,,6,4,True,False,one_sample,250,2490.0,0,50,50.0,0.7843137254901961,5.0,ok,0.6422978525467091,48,-0.017062505254754393,1.0041431053618353,True,,True,0.0,0.0,0.0,,True,2.0,1.0,0.008,0.6422978525467091,2.0,2.0,50,white_noise,algo_seed:00048,False,False,assessed,ok,1,,True,2.0,0.0,0.0,0.0,0.0,256,12.976552591000655
,,,,20261872,,,1918787548,13,True,algo_seed,False,11,216,0.04809949592570709,0.07888611086549724,,4,4,True,False,one_sample,0,,0,50,,,,,,49,0.06584791904475845,0.9361475951647099,False,,True,,,,,True,,,,,,,50,white_noise,algo_seed:00049,True,False,not_assessed_detector_failure,embedding_not_saturated,1,,False,,,,,,256,0.8364108810001198
0.84,0.5,279.82,409.20000000000005,20261823,,1.0527164138906318,3449695920,10,False,algo_seed,False,11,196,0.05630580529469657,0.5375176271745192,,6,17,True,False,one_sample,247,2460.0,0,50,50.0,0.8431372549019608,90.2986559443469,ok,0.6838220918866079,0,0.5311308321918263,1.5960461500562142,True,,True,0.0,0.0,0.0,,True,4.0,1.0,0.016194331983805668,0.6838220918866079,4.0,4.0,50,ar1,algo_seed:00050,False,False,assessed,ok,1,,True,4.0,0.0,0.0,0.0,0.0,256,19.63821885499965
0.02,0.5,700.3199999999999,350.14,20261824,,0.8686396105245027,328817794,8,False,algo_seed,False,11,186,0.09634527249592968,0.6341669007299565,,7,13,True,False,one_sample,249,2480.0,0,50,50.0,0.0392156862745098,5.0,ok,2.000114240018278,1,0.7876581767241337,1.4397908130900092,True,,True,1.0,0.9,0.004016064257028112,,True,5.0,1.0,0.020080321285140562,2.000114240018278,5.0,5.0,50,ar1,algo_seed:00051,False,False,assessed,ok,1,,True,5.0,0.0,0.0,0.0,0.0,256,14.628300889999991
0.06,0.5,723.8,380.1,20261825,,1.061045058872805,957466035,10,False,algo_seed,True,13,184,0.05734817977586767,0.3996500622896607,,6,11,True,False,one_sample,247,2460.0,0,50,50.0,0.0784313725490196,5.0,ok,1.9042357274401471,2,0.18134504666726245,1.5827553863190509,True,,True,0.0,0.0,0.0,,True,2.0,0.98,0.008097165991902834,1.9042357274401471,2.0,2.0,50,ar1,algo_seed:00052,False,False,assessed,ok,1,,True,2.0,0.0,0.0,0.0,0.0,256,19.446064607999688
0.16,0.5,382.78,274.4,20261826,,0.8467512071122075,267006191,7,False,algo_seed,False,10,220,0.03393176831331238,0.0970696870401192,,4,13,True,False,one_sample,250,2490.0,0,50,50.0,0.17647058823529413,84.86774278009787,ok,1.3949708454810497,3,0.3376993839226277,1.6696289022120427,True,,True,0.0,0.0,0.0,,True,5.0,1.0,0.02,1.3949708454810497,5.0,5.0,50,ar1,algo_seed:00053,False,False,assessed,ok,1,,True,5.0,0.0,0.0,0.0,0.0,256,15.39446766600031
0.7,0.5,259.9,354.87,20261827,,0.9329343019960851,3019163817,8,False,algo_seed,False,9,224,0.043934052390649445,0.08988517126347995,,4,10,True,False,one_sample,249,2480.0,0,50,50.0,0.7058823529411765,5.448525398493754,ok,0.7323808718685715,4,-0.5991726978032549,1.5918604197832795,True,,True,0.0,0.0,0.0,,True,3.0,0.975,0.012048192771084338,0.7323808718685715,3.0,3.0,50,ar1,algo_seed:00054,False,False,assessed,ok,1,,True,3.0,0.0,0.0,0.0,0.0,256,16.504995653999686
0.88,0.5,262.34000000000003,383.41,20261828,,1.081397782901564,900358149,11,False,algo_seed,True,13,172,0.0758777132523355,0.6525320262443308,,7,13,True,False,one_sample,246,2450.0,0,50,50.0,0.8823529411764706,5.0,ok,0.684228371716961,5,0.09119269586679707,1.7756193404633813,True,,True,0.0,0.0,0.0,,True,5.0,1.0,0.02032520325203252,0.684228371716961,5.0,5.0,50,ar1,algo_seed:00055,False,False,assessed,ok,1,,True,5.0,0.0,0.0,0.0,0.0,256,20.81993510600023
0.1,0.5,414.94,256.55,20261829,,0.7010616390141204,1594156400,6,False,algo_seed,False,8,214,0.07591808143538926,0.3989783879592066,,6,15,True,False,one_sample,251,2500.0,0,50,50.0,0.11764705882352941,84.16199374165262,ok,1.6173845254336385,6,0.12679187454896174,1.6173478912834012,True,,True,0.0,0.0,0.0,,True,5.0,0.985,0.0199203187250996,1.6173845254336385,5.0,5.0,50,ar1,algo_seed:00056,False,False,assessed,ok,1,,True,5.0,0.0,0.0,0.0,0.0,256,14.27420846699988
0.42,0.5,423.84,394.32,20261830,,0.8546027997442602,2999556384,10,False,algo_seed,False,11,196,0.07283501687654274,0.4039709412427396,,6,11,True,False,one_sample,247,2460.0,0,50,50.0,0.43137254901960786,5.0,ok,1.0748630553864882,7,0.18180730888077784,1.397657007500105,True,,True,0.0,0.0,0.0,,True,2.0,0.945,0.008097165991902834,1.0748630553864882,2.0,2.0,50,ar1,algo_seed:00057,False,False,assessed,ok,1,,True,2.0,0.0,0.0,0.0,0.0,256,19.565386367999963
,,,,20261831,,,1487837963,13,True,algo_seed,False,10,193,0.08218450710298351,0.6783121375925569,,7,15,True,False,one_sample,0,,0,50,,,,,,8,0.02363133844930767,1.6666221994904051,False,,True,,,,,True,,,,,,,50,ar1,algo_seed:00058,True,False,not_assessed_detector_failure,embedding_not_saturated,1,,False,,,,,,256,1.0052126159998807
0.18,0.5,459.2,286.39,20261832,,0.8221362027695143,2344754203,8,False,algo_seed,False,9,200,0.08722727953951823,0.4607458330403299,,7,10,True,False,one_sample,249,2480.0,0,50,50.0,0.19607843137254902,7.399226268946849,ok,1.6034079402213766,9,0.23570574976289682,1.5371670425413655,True,,True,0.0,0.0,0.0,,True,4.0,1.0,0.01606425702811245,1.6034079402213766,4.0,4.0,50,ar1,algo_seed:00059,False,False,assessed,ok,1,,True,4.0,0.0,0.0,0.0,0.0,256,16.734627259000263
0.4,0.5,374.56,360.0,20261833,,0.9486621594524277,57965051,10,False,algo_seed,False,7,220,0.09370440990945195,0.5165224938045692,,6,18,True,False,one_sample,247,2460.0,0,50,50.0,0.4117647058823529,20.219388824720085,ok,1.0404444444444445,10,-0.77583691966413,1.663096729244638,True,,True,0.0,0.0,0.0,,True,4.0,1.0,0.016194331983805668,1.0404444444444445,4.0,4.0,50,ar1,algo_seed:00060,False,False,assessed,ok,1,,True,4.0,0.0,0.0,0.0,0.0,256,20.190247950999947
,,,,20261834,,,4101375760,13,True,algo_seed,False,10,184,0.09866950916241554,0.6698999574170116,,8,8,True,False,one_sample,0,,0,50,,,,,,11,0.42086510598172455,1.4122292988859204,False,,True,,,,,True,,,,,,,50,ar1,algo_seed:00061,True,False,not_assessed_detector_failure,embedding_not_saturated,1,,False,,,,,,256,0.920323665000069
0.14,0.5,522.9,369.19,20261835,,0.8380675009206004,3733861811,9,False,algo_seed,False,9,216,0.024044443415903935,0.05660133254608668,,5,14,True,False,one_sample,248,2470.0,0,50,50.0,0.1568627450980392,37.570067477235746,ok,1.4163438879709633,12,0.005555430014591745,2.056820757437366,True,,True,0.0,0.0,0.0,,True,4.0,0.995,0.016129032258064516,1.4163438879709633,4.0,4.0,50,ar1,algo_seed:00062,False,False,assessed,ok,1,,True,4.0,0.0,0.0,0.0,0.0,256,17.938147878000564
0.44,0.5,473.6,437.79999999999995,20261836,,0.9030135777654928,3910555912,10,False,algo_seed,False,10,193,0.07497505791780894,0.48445694954413354,,7,13,True,False,one_sample,247,2460.0,0,50,50.0,0.45098039215686275,9.950291776158277,ok,1.0817724988579263,13,-0.21440945318585763,1.6886470556054358,True,,True,0.0,0.0,0.0,,True,4.0,1.0,0.016194331983805668,1.0817724988579263,4.0,4.0,50,ar1,algo_seed:00063,False,False,assessed,ok,1,,True,4.0,0.0,0.0,0.0,0.0,256,20.141409197999565
0.44,0.5,293.8,288.08000000000004,20261837,,0.6435595296482604,1609175748,7,False,algo_seed,False,6,211,0.15655587983598512,0.7122216397106613,,9,14,True,False,one_sample,250,2490.0,0,50,50.0,0.47058823529411764,5.0,ok,1.0198555956678699,14,-0.05210750872857012,1.7856205830281868,True,,True,0.0,0.0,0.0,,True,4.0,0.99,0.016,1.0198555956678699,4.0,4.0,50,ar1,algo_seed:00064,False,False,assessed,ok,1,,True,4.0,0.0,0.0,0.0,0.0,256,12.352620227999068
0.3,0.5,460.5,378.59000000000003,20261838,,0.8621278012126983,892420764,9,False,algo_seed,False,9,192,0.1055891346559086,0.7448952910556483,,8,13,True,False,one_sample,248,2470.0,0,50,50.0,0.3137254901960784,24.38972916575718,ok,1.216355424073536,15,0.2487193257332023,1.6548846570690765,True,,True,0.0,0.0,0.0,,True,4.0,1.0,0.016129032258064516,1.216355424073536,4.0,4.0,50,ar1,algo_seed:00065,False,False,assessed,ok,1,,True,4.0,0.0,0.0,0.0,0.0,256,17.862032860999534
0.1,0.5,582.92,352.56,20261839,,0.8140035849581666,590556299,9,False,algo_seed,False,6,226,0.11368785138534597,0.5399617792746478,,6,14,True,False,one_sample,248,2470.0,0,50,50.0,0.11764705882352941,5.0,ok,1.6533923303834808,16,0.8198269682581156,1.8143025960541812,True,,True,0.0,0.0,0.0,,True,4.0,0.995,0.016129032258064516,1.6533923303834808,4.0,4.0,50,ar1,algo_seed:00066,False,False,assessed,ok,1,,True,4.0,0.0,0.0,0.0,0.0,256,18.016343388999303
0.84,0.5,281.46,406.23,20261840,,0.9699353641898506,703048608,9,False,algo_seed,False,10,220,0.03979210344467295,0.25551403898786695,,4,19,True,False,one_sample,248,2470.0,0,50,50.0,0.8431372549019608,7.69169203302828,ok,0.6928587253526327,17,0.04345559629723364,1.821057830738956,True,,True,0.0,0.0,0.0,,True,5.0,1.0,0.020161290322580645,0.6928587253526327,5.0,5.0,50,ar1,algo_seed:00067,False,False,assessed,ok,1,,True,5.0,0.0,0.0,0.0,0.0,256,17.687778175999483
0.26,0.5,450.5,336.04999999999995,20261841,,0.8657052191702366,3756785086,9,False,algo_seed,False,8,221,0.019138852043567304,0.018250061127701667,,5,9,True,False,one_sample,248,2470.0,0,50,50.0,0.27450980392156865,5.0,ok,1.3405743192977237,18,-0.010704665429115474,1.4843487995274136,True,,True,0.0,0.0,0.0,,True,2.0,1.0,0.008064516129032258,1.3405743192977237,2.0,2.0,50,ar1,algo_seed:00068,False,False,assessed,ok,1,,True,2.0,0.0,0.0,0.0,0.0,256,17.05682168400017
0.5,0.5,326.02,332.18,20261842,,0.7557992895902157,3447613388,8,False,algo_seed,False,9,200,0.09691652539350519,0.5673179071731913,,7,17,True,False,one_sample,249,2480.0,0,50,50.0,0.5098039215686274,5.0,ok,0.9814558371967005,19,-0.133551843363519,1.7777564232584184,True,,True,0.0,0.0,0.0,,True,3.0,1.0,0.012048192771084338,0.9814558371967005,3.0,3.0,50,ar1,algo_seed:00069,False,False,assessed,ok,1,,True,3.0,0.0,0.0,0.0,0.0,256,15.580195197000648
0.48,0.5,372.8,363.63,20261843,,1.0235623015823752,1604532220,9,False,algo_seed,False,9,208,0.06897552067747668,0.43897128296356325,,6,14,True,False,one_sample,248,2470.0,0,50,50.0,0.49019607843137253,159.88104899884613,ok,1.025217941313973,20,0.059820755021601814,1.6327095273768735,True,,True,0.0,0.0,0.0,,True,3.0,1.0,0.012096774193548387,1.025217941313973,3.0,3.0,50,ar1,algo_seed:00070,False,False,assessed,ok,1,,True,3.0,0.0,0.0,0.0,0.0,256,18.202194100998895
0.22,0.5,508.6,389.39,20261844,,0.9265650072892262,906868566,10,False,algo_seed,False,7,190,0.1479596525583434,0.7953586387363916,,11,14,True,False,one_sample,247,2460.0,0,50,50.0,0.23529411764705882,5.0,ok,1.3061455096432883,21,0.42232869531298256,1.7442963071584219,True,,True,0.0,0.0,0.0,,True,3.0,1.0,0.012145748987854251,1.3061455096432883,3.0,3.0,50,ar1,algo_seed:00071,False,False,assessed,ok,1,,True,3.0,0.0,0.0,0.0,0.0,256,19.189775789000123
0.38,0.5,395.44,346.45,20261845,,0.858067549783031,2326446593,8,False,algo_seed,True,13,172,0.06890784155965496,0.685497006465611,,7,14,True,False,one_sample,249,2480.0,0,50,50.0,0.39215686274509803,16.444129507577685,ok,1.1414056862462116,22,0.3402901427534506,1.7570234943289014,True,,True,0.0,0.0,0.0,,True,4.0,1.0,0.01606425702811245,1.1414056862462116,4.0,4.0,50,ar1,algo_seed:00072,False,False,assessed,ok,1,,True,4.0,0.0,0.0,0.0,0.0,256,16.017403048999768
0.9,0.5,210.07999999999998,310.72,20261846,,1.1344285854448153,397801268,9,False,algo_seed,True,13,148,0.08846076483011686,0.7518850140802478,,9,11,True,False,one_sample,248,2470.0,0,50,50.0,0.9019607843137255,57.235596824941354,ok,0.6761071060762099,23,0.5214117993682638,1.646434295506582,True,,True,0.0,0.0,0.0,,True,6.0,1.0,0.024193548387096774,0.6761071060762099,6.0,6.0,50,ar1,algo_seed:00073,False,False,assessed,ok,1,,True,6.0,0.0,0.0,0.0,0.0,256,17.963196367998535
0.38,0.5,240.26,207.04,20261847,,0.4835647518997543,4030666970,5,False,algo_seed,False,9,208,0.07351220707122669,0.488612404234151,,6,14,True,False,one_sample,252,2510.0,0,50,50.0,0.39215686274509803,158.66949278723845,ok,1.160452086553323,24,0.2633393334149465,1.7456505239424513,True,,True,0.0,0.0,0.0,,True,3.0,0.965,0.011904761904761904,1.160452086553323,3.0,3.0,50,ar1,algo_seed:00074,False,False,assessed,ok,1,,True,3.0,0.0,0.0,0.0,0.0,256,13.14350363000085
0.46,0.5,455.78,430.56,20261848,,1.2381380500529253,3891635605,11,False,algo_seed,False,10,202,0.07013989122136191,0.41682973827982084,,6,12,True,False,one_sample,246,2450.0,0,50,50.0,0.47058823529411764,5.0,ok,1.058574879227053,25,-0.21538560927897366,1.6633611682933758,True,,True,0.0,0.0,0.0,,True,4.0,1.0,0.016260162601626018,1.058574879227053,4.0,4.0,50,ar1,algo_seed:00075,False,False,assessed,ok,1,,True,4.0,0.0,0.0,0.0,0.0,256,21.108442778000608
0.0,0.5,542.4,310.22,20261849,,0.6975845448047183,3868390770,7,False,algo_seed,True,13,148,0.06607607678899516,0.7499747858558097,,9,15,True,False,one_sample,250,2490.0,0,50,50.0,0.0196078431372549,153.5473993644124,ok,1.7484365933853392,26,0.3772973868751998,1.6563681217426287,True,,True,1.0,0.83,0.004,,True,4.0,1.0,0.016,1.7484365933853392,4.0,4.0,50,ar1,algo_seed:00076,False,False,assessed,ok,1,,True,4.0,0.0,0.0,0.0,0.0,256,15.140586375000566
0.06,0.5,489.56,294.5,20261850,,0.7372487384321673,2053983700,7,False,algo_seed,False,8,221,0.03181417428175038,0.04169745665778657,,5,11,True,False,one_sample,250,2490.0,0,50,50.0,0.0784313725490196,8.61692007831719,ok,1.6623429541595924,27,0.12555675800503635,1.5078776930502396,True,,True,0.0,0.0,0.0,,True,5.0,1.0,0.02,1.6623429541595924,5.0,5.0,50,ar1,algo_seed:00077,False,False,assessed,ok,1,,True,5.0,0.0,0.0,0.0,0.0,256,15.171911666999222
0.08,0.5,569.04,391.27,20261851,,0.7330266940058593,3495262068,9,False,algo_seed,False,8,207,0.08800962397512715,0.5765648614734991,,7,19,True,False,one_sample,248,2470.0,0,50,50.0,0.09803921568627451,28.09463719541334,ok,1.4543409921537558,28,-0.2226526768418864,1.8432617144533254,True,,True,0.0,0.0,0.0,,True,3.0,0.98,0.012096774193548387,1.4543409921537558,3.0,3.0,50,ar1,algo_seed:00078,False,False,assessed,ok,1,,True,3.0,0.0,0.0,0.0,0.0,256,18.03102040200065
0.4,0.5,459.84,431.03,20261852,,1.11417570002846,1212659152,11,False,algo_seed,False,9,184,0.10643219610009827,0.7745019234215164,,9,16,True,False,one_sample,246,2450.0,0,50,50.0,0.4117647058823529,5.0,ok,1.0668398951349094,29,-0.3851258144793012,1.5851799516321032,True,,True,0.0,0.0,0.0,,True,3.0,1.0,0.012195121951219513,1.0668398951349094,3.0,3.0,50,ar1,algo_seed:00079,False,False,assessed,ok,1,,True,3.0,0.0,0.0,0.0,0.0,256,21.341634667998733
0.0,0.5,1004.76,437.34,20261853,,0.9170177443806161,218236948,11,False,algo_seed,False,8,214,0.08122730945540117,0.3734435484165005,,6,15,True,False,one_sample,246,2450.0,0,50,50.0,0.0196078431372549,5.0,ok,2.2974344903278916,30,-0.5682372531520722,1.6473508057787176,True,,True,1.0,0.94,0.0040650406504065045,,True,2.0,1.0,0.008130081300813009,2.2974344903278916,2.0,2.0,50,ar1,algo_seed:00080,False,False,assessed,ok,1,,True,2.0,0.0,0.0,0.0,0.0,256,21.58933117899869
0.28,0.5,471.3,376.21000000000004,20261854,,0.9609363023437515,1653298077,10,False,algo_seed,False,8,207,0.11902771201969081,0.700494033789399,,7,12,True,False,one_sample,247,2460.0,0,50,50.0,0.29411764705882354,5.0,ok,1.2527577682677227,31,0.009840109482640857,1.5077928267350589,True,,True,0.0,0.0,0.0,,True,4.0,1.0,0.016194331983805668,1.2527577682677227,4.0,4.0,50,ar1,algo_seed:00081,False,False,assessed,ok,1,,True,4.0,0.0,0.0,0.0,0.0,256,20.728094142001282
0.04,0.5,549.0799999999999,332.11,20261855,,0.6683304732049296,3792587743,7,False,algo_seed,False,6,216,0.1442564551928793,0.641345111953753,,8,13,True,False,one_sample,250,2490.0,0,50,50.0,0.058823529411764705,5.16072001540328,ok,1.653307639035259,32,-0.10119611889077634,1.694454954987891,True,,True,1.0,0.84,0.004,,True,4.0,0.97,0.016,1.653307639035259,4.0,4.0,50,ar1,algo_seed:00082,False,False,assessed,ok,1,,True,4.0,0.0,0.0,0.0,0.0,256,16.607027539999763
0.04,0.5,648.9,351.01,20261856,,1.1443283970747058,3544501888,10,False,algo_seed,False,8,221,0.026349519737380332,0.040611386393801574,,5,11,True,False,one_sample,247,2460.0,0,50,50.0,0.058823529411764705,9.472492682378402,ok,1.8486652801914476,33,0.15518112986658605,1.6446148400157323,True,,True,1.0,0.98,0.004048582995951417,,True,4.0,1.0,0.016194331983805668,1.8486652801914476,4.0,4.0,50,ar1,algo_seed:00083,False,False,assessed,ok,1,,True,4.0,0.0,0.0,0.0,0.0,256,19.472000518999266
0.84,0.5,218.14,344.45,20261857,,0.8767803761724047,2832613098,8,False,algo_seed,False,10,193,0.09673152331842315,0.5882333780349913,,7,12,True,False,one_sample,249,2480.0,0,50,50.0,0.8431372549019608,12.572512838087508,ok,0.6332994629118885,34,0.008831931948741866,1.51732988273877,True,,True,0.0,0.0,0.0,,True,3.0,1.0,0.012048192771084338,0.6332994629118885,3.0,3.0,50,ar1,algo_seed:00084,False,False,assessed,ok,1,,True,3.0,0.0,0.0,0.0,0.0,256,16.316652360999797
,,,,20261858,,,2907792430,13,True,algo_seed,False,9,200,0.09254634272850819,0.6104530505499913,,7,14,True,False,one_sample,0,,0,50,,,,,,35,0.02013232538097981,1.8506755748265329,False,,True,,,,,True,,,,,,,50,ar1,algo_seed:00085,True,False,not_assessed_detector_failure,embedding_not_saturated,1,,False,,,,,,256,0.857786775999557
0.32,0.5,349.6,290.29,20261859,,0.6757606340807908,2916924334,7,False,algo_seed,False,9,184,0.10677684615360324,0.607749710274265,,9,9,True,False,one_sample,250,2490.0,0,50,50.0,0.3333333333333333,5.207469622672972,ok,1.2043129284508596,36,-0.07346175795979261,1.5774918549154946,True,,True,0.0,0.0,0.0,,True,4.0,0.995,0.016,1.2043129284508596,4.0,4.0,50,ar1,algo_seed:00086,False,False,assessed,ok,1,,True,4.0,0.0,0.0,0.0,0.0,256,15.389300365000963
0.18,0.5,451.03999999999996,349.73,20261860,,0.8993479098932604,2731279643,9,False,algo_seed,True,13,172,0.08148743288284316,0.6068642717260837,,7,11,True,False,one_sample,248,2470.0,0,50,50.0,0.19607843137254902,6.965957925969615,ok,1.2896806107568695,37,-0.365435290798388,1.5829561153685077,True,,True,0.0,0.0,0.0,,True,5.0,1.0,0.020161290322580645,1.2896806107568695,5.0,5.0,50,ar1,algo_seed:00087,False,False,assessed,ok,1,,True,5.0,0.0,0.0,0.0,0.0,256,17.97847639400061
0.2,0.5,441.76,313.49,20261861,,0.6069572520480575,4277871563,7,False,algo_seed,False,8,214,0.06697169962316782,0.3083464222242347,,6,15,True,False,one_sample,250,2490.0,0,50,50.0,0.21568627450980393,5.0,ok,1.4091677565472582,38,-0.010515979388919572,1.7839401270862312,True,,True,0.0,0.0,0.0,,True,4.0,0.99,0.016,1.4091677565472582,4.0,4.0,50,ar1,algo_seed:00088,False,False,assessed,ok,1,,True,4.0,0.0,0.0,0.0,0.0,256,14.154924903001302
0.32,0.5,437.26,350.64,20261862,,0.9733795738347625,1344233584,9,False,algo_seed,False,7,226,0.03481941694908685,0.0512394891823571,,5,14,True,False,one_sample,248,2470.0,0,50,50.0,0.3333333333333333,13.08096389805117,ok,1.2470339949806069,39,0.6496364738193465,1.5678770362379533,True,,True,0.0,0.0,0.0,,True,2.0,0.98,0.008064516129032258,1.2470339949806069,2.0,2.0,50,ar1,algo_seed:00089,False,False,assessed,ok,1,,True,2.0,0.0,0.0,0.0,0.0,256,17.70326152999951
0.18,0.5,527.84,414.01,20261863,,0.8237233392344956,2869279313,9,False,algo_seed,False,10,193,0.07510062799636727,0.5710290379632494,,7,12,True,False,one_sample,248,2470.0,0,50,50.0,0.19607843137254902,5.0,ok,1.2749450496364823,40,-0.03392002649570125,1.6224970278464625,True,,True,0.0,0.0,0.0,,True,4.0,0.95,0.016129032258064516,1.2749450496364823,4.0,4.0,50,ar1,algo_seed:00090,False,False,assessed,ok,1,,True,4.0,0.0,0.0,0.0,0.0,256,18.063162487000227
0.74,0.5,192.12,255.41000000000003,20261864,,0.6417850567991357,1704659510,6,False,algo_seed,False,9,184,0.0891448069231493,0.6026807410287912,,9,16,True,False,one_sample,251,2500.0,0,50,50.0,0.7450980392156863,147.9410737978203,ok,0.7522023413335421,41,-0.28663670369218847,1.537004710746318,True,,True,0.0,0.0,0.0,,True,2.0,0.935,0.00796812749003984,0.7522023413335421,2.0,2.0,50,ar1,algo_seed:00091,False,False,assessed,ok,1,,True,2.0,0.0,0.0,0.0,0.0,256,14.189657629000067
0.26,0.5,485.2,362.01,20261865,,0.8440598204509894,1697017250,9,False,algo_seed,True,13,172,0.07653783456269397,0.7491792081836937,,7,13,True,False,one_sample,248,2470.0,0,50,50.0,0.27450980392156865,5.0,ok,1.3402944670036738,42,0.1187840753695397,1.59611957529303,True,,True,0.0,0.0,0.0,,True,4.0,1.0,0.016129032258064516,1.3402944670036738,4.0,4.0,50,ar1,algo_seed:00092,False,False,assessed,ok,1,,True,4.0,0.0,0.0,0.0,0.0,256,16.80535772500116
0.52,0.5,414.54,432.78999999999996,20261866,,1.1391680834018874,2549843691,11,False,algo_seed,False,10,202,0.047937670344101645,0.4025366463736183,,6,20,True,False,one_sample,246,2450.0,0,50,50.0,0.5294117647058824,5.0,ok,0.9578317428776082,43,0.21346827780544458,1.7879676667532725,True,,True,0.0,0.0,0.0,,True,4.0,1.0,0.016260162601626018,0.9578317428776082,4.0,4.0,50,ar1,algo_seed:00093,False,False,assessed,ok,1,,True,4.0,0.0,0.0,0.0,0.0,256,20.894404426999245
,,,,20261867,,,1748507989,13,True,algo_seed,False,9,184,0.09327881702811174,0.7959774979242792,,9,14,True,False,one_sample,0,,0,50,,,,,,44,-0.42604026981756177,2.0057861252623863,False,,True,,,,,True,,,,,,,50,ar1,algo_seed:00094,True,False,not_assessed_detector_failure,embedding_not_saturated,1,,False,,,,,,256,1.5700907869995717
0.36,0.5,419.56,383.07000000000005,20261868,,1.2836692544387307,3495992519,10,False,algo_seed,False,7,232,0.058002095696003377,0.14697118518203933,,4,11,True,False,one_sample,247,2460.0,0,50,50.0,0.37254901960784315,84.26852191665067,ok,1.0952567415876993,45,-0.038107989633645103,1.5063955498308461,True,,True,0.0,0.0,0.0,,True,4.0,1.0,0.016194331983805668,1.0952567415876993,4.0,4.0,50,ar1,algo_seed:00095,False,False,assessed,ok,1,,True,4.0,0.0,0.0,0.0,0.0,256,20.570731540999986
0.92,0.5,266.3,402.46000000000004,20261869,,0.9912886198144906,963844549,10,False,algo_seed,False,9,176,0.09962526781654507,0.6446381580375583,,10,13,True,False,one_sample,247,2460.0,0,50,50.0,0.9215686274509803,102.1545219978204,ok,0.6616806639169109,46,0.4920190470272541,1.6830260736298153,True,,True,0.0,0.0,0.0,,True,4.0,1.0,0.016194331983805668,0.6616806639169109,4.0,4.0,50,ar1,algo_seed:00096,False,False,assessed,ok,1,,True,4.0,0.0,0.0,0.0,0.0,256,19.444682347999333
0.9,0.5,169.1,264.62,20261870,,0.802710318332859,2400351358,7,False,algo_seed,False,9,184,0.10383295932574713,0.6870445069830335,,9,12,True,False,one_sample,250,2490.0,0,50,50.0,0.9019607843137255,304.6167321040892,ok,0.6390295518101428,47,-0.0813870244678764,1.5605150126659015,True,,True,0.0,0.0,0.0,,True,1.0,0.79,0.004,0.6390295518101428,1.0,1.0,50,ar1,algo_seed:00097,False,False,assessed,ok,1,,True,1.0,0.0,0.0,0.0,0.0,256,12.731506850999722
,,,,20261871,,,2023883774,13,True,algo_seed,False,8,214,0.08074238556205413,0.38968805500434167,,6,13,True,False,one_sample,0,,0,50,,,,,,48,-0.30885830825864424,1.7885677602935701,False,,True,,,,,True,,,,,,,50,ar1,algo_seed:00098,True,False,not_assessed_detector_failure,embedding_not_saturated,1,,False,,,,,,256,0.818649593000373
1.0,0.5,141.34,282.56,20261872,,0.9443963919502789,1967145954,7,False,algo_seed,True,13,172,0.06993668223978405,0.5658298936267483,,7,9,True,False,one_sample,250,2490.0,0,50,50.0,1.0,283.2543535610144,ok,0.5002123442808607,49,0.16070433598039868,1.2868143797875888,True,,True,0.0,0.0,0.0,,True,1.0,0.965,0.004,0.5002123442808607,1.0,1.0,50,ar1,algo_seed:00099,False,False,assessed,ok,1,,True,1.0,0.0,0.0,0.0,0.0,256,15.423737182998593
