J_W,M,bin_width,bins,data_seed,experiment,fp1_J,fp1_abs_error,fp1_cell_center_error,fp1_error,fp1_kde_mode_error,fp1_median_within_0.05_error,fp1_nearest,fp1_rank,fp1_significant,fp1_true,fp1_within_bin,fp2_J,fp2_abs_error,fp2_cell_center_error,fp2_error,fp2_kde_mode_error,fp2_median_within_0.05_error,fp2_nearest,fp2_rank,fp2_significant,fp2_true,fp2_within_bin,jacobian,n_runtime_warnings,period,rJ,range_policy,realization,seed,significance,significance_assessed,significant_peak_count,source_peak_count,status,system,task_id,tube,window_length,runtime_s,n_minimal_period1,n_minimal_period2,p2_fp1_error,p2_nearest_error,p2_nearest_rank,p2_strongest_error,p2_true_a,p2_true_b,p2_within_bin
,2,0.20448601554903983,15,3032515042,henon_loc_oracleJ,,0.008595998445380504,-0.023112048531608087,-0.008595998445380504,-0.0004165578234188727,-0.0008321177916196243,0.6227584786441241,1.0,,0.6313544770895047,True,,1.7541129557336288,1.7395969056474012,1.7541129557336288,1.7622923963555905,0.0022962360086968836,0.6227584786441241,1.0,,-1.1313544770895048,False,analytic,0,1,,pad10,0,0,False,False,,1,ok,henon,henon_loc_oracleJ:00000,10.0,1024,1.4523627439994016,,,,,,,,,
,2,0.20448601554903983,15,3032515042,henon_loc_oracleJ,,,,,,,,,,,,,,,,,,,,,,,analytic,0,2,,pad10,0,0,False,False,,5,ok,henon,henon_loc_oracleJ:00001,10.0,1024,3.240429076999135,1.0,4.0,0.0009731340475566119,0.009989016734728628,1.0,0.009989016734728628,0.9758000511750563,-0.47580005117505625,True
,2,0.15336451166177986,20,3032515042,henon_loc_oracleJ,,0.01354188377680099,0.05357020729928175,0.01354188377680099,-0.0002609222727592009,-0.0008321177916196243,0.6448963608663056,1.0,,0.6313544770895047,True,,1.7762508379558104,1.8162791614782912,1.7762508379558104,1.76244803190625,0.0022962360086968836,0.6448963608663056,1.0,,-1.1313544770895048,False,analytic,0,1,,pad10,0,0,False,False,,1,ok,henon,henon_loc_oracleJ:00002,10.0,1024,0.8404409150007268,,,,,,,,,
,2,0.15336451166177986,20,3032515042,henon_loc_oracleJ,,,,,,,,,,,,,,,,,,,,,,,analytic,0,2,,pad10,0,0,False,False,,10,ok,henon,henon_loc_oracleJ:00003,10.0,1024,2.293922360999204,2.0,8.0,0.0045724645083873305,0.005479982533127703,1.0,0.005479982533127703,0.9758000511750563,-0.47580005117505625,True
,2,0.10224300777451992,30,3032515042,henon_loc_oracleJ,,0.009029494123225623,0.028009455355652246,0.009029494123225623,-0.00017237657648117022,-0.0008321177916196243,0.6403839712127303,1.0,,0.6313544770895047,True,,1.771738448302235,1.7907184095346618,1.771738448302235,1.7625365776025284,0.0022962360086968836,0.6403839712127303,1.0,,-1.1313544770895048,False,analytic,0,1,,pad10,0,0,False,False,,1,ok,henon,henon_loc_oracleJ:00004,10.0,1024,0.8310693839994201,,,,,,,,,
,2,0.10224300777451992,30,3032515042,henon_loc_oracleJ,,,,,,,,,,,,,,,,,,,,,,,analytic,0,2,,pad10,0,0,False,False,,13,ok,henon,henon_loc_oracleJ:00005,10.0,1024,2.3680564549995324,1.0,12.0,0.003800698365452493,0.003014371359827739,1.0,0.003014371359827739,0.9758000511750563,-0.47580005117505625,True
,2,0.06816200518301327,45,3032515042,henon_loc_oracleJ,,0.01202651838036306,-0.023112048531608198,-0.01202651838036306,-0.0002685724862933059,-0.0008321177916196243,0.6193279587091416,1.0,,0.6313544770895047,True,,1.7506824357986464,1.7395969056474012,1.7506824357986464,1.762440381692716,0.0022962360086968836,0.6193279587091416,1.0,,-1.1313544770895048,False,analytic,0,1,,pad10,0,0,False,False,,1,ok,henon,henon_loc_oracleJ:00006,10.0,1024,0.674022272000002,,,,,,,,,
,2,0.06816200518301327,45,3032515042,henon_loc_oracleJ,,,,,,,,,,,,,,,,,,,,,,,analytic,0,2,,pad10,0,0,False,False,,22,ok,henon,henon_loc_oracleJ:00007,10.0,1024,2.6126228289995197,1.0,21.0,0.0006957631235163797,0.000610199629270114,1.0,0.004777485810191939,0.9758000511750563,-0.47580005117505625,True
,2,0.05112150388725996,60,3032515042,henon_loc_oracleJ,,0.0008983557640351858,0.0024487034120221907,0.0008983557640351858,-0.00025187807342819113,-0.0008321177916196243,0.6322528328535398,1.0,,0.6313544770895047,True,,1.7636073099430445,1.7651576575910317,1.7636073099430445,1.7624570761055813,0.0022962360086968836,0.6322528328535398,1.0,,-1.1313544770895048,False,analytic,0,1,,pad10,0,0,False,False,,1,ok,henon,henon_loc_oracleJ:00008,10.0,1024,1.1480779869998514,,,,,,,,,
,2,0.05112150388725996,60,3032515042,henon_loc_oracleJ,,,,,,,,,,,,,,,,,,,,,,,analytic,0,2,,pad10,0,0,False,False,,25,ok,henon,henon_loc_oracleJ:00009,10.0,1024,4.197449809000318,1.0,24.0,0.0012463400539123315,0.004108200246170313,1.0,0.004108200246170313,0.9758000511750563,-0.47580005117505625,True
,2,0.034081002591506634,90,3032515042,henon_loc_oracleJ,,0.003677542008727386,-0.006071547235854902,-0.003677542008727386,-0.00018423924309796114,-0.0008321177916196243,0.6276769350807773,1.0,,0.6313544770895047,True,,1.4508542762790166,1.4499083836195947,1.4508542762790166,1.47547780065138,0.0022962360086968836,0.3194997991895118,2.0,,-1.1313544770895048,False,analytic,0,1,,pad10,0,0,False,False,,2,ok,henon,henon_loc_oracleJ:00010,10.0,1024,0.5993686919991887,,,,,,,,,
,2,0.034081002591506634,90,3032515042,henon_loc_oracleJ,,,,,,,,,,,,,,,,,,,,,,,analytic,0,2,,pad10,0,0,False,False,,42,ok,henon,henon_loc_oracleJ:00011,10.0,1024,2.698635517999719,2.0,40.0,0.00027296555584988,0.0003351955619760316,1.0,0.0003351955619760316,0.9758000511750563,-0.47580005117505625,True
,2,0.20437530168289336,15,105936610,henon_loc_oracleJ,,0.012934945810357368,-0.022665306690636156,-0.012934945810357368,-0.00016148945517657776,-0.0007956080227912166,0.6184195312791473,1.0,,0.6313544770895047,True,,1.749774008368652,1.7400436474883731,1.749774008368652,1.7625474647238328,-0.006105660378798783,0.6184195312791473,1.0,,-1.1313544770895048,False,analytic,0,1,,pad10,1,1,False,False,,1,ok,henon,henon_loc_oracleJ:00012,10.0,1024,0.8520394250008394,,,,,,,,,
,2,0.20437530168289336,15,105936610,henon_loc_oracleJ,,,,,,,,,,,,,,,,,,,,,,,analytic,0,2,,pad10,1,1,False,False,,6,ok,henon,henon_loc_oracleJ:00013,10.0,1024,2.387229361000209,1.0,5.0,0.0007191875589568353,0.005134455637782698,1.0,0.005134455637782698,0.9758000511750563,-0.47580005117505625,True
,2,0.15328147626217,20,105936610,henon_loc_oracleJ,,0.017769656847396065,0.05397543144044892,0.017769656847396065,-0.00024091661340885917,-0.0007956080227912166,0.6491241339369007,1.0,,0.6313544770895047,True,,1.7804786110264055,1.8166843856194583,1.7804786110264055,1.7624680375656006,-0.006105660378798783,0.6491241339369007,1.0,,-1.1313544770895048,False,analytic,0,1,,pad10,1,1,False,False,,1,ok,henon,henon_loc_oracleJ:00014,10.0,1024,0.8156823289991735,,,,,,,,,
,2,0.15328147626217,20,105936610,henon_loc_oracleJ,,,,,,,,,,,,,,,,,,,,,,,analytic,0,2,,pad10,1,1,False,False,,11,ok,henon,henon_loc_oracleJ:00015,10.0,1024,2.4443332990013005,2.0,9.0,0.004490938777863218,0.0028492032381094434,1.0,0.0028492032381094434,0.9758000511750563,-0.47580005117505625,True
,2,0.10218765084144668,30,105936610,henon_loc_oracleJ,,0.010899578790022124,0.028428518730087338,0.010899578790022124,-8.559367543337082e-05,-0.0007956080227912166,0.6422540558795268,1.0,,0.6313544770895047,True,,1.7736085329690314,1.7911374729090968,1.7736085329690314,1.762623360503576,-0.006105660378798783,0.6422540558795268,1.0,,-1.1313544770895048,False,analytic,0,1,,pad10,1,1,False,False,,1,ok,henon,henon_loc_oracleJ:00016,10.0,1024,0.7820675719995052,,,,,,,,,
,2,0.10218765084144668,30,105936610,henon_loc_oracleJ,,,,,,,,,,,,,,,,,,,,,,,analytic,0,2,,pad10,1,1,False,False,,12,ok,henon,henon_loc_oracleJ:00017,10.0,1024,2.576577478999752,1.0,11.0,0.0035774729568857078,0.0017702273349125552,1.0,0.0017702273349125552,0.9758000511750563,-0.47580005117505625,True
,2,0.06812510056096445,45,105936610,henon_loc_oracleJ,,0.013972648603005955,-0.022665306690636378,-0.013972648603005955,-7.002988008264488e-06,-0.0007956080227912166,0.6173818284864987,1.0,,0.6313544770895047,True,,1.7487363055760035,1.7400436474883731,1.7487363055760035,1.7627019511910011,-0.006105660378798783,0.6173818284864987,1.0,,-1.1313544770895048,False,analytic,0,1,,pad10,1,1,False,False,,1,ok,henon,henon_loc_oracleJ:00018,10.0,1024,1.2176870990006137,,,,,,,,,
,2,0.06812510056096445,45,105936610,henon_loc_oracleJ,,,,,,,,,,,,,,,,,,,,,,,analytic,0,2,,pad10,1,1,False,False,,23,ok,henon,henon_loc_oracleJ:00019,10.0,1024,5.094282521000423,1.0,22.0,0.0005108020356349163,0.0002758971981066116,1.0,0.002872602095254473,0.9758000511750563,-0.47580005117505625,True
,2,0.05109382542072334,60,105936610,henon_loc_oracleJ,,0.001113546966172052,0.0028816060197256466,0.001113546966172052,-3.6064105794264556e-05,-0.0007956080227912166,0.6324680240556767,1.0,,0.6313544770895047,True,,1.7638225011451816,1.765590560198735,1.7638225011451816,1.7626728900732151,-0.006105660378798783,0.6324680240556767,1.0,,-1.1313544770895048,False,analytic,0,1,,pad10,1,1,False,False,,1,ok,henon,henon_loc_oracleJ:00020,10.0,1024,1.1603584450003837,,,,,,,,,
,2,0.05109382542072334,60,105936610,henon_loc_oracleJ,,,,,,,,,,,,,,,,,,,,,,,analytic,0,2,,pad10,1,1,False,False,,27,ok,henon,henon_loc_oracleJ:00021,10.0,1024,2.838799739998649,1.0,26.0,0.0012151366705023259,0.002841470455028139,1.0,0.002841470455028139,0.9758000511750563,-0.47580005117505625,True
,2,0.034062550280482225,90,105936610,henon_loc_oracleJ,,0.003427953991604449,-0.00563403155039488,-0.003427953991604449,-0.00010685533925747226,-0.0007956080227912166,0.6279265230979002,1.0,,0.6313544770895047,True,,1.7592810001874049,1.7570749226286146,1.7592810001874049,1.762602098839752,-0.006105660378798783,0.6279265230979002,1.0,,-1.1313544770895048,False,analytic,0,1,,pad10,1,1,False,False,,1,ok,henon,henon_loc_oracleJ:00022,10.0,1024,0.4990211209988047,,,,,,,,,
,2,0.034062550280482225,90,105936610,henon_loc_oracleJ,,,,,,,,,,,,,,,,,,,,,,,analytic,0,2,,pad10,1,1,False,False,,35,ok,henon,henon_loc_oracleJ:00023,10.0,1024,2.525070079998841,1.0,34.0,0.00017186873525443236,0.00019698518182970082,1.0,0.00019698518182970082,0.9758000511750563,-0.47580005117505625,True
,2,0.20448802421310283,15,197256315,henon_loc_oracleJ,,0.0073638610154614925,-0.022981910192497512,-0.0073638610154614925,-0.00020678016800290688,-0.0001682907356382879,0.6239906160740432,1.0,,0.6313544770895047,True,,1.755345093163548,1.739727043986512,1.755345093163548,1.7625021740110065,0.011132001671912528,0.6239906160740432,1.0,,-1.1313544770895048,False,analytic,0,1,,pad10,2,2,False,False,,1,ok,henon,henon_loc_oracleJ:00024,10.0,1024,0.8800258239989489,,,,,,,,,
,2,0.20448802421310283,15,197256315,henon_loc_oracleJ,,,,,,,,,,,,,,,,,,,,,,,analytic,0,2,,pad10,2,2,False,False,,5,ok,henon,henon_loc_oracleJ:00025,10.0,1024,2.4123455389999435,1.0,4.0,0.0009367425060174961,0.007155978639738603,1.0,0.007155978639738603,0.9758000511750563,-0.47580005117505625,True
,2,0.15336601815982714,20,197256315,henon_loc_oracleJ,,0.012002225484191387,0.05370109888741659,0.012002225484191387,-0.000267055968594776,-0.0001682907356382879,0.643356702573696,1.0,,0.6313544770895047,True,,1.7747111796632007,1.816410053066426,1.7747111796632007,1.7624418982104146,0.011132001671912528,0.643356702573696,1.0,,-1.1313544770895048,False,analytic,0,1,,pad10,2,2,False,False,,1,ok,henon,henon_loc_oracleJ:00026,10.0,1024,1.2573273180005344,,,,,,,,,
,2,0.15336601815982714,20,197256315,henon_loc_oracleJ,,,,,,,,,,,,,,,,,,,,,,,analytic,0,2,,pad10,2,2,False,False,,8,ok,henon,henon_loc_oracleJ:00027,10.0,1024,3.874245818000418,2.0,6.0,0.0034081779019231595,0.004324933652386176,1.0,0.004324933652386176,0.9758000511750563,-0.47580005117505625,True
,2,0.10224401210655142,30,197256315,henon_loc_oracleJ,,0.007936598142709528,0.028140095860778258,0.007936598142709528,1.268720445180005e-05,-0.0001682907356382879,0.6392910752322142,1.0,,0.6313544770895047,True,,1.770645552321719,1.7908490500397876,1.770645552321719,1.7627216413834612,0.011132001671912528,0.6392910752322142,1.0,,-1.1313544770895048,False,analytic,0,1,,pad10,2,2,False,False,,1,ok,henon,henon_loc_oracleJ:00028,10.0,1024,1.460189237999657,,,,,,,,,
,2,0.10224401210655142,30,197256315,henon_loc_oracleJ,,,,,,,,,,,,,,,,,,,,,,,analytic,0,2,,pad10,2,2,False,False,,14,ok,henon,henon_loc_oracleJ:00029,10.0,1024,2.940566848999879,2.0,12.0,0.0028155860423640933,0.0025686484288049427,1.0,0.0025686484288049427,0.9758000511750563,-0.47580005117505625,True
,2,0.06816267473770095,45,197256315,henon_loc_oracleJ,,0.009615897878496149,-0.02298191019249718,-0.009615897878496149,-7.312341521803489e-05,-0.0001682907356382879,0.6217385792110085,1.0,,0.6313544770895047,True,,1.7530930563005134,1.7397270439865122,1.7530930563005134,1.7626358307637915,0.011132001671912528,0.6217385792110085,1.0,,-1.1313544770895048,False,analytic,0,1,,pad10,2,2,False,False,,1,ok,henon,henon_loc_oracleJ:00030,10.0,1024,0.719367413999862,,,,,,,,,
,2,0.06816267473770095,45,197256315,henon_loc_oracleJ,,,,,,,,,,,,,,,,,,,,,,,analytic,0,2,,pad10,2,2,False,False,,23,ok,henon,henon_loc_oracleJ:00031,10.0,1024,2.360631902000023,2.0,21.0,0.0003455561380875105,0.001297781546204635,1.0,0.004656008380430787,0.9758000511750563,-0.47580005117505625,True
,2,0.05112200605327571,60,197256315,henon_loc_oracleJ,,0.0007278102749601612,0.002579092834140484,0.0007278102749601612,-3.9019815838980954e-05,-0.0001682907356382879,0.6320822873644648,1.0,,0.6313544770895047,True,,1.7634367644539695,1.7652880470131498,1.7634367644539695,1.7626699343631704,0.011132001671912528,0.6320822873644648,1.0,,-1.1313544770895048,False,analytic,0,1,,pad10,2,2,False,False,,1,ok,henon,henon_loc_oracleJ:00032,10.0,1024,0.6430730739994033,,,,,,,,,
,2,0.05112200605327571,60,197256315,henon_loc_oracleJ,,,,,,,,,,,,,,,,,,,,,,,analytic,0,2,,pad10,2,2,False,False,,30,ok,henon,henon_loc_oracleJ:00033,10.0,1024,2.360739552999803,2.0,28.0,0.001026342774984923,0.004077294516007579,1.0,0.004077294516007579,0.9758000511750563,-0.47580005117505625,True
,2,0.034081337368850474,90,197256315,henon_loc_oracleJ,,0.002708429890487918,-0.005941241508072181,-0.002708429890487918,-6.712624440197157e-05,-0.0001682907356382879,0.6286460471990167,1.0,,0.6313544770895047,True,,1.7600005242885215,1.7567677126709373,1.7600005242885215,1.7626418279346074,0.011132001671912528,0.6286460471990167,1.0,,-1.1313544770895048,False,analytic,0,1,,pad10,2,2,False,False,,1,ok,henon,henon_loc_oracleJ:00034,10.0,1024,0.5517524309998407,,,,,,,,,
,2,0.034081337368850474,90,197256315,henon_loc_oracleJ,,,,,,,,,,,,,,,,,,,,,,,analytic,0,2,,pad10,2,2,False,False,,39,ok,henon,henon_loc_oracleJ:00035,10.0,1024,2.848100647999672,1.0,38.0,0.00012847956353856382,0.0006390942391372167,1.0,0.0006390942391372167,0.9758000511750563,-0.47580005117505625,True
,2,0.33246382935150465,15,1961576188,henon_loc_oracleJ,,0.006630428902308361,0.06532349128699055,0.006630428902308361,-0.0016811668314792305,-0.0021149403896300045,0.9368202714368454,1.0,,0.9301898425345371,True,,0.016153029842224775,-0.09366950826775833,-0.016153029842224775,0.011275236079274276,0.005806535395096457,-1.919144651916481,2.0,,-1.9029916220742562,True,analytic,0,1,,pad10,0,0,False,False,,2,ok,skewed_henon,henon_loc_oracleJ:00036,10.0,1024,0.5373194550011249,,,,,,,,,
,2,0.33246382935150465,15,1961576188,henon_loc_oracleJ,,,,,,,,,,,,,,,,,,,,,,,analytic,0,2,,pad10,0,0,False,False,,7,ok,skewed_henon,henon_loc_oracleJ:00037,10.0,1024,2.3598657209986413,2.0,5.0,0.008244562146165646,0.006841782257648976,1.0,0.006841782257648976,1.3013844641577903,-0.5603812570665248,True
,2,0.24934787201362849,20,1961576188,henon_loc_oracleJ,,0.03290167815845568,0.10688146995592851,0.03290167815845568,-0.001383654243418242,-0.0021149403896300045,0.9630915206929928,1.0,,0.9301898425345371,True,,0.008321201589865046,-0.05211152959881993,-0.008321201589865046,0.011003258491191215,0.005806535395096457,-1.9113128236641213,2.0,,-1.9029916220742562,True,analytic,0,1,,pad10,0,0,False,False,,2,ok,skewed_henon,henon_loc_oracleJ:00038,10.0,1024,0.5240799309995055,,,,,,,,,
,2,0.24934787201362849,20,1961576188,henon_loc_oracleJ,,,,,,,,,,,,,,,,,,,,,,,analytic,0,2,,pad10,0,0,False,False,,10,ok,skewed_henon,henon_loc_oracleJ:00039,10.0,1024,2.3819628069995815,2.0,8.0,0.008436084580917158,0.0055182201572427925,1.0,0.0055182201572427925,1.3013844641577903,-0.5603812570665248,True
,2,0.16623191467575232,30,1961576188,henon_loc_oracleJ,,0.010536341058121734,-0.01779246605088558,-0.010536341058121734,-0.0018091655376447635,-0.0021149403896300045,0.9196535014764153,1.0,,0.9301898425345371,True,,0.0011120550168415289,-0.010553550929881972,0.0011120550168415289,0.011085969897386638,0.005806535395096457,-1.9018795670574147,2.0,,-1.9029916220742562,True,analytic,0,1,,pad10,0,0,False,False,,2,ok,skewed_henon,henon_loc_oracleJ:00040,10.0,1024,0.5047547859994665,,,,,,,,,
,2,0.16623191467575232,30,1961576188,henon_loc_oracleJ,,,,,,,,,,,,,,,,,,,,,,,analytic,0,2,,pad10,0,0,False,False,,16,ok,skewed_henon,henon_loc_oracleJ:00041,10.0,1024,2.5514371789995494,3.0,13.0,0.00015774006310809163,0.008010457609045618,1.0,0.008010457609045618,1.3013844641577903,-0.5603812570665248,True
,2,0.11082127645050155,45,1961576188,henon_loc_oracleJ,,0.025835882025702417,-0.045497785163510884,-0.025835882025702417,-0.0017322543977182914,-0.0021149403896300045,0.9043539605088347,1.0,,0.9301898425345371,True,,0.010840021099930652,0.017151768182743554,0.010840021099930652,0.010840021099930652,0.005806535395096457,-1.8921516009743256,2.0,,-1.9029916220742562,True,analytic,0,1,,pad10,0,0,False,False,,2,ok,skewed_henon,henon_loc_oracleJ:00042,10.0,1024,0.8169933399985894,,,,,,,,,
,2,0.11082127645050155,45,1961576188,henon_loc_oracleJ,,,,,,,,,,,,,,,,,,,,,,,analytic,0,2,,pad10,0,0,False,False,,25,ok,skewed_henon,henon_loc_oracleJ:00043,10.0,1024,4.315505544000189,2.0,23.0,0.0026139774425076867,0.004232896008936504,1.0,0.0043367004539778264,1.3013844641577903,-0.5603812570665248,True
,2,0.08311595733787616,60,1961576188,henon_loc_oracleJ,,0.01175347620654943,0.023765512618052265,0.01175347620654943,-0.0015450769675107168,-0.0021149403896300045,0.9419433187410865,1.0,,0.9301898425345371,True,,0.01949990221708231,0.031004427739056206,0.01949990221708231,0.010980516589949918,0.005806535395096457,-1.883491719857174,2.0,,-1.9029916220742562,True,analytic,0,1,,pad10,0,0,False,False,,2,ok,skewed_henon,henon_loc_oracleJ:00044,10.0,1024,0.7958085009995557,,,,,,,,,
,2,0.08311595733787616,60,1961576188,henon_loc_oracleJ,,,,,,,,,,,,,,,,,,,,,,,analytic,0,2,,pad10,0,0,False,False,,37,ok,skewed_henon,henon_loc_oracleJ:00045,10.0,1024,2.7203790329986077,2.0,35.0,0.00465884250749915,0.00039387542661051267,1.0,0.00039387542661051267,1.3013844641577903,-0.5603812570665248,True
,2,0.055410638225250775,90,1961576188,henon_loc_oracleJ,,0.012165148655573721,-0.01779246605088569,-0.012165148655573721,-0.0016371273927761054,-0.0021149403896300045,0.9180246938789633,1.0,,0.9301898425345371,True,,0.0043883895750693735,-0.010553550929881972,-0.0043883895750693735,0.010849535936874544,0.005806535395096457,-1.9073800116493256,2.0,,-1.9029916220742562,True,analytic,0,1,,pad10,0,0,False,False,,2,ok,skewed_henon,henon_loc_oracleJ:00046,10.0,1024,0.3932246619988291,,,,,,,,,
,2,0.055410638225250775,90,1961576188,henon_loc_oracleJ,,,,,,,,,,,,,,,,,,,,,,,analytic,0,2,,pad10,0,0,False,False,,56,ok,skewed_henon,henon_loc_oracleJ:00047,10.0,1024,2.4147263029990427,2.0,54.0,0.0018843652438482739,0.0040555426848243314,1.0,0.0040555426848243314,1.3013844641577903,-0.5603812570665248,True
,2,0.3320287176631682,15,2479861447,henon_loc_oracleJ,,0.007522283195743329,0.06525548638882761,0.007522283195743329,5.163704832200633e-05,-0.0022636533761429822,0.9377121257302804,1.0,,0.9301898425345371,True,,2.8407037478045365,2.898436950997621,2.8407037478045365,2.8332331016571155,0.009332164846819868,0.9377121257302804,1.0,,-1.9029916220742562,False,analytic,0,1,,pad10,1,1,False,False,,1,ok,skewed_henon,henon_loc_oracleJ:00048,10.0,1024,0.6856322769999679,,,,,,,,,
,2,0.3320287176631682,15,2479861447,henon_loc_oracleJ,,,,,,,,,,,,,,,,,,,,,,,analytic,0,2,,pad10,1,1,False,False,,8,ok,skewed_henon,henon_loc_oracleJ:00049,10.0,1024,2.3671899080000003,2.0,6.0,0.012238917068124633,0.008817739494406784,1.0,0.008817739494406784,1.3013844641577903,-0.5603812570665248,True
,2,0.24902153824737616,20,2479861447,henon_loc_oracleJ,,0.042833640995490585,0.10675907609672353,0.042833640995490585,-0.00012257435218177015,-0.0022636533761429822,0.9730234835300277,1.0,,0.9301898425345371,True,,0.01037381743731669,-0.04831791826299714,-0.01037381743731669,0.01701855176989464,0.009332164846819868,-1.913365439511573,2.0,,-1.9029916220742562,True,analytic,0,1,,pad10,1,1,False,False,,2,ok,skewed_henon,henon_loc_oracleJ:00050,10.0,1024,0.5092470370000228,,,,,,,,,
,2,0.24902153824737616,20,2479861447,henon_loc_oracleJ,,,,,,,,,,,,,,,,,,,,,,,analytic,0,2,,pad10,1,1,False,False,,10,ok,skewed_henon,henon_loc_oracleJ:00051,10.0,1024,2.296228840999902,2.0,8.0,0.01401602293507509,0.010137713983150887,1.0,0.010137713983150887,1.3013844641577903,-0.5603812570665248,True
,2,0.1660143588315841,30,2479861447,henon_loc_oracleJ,,0.015713384037860267,-0.017751693026964444,-0.015713384037860267,5.798005114010518e-05,-0.0022636533761429822,0.9144764584966768,1.0,,0.9301898425345371,True,,0.002880800558327179,-0.006814328555101001,0.002880800558327179,0.017407056956090683,0.009332164846819868,-1.900110821515929,2.0,,-1.9029916220742562,True,analytic,0,1,,pad10,1,1,False,False,,2,ok,skewed_henon,henon_loc_oracleJ:00052,10.0,1024,0.47729301399886026,,,,,,,,,
,2,0.1660143588315841,30,2479861447,henon_loc_oracleJ,,,,,,,,,,,,,,,,,,,,,,,analytic,0,2,,pad10,1,1,False,False,,14,ok,skewed_henon,henon_loc_oracleJ:00053,10.0,1024,2.7148733789999824,2.0,12.0,0.0008587321368347389,0.009343823241947269,1.0,0.013044612585371596,1.3013844641577903,-0.5603812570665248,True
,2,0.11067623922105607,45,2479861447,henon_loc_oracleJ,,0.03226497228685543,-0.04542075283222846,-0.03226497228685543,0.00010782768530348541,-0.0022636533761429822,0.8979248702476816,1.0,,0.9301898425345371,True,,0.018332902834078846,0.020854731250163017,0.018332902834078846,0.01722614044186832,0.009332164846819868,-1.8846587192401774,2.0,,-1.9029916220742562,True,analytic,0,1,,pad10,1,1,False,False,,2,ok,skewed_henon,henon_loc_oracleJ:00054,10.0,1024,0.7937519000006432,,,,,,,,,
,2,0.11067623922105607,45,2479861447,henon_loc_oracleJ,,,,,,,,,,,,,,,,,,,,,,,analytic,0,2,,pad10,1,1,False,False,,31,ok,skewed_henon,henon_loc_oracleJ:00055,10.0,1024,3.8089809129996866,2.0,29.0,0.017963958999002716,0.007442868814497183,1.0,0.008392966881829889,1.3013844641577903,-0.5603812570665248,True
,2,0.08300717941579205,60,2479861447,henon_loc_oracleJ,,0.01360313040746819,0.02375189668093136,0.01360313040746819,0.00011446375240198314,-0.0022636533761429822,0.9437929729420053,1.0,,0.9301898425345371,True,,0.02803150960304679,0.03468926115279514,0.02803150960304679,0.01724057627899378,0.009332164846819868,-1.8749601124712094,2.0,,-1.9029916220742562,True,analytic,0,1,,pad10,1,1,False,False,,2,ok,skewed_henon,henon_loc_oracleJ:00056,10.0,1024,0.6863982949998899,,,,,,,,,
,2,0.08300717941579205,60,2479861447,henon_loc_oracleJ,,,,,,,,,,,,,,,,,,,,,,,analytic,0,2,,pad10,1,1,False,False,,42,ok,skewed_henon,henon_loc_oracleJ:00057,10.0,1024,2.837087382000391,2.0,40.0,0.006790766536009518,0.0034004809964148786,1.0,0.0034004809964148786,1.3013844641577903,-0.5603812570665248,True
,2,0.055338119610528036,90,2479861447,henon_loc_oracleJ,,0.014257898118399726,-0.017751693026964444,-0.014257898118399726,0.00013001298033754605,-0.0022636533761429822,0.9159319444161373,1.0,,0.9301898425345371,True,,0.0015550722037431797,-0.006814328555101001,-0.0015550722037431797,0.017259888463836415,0.009332164846819868,-1.9045466942779994,2.0,,-1.9029916220742562,True,analytic,0,1,,pad10,1,1,False,False,,3,ok,skewed_henon,henon_loc_oracleJ:00058,10.0,1024,0.41658328599987726,,,,,,,,,
,2,0.055338119610528036,90,2479861447,henon_loc_oracleJ,,,,,,,,,,,,,,,,,,,,,,,analytic,0,2,,pad10,1,1,False,False,,57,ok,skewed_henon,henon_loc_oracleJ:00059,10.0,1024,2.4664120830002503,2.0,55.0,0.003412615701763766,0.009487790886919756,1.0,0.009487790886919756,1.3013844641577903,-0.5603812570665248,True
,2,0.3324843622975115,15,2601622717,henon_loc_oracleJ,,0.005653684248974056,0.06548311111929939,0.005653684248974056,-0.0001647920912323242,-0.002717834808007691,0.9358435267835111,1.0,,0.9301898425345371,True,,0.019168007915489005,-0.09369468494951083,-0.019168007915489005,0.020730115560212425,0.003759890898664686,-1.9221596299897452,2.0,,-1.9029916220742562,True,analytic,0,1,,pad10,2,2,False,False,,2,ok,skewed_henon,henon_loc_oracleJ:00060,10.0,1024,0.5791842409998935,,,,,,,,,
,2,0.3324843622975115,15,2601622717,henon_loc_oracleJ,,,,,,,,,,,,,,,,,,,,,,,analytic,0,2,,pad10,2,2,False,False,,7,ok,skewed_henon,henon_loc_oracleJ:00061,10.0,1024,2.296209967998948,2.0,5.0,0.010538085228080418,0.009443277838136255,1.0,0.009443277838136255,1.3013844641577903,-0.5603812570665248,True
,2,0.24936327172313363,20,2601622717,henon_loc_oracleJ,,0.03891839476799652,0.10704365640648839,0.03891839476799652,0.00026708765091087994,-0.002717834808007691,0.9691082373025336,1.0,,0.9301898425345371,True,,0.00995761336310852,-0.052134139662322276,-0.00995761336310852,0.020589387422975225,0.003759890898664686,-1.9129492354373647,2.0,,-1.9029916220742562,True,analytic,0,1,,pad10,2,2,False,False,,2,ok,skewed_henon,henon_loc_oracleJ:00062,10.0,1024,0.5277235349985858,,,,,,,,,
,2,0.24936327172313363,20,2601622717,henon_loc_oracleJ,,,,,,,,,,,,,,,,,,,,,,,analytic,0,2,,pad10,2,2,False,False,,9,ok,skewed_henon,henon_loc_oracleJ:00063,10.0,1024,2.3583903460003057,2.0,7.0,0.012634956049229817,0.017599169279781224,1.0,0.017599169279781224,1.3013844641577903,-0.5603812570665248,True
,2,0.16624218114875575,30,2601622717,henon_loc_oracleJ,,0.014551163027529346,-0.0176379794550785,-0.014551163027529346,0.00041063327585866283,-0.002717834808007691,0.9156386795070077,1.0,,0.9301898425345371,True,,0.0005510732316620359,-0.010573594375133277,-0.0005510732316620359,0.020644804864804245,0.003759890898664686,-1.9035426953059182,2.0,,-1.9029916220742562,True,analytic,0,1,,pad10,2,2,False,False,,2,ok,skewed_henon,henon_loc_oracleJ:00064,10.0,1024,0.48521785699995235,,,,,,,,,
,2,0.16624218114875575,30,2601622717,henon_loc_oracleJ,,,,,,,,,,,,,,,,,,,,,,,analytic,0,2,,pad10,2,2,False,False,,15,ok,skewed_henon,henon_loc_oracleJ:00065,10.0,1024,2.724323390000791,2.0,13.0,0.0006054553480624447,0.014249860667878034,1.0,0.014249860667878034,1.3013844641577903,-0.5603812570665248,True
,2,0.11082812076583717,45,2601622717,henon_loc_oracleJ,,0.03011613969798166,-0.04534500964653776,-0.03011613969798166,0.0003615935126235481,-0.002717834808007691,0.9000737028365554,1.0,,0.9301898425345371,True,,0.00939980925057915,0.017133435816326203,0.00939980925057915,0.020759691629077537,0.003759890898664686,-1.893591812823677,2.0,,-1.9029916220742562,True,analytic,0,1,,pad10,2,2,False,False,,2,ok,skewed_henon,henon_loc_oracleJ:00066,10.0,1024,0.7830604760001734,,,,,,,,,
,2,0.11082812076583717,45,2601622717,henon_loc_oracleJ,,,,,,,,,,,,,,,,,,,,,,,analytic,0,2,,pad10,2,2,False,False,,28,ok,skewed_henon,henon_loc_oracleJ:00067,10.0,1024,4.271516162998523,2.0,26.0,0.01688129714366393,0.012731378608902277,1.0,0.012731378608902277,1.3013844641577903,-0.5603812570665248,True
,2,0.08312109057437787,60,2601622717,henon_loc_oracleJ,,0.013024722633145691,0.023922565832110054,0.013024722633145691,0.0001409535941171436,-0.002717834808007691,0.9432145651676828,1.0,,0.9301898425345371,True,,0.01962755849580322,0.030986950912055944,0.01962755849580322,0.020666572127983063,0.003759890898664686,-1.883364063578453,2.0,,-1.9029916220742562,True,analytic,0,1,,pad10,2,2,False,False,,2,ok,skewed_henon,henon_loc_oracleJ:00068,10.0,1024,0.8216880410000158,,,,,,,,,
,2,0.08312109057437787,60,2601622717,henon_loc_oracleJ,,,,,,,,,,,,,,,,,,,,,,,analytic,0,2,,pad10,2,2,False,False,,38,ok,skewed_henon,henon_loc_oracleJ:00069,10.0,1024,2.5513946230003057,2.0,36.0,0.006576870180541428,0.0013465628560196397,1.0,0.0013465628560196397,1.3013844641577903,-0.5603812570665248,True
,2,0.05541406038291859,90,2601622717,henon_loc_oracleJ,,0.013783870683625188,-0.017637979455078612,-0.013783870683625188,0.0002081795630617389,-0.002717834808007691,0.9164059718509119,1.0,,0.9301898425345371,True,,0.006508983603213947,-0.010573594375133055,-0.006508983603213947,0.020643905984416122,0.003759890898664686,-1.9095006056774702,2.0,,-1.9029916220742562,True,analytic,0,1,,pad10,2,2,False,False,,2,ok,skewed_henon,henon_loc_oracleJ:00070,10.0,1024,0.369769382999948,,,,,,,,,
,2,0.05541406038291859,90,2601622717,henon_loc_oracleJ,,,,,,,,,,,,,,,,,,,,,,,analytic,0,2,,pad10,2,2,False,False,,54,ok,skewed_henon,henon_loc_oracleJ:00071,10.0,1024,2.407659008000337,2.0,52.0,0.01185062614927379,0.013579372143861623,1.0,0.013579372143861623,1.3013844641577903,-0.5603812570665248,True
