J_W,J_W0,W,W0,algo_random_seed,coverage_radius,data_seed,embedding_dimension,embedding_not_saturated,experiment,map_mode,n_embedded_points,n_in_tube,n_runtime_warnings,n_surrogates_requested,n_surrogates_used,oracle_dimension,p_value_finite,peak_threshold,period1_status,rJ,seed,signal_mean,signal_std,significance_assessed,significance_not_assessed_reason,significance_requested,significant_peak_count,significant_peak_coverage,significant_peaks_per_point,snr_db,source_faithful_map,source_peak_count,source_peak_coverage,source_peaks_per_point,source_rJ,source_stability_available_count,source_stability_unstable_count,surrogates,system,task_id,upo_failure,upo_no_peak_status,upo_significance_status,upo_status,upo_tau,variant,verification_assessed,verification_failed_count,verification_gated_count,verified_unstable_count,verified_unstable_coverage,verified_unstable_per_point,window_length,runtime_s
0.0,0.5,5144.4,528.41,20260823,0.03144190849941747,1949141757,1,False,oracle_dim,one_sample,256,21181,0,50,50,1,0.0196078431372549,645.8920770024349,ok,9.735621960220284,0,0.5045120837424588,0.35191512060372365,True,,True,2.0,0.16,0.0078125,,True,2.0,0.16,0.0078125,9.735621960220284,2.0,2.0,50,logistic,oracle_dim:00000,False,False,assessed,ok,1,,True,1.0,1.0,1.0,0.105,0.00390625,256,8.487680347001515
0.0,0.48,5302.76,473.22,20260823,0.03419720831567377,1652537900,1,False,oracle_dim,one_sample,256,21389,0,50,50,1,0.0196078431372549,647.949120519708,ok,11.205697138751532,1,0.4970143639040308,0.35534225087337623,True,,True,2.0,0.185,0.0078125,,True,2.0,0.185,0.0078125,11.205697138751532,2.0,2.0,50,logistic,oracle_dim:00001,False,False,assessed,ok,1,,True,1.0,1.0,1.0,0.13,0.00390625,256,5.253494266999041
0.0,0.5,4745.28,487.03000000000003,20260823,0.03431051106716995,292278060,1,False,oracle_dim,one_sample,256,21745,0,50,50,1,0.0196078431372549,587.3452355340361,ok,9.743301234010223,2,0.46574693414237245,0.3638037286337183,True,,True,2.0,0.15,0.0078125,,True,2.0,0.15,0.0078125,9.743301234010223,2.0,2.0,50,logistic,oracle_dim:00002,False,False,assessed,ok,1,,True,1.0,1.0,1.0,0.11,0.00390625,256,5.353132109999933
0.0,0.5,4292.76,467.21,20260823,0.0284966871947559,1341124623,1,False,oracle_dim,one_sample,256,21309,0,50,50,1,0.0196078431372549,633.8886833470174,ok,9.188073885404851,3,0.4584166412783344,0.36536853478661335,True,,True,2.0,0.155,0.0078125,,True,2.0,0.155,0.0078125,9.188073885404851,2.0,2.0,50,logistic,oracle_dim:00003,False,False,assessed,ok,1,,True,1.0,1.0,1.0,0.115,0.00390625,256,6.424544251000043
0.0,0.5,5143.32,461.0,20260823,0.03152690426453983,3611326506,1,False,oracle_dim,one_sample,256,21216,0,50,50,1,0.0196078431372549,710.687587739909,ok,11.156876355748372,4,0.4931282413270283,0.35521505827648336,True,,True,2.0,0.135,0.0078125,,True,2.0,0.135,0.0078125,11.156876355748372,2.0,2.0,50,logistic,oracle_dim:00004,False,False,assessed,ok,1,,True,1.0,1.0,1.0,0.11,0.00390625,256,7.142977331999646
0.0,0.5,5365.9400000000005,559.55,20260823,0.029960261107387476,2937350216,1,False,oracle_dim,one_sample,256,21215,0,50,50,1,0.0196078431372549,719.5898090492565,ok,9.589741756768834,5,0.5220463263472181,0.34487478185791914,True,,True,2.0,0.13,0.0078125,,True,2.0,0.13,0.0078125,9.589741756768834,2.0,2.0,50,logistic,oracle_dim:00005,False,False,assessed,ok,1,,True,1.0,1.0,1.0,0.075,0.00390625,256,7.596189523001158
0.0,0.5,6198.0,521.52,20260823,0.03286035602883725,2625739459,1,False,oracle_dim,one_sample,256,21343,0,50,50,1,0.0196078431372549,642.599031595288,ok,11.884491486424299,6,0.5277029648775322,0.34198680690114075,True,,True,2.0,0.11,0.0078125,,True,2.0,0.11,0.0078125,11.884491486424299,2.0,2.0,50,logistic,oracle_dim:00006,False,False,assessed,ok,1,,True,1.0,1.0,1.0,0.07,0.00390625,256,7.186389579999741
0.0,0.5,6004.3,546.88,20260823,0.03077207124829341,3175003209,1,False,oracle_dim,one_sample,256,21726,0,50,50,1,0.0196078431372549,639.6631930306343,ok,10.979191047396139,7,0.5101759034752217,0.3499812320418511,True,,True,2.0,0.17,0.0078125,,True,2.0,0.17,0.0078125,10.979191047396139,2.0,2.0,50,logistic,oracle_dim:00007,False,False,assessed,ok,1,,True,1.0,1.0,1.0,0.115,0.00390625,256,5.311434703999112
0.0,0.5,5268.92,432.70000000000005,20260823,0.032626091478052094,855530592,1,False,oracle_dim,one_sample,256,21731,0,50,50,1,0.0196078431372549,533.5541222789398,ok,12.176843078345273,8,0.5052972843494565,0.3520818457014146,True,,True,2.0,0.215,0.0078125,,True,2.0,0.215,0.0078125,12.176843078345273,2.0,2.0,50,logistic,oracle_dim:00008,False,False,assessed,ok,1,,True,1.0,1.0,1.0,0.12,0.00390625,256,5.391276543001368
0.0,0.5,5306.3,549.64,20260823,0.0327441473240202,1137966784,1,False,oracle_dim,one_sample,256,21174,0,50,50,1,0.0196078431372549,777.4331119186272,ok,9.654137253475003,9,0.5128953576299096,0.3481558831400561,True,,True,2.0,0.12,0.0078125,,True,2.0,0.12,0.0078125,9.654137253475003,2.0,2.0,50,logistic,oracle_dim:00009,False,False,assessed,ok,1,,True,1.0,1.0,1.0,0.08,0.00390625,256,6.957406258999981
0.0,0.5,5584.0,504.4,20260823,0.0358845760343821,155083518,1,False,oracle_dim,one_sample,256,21392,0,50,50,1,0.0196078431372549,593.2989348869698,ok,11.070578905630452,10,0.5101262331766295,0.34847902882144616,True,,True,2.0,0.17,0.0078125,,True,2.0,0.17,0.0078125,11.070578905630452,2.0,2.0,50,logistic,oracle_dim:00010,False,False,assessed,ok,1,,True,1.0,1.0,1.0,0.11,0.00390625,256,8.079864853998515
0.0,0.5,5153.98,450.89,20260823,0.029822598915240747,1643540681,1,False,oracle_dim,one_sample,256,21517,0,50,50,1,0.0196078431372549,614.3988644373359,ok,11.430681540952339,11,0.4885366808137147,0.35740624226202594,True,,True,2.0,0.175,0.0078125,,True,2.0,0.175,0.0078125,11.430681540952339,2.0,2.0,50,logistic,oracle_dim:00011,False,False,assessed,ok,1,,True,1.0,1.0,1.0,0.15,0.00390625,256,7.217961571999695
0.0,0.5,5876.04,434.57000000000005,20260823,0.033889791434380756,1760545983,1,False,oracle_dim,one_sample,256,21520,0,50,50,1,0.0196078431372549,613.6446972205604,ok,13.52150401546356,12,0.5090666934611214,0.34906328815746257,True,,True,2.0,0.175,0.0078125,,True,2.0,0.175,0.0078125,13.52150401546356,2.0,2.0,50,logistic,oracle_dim:00012,False,False,assessed,ok,1,,True,1.0,1.0,1.0,0.12,0.00390625,256,6.189617696998539
0.0,0.5,5563.72,493.49,20260823,0.029568309687680427,1200119167,1,False,oracle_dim,one_sample,256,21543,0,50,50,1,0.0196078431372549,627.1240360821292,ok,11.274230480860808,13,0.47753034735954225,0.3610260424795139,True,,True,2.0,0.175,0.0078125,,True,2.0,0.175,0.0078125,11.274230480860808,2.0,2.0,50,logistic,oracle_dim:00013,False,False,assessed,ok,1,,True,1.0,1.0,1.0,0.16,0.00390625,256,5.23858115999974
0.0,0.5,4854.38,513.1400000000001,20260823,0.03348696974340759,1080202061,1,False,oracle_dim,one_sample,256,21122,0,50,50,1,0.0196078431372549,735.8049219460624,ok,9.460147328214521,14,0.4858763175684304,0.35734700160361405,True,,True,2.0,0.15,0.0078125,,True,2.0,0.15,0.0078125,9.460147328214521,2.0,2.0,50,logistic,oracle_dim:00014,False,False,assessed,ok,1,,True,1.0,1.0,1.0,0.11,0.00390625,256,5.375848927000334
0.0,0.5,4710.5,518.52,20260823,0.03347926767897648,3156448767,1,False,oracle_dim,one_sample,256,21608,0,50,50,1,0.0196078431372549,704.3376383386201,ok,9.084509758543547,15,0.46731483272093116,0.3634627847325097,True,,True,2.0,0.185,0.0078125,,True,2.0,0.185,0.0078125,9.084509758543547,2.0,2.0,50,logistic,oracle_dim:00015,False,False,assessed,ok,1,,True,1.0,1.0,1.0,0.155,0.00390625,256,7.690906313000596
0.0,0.5,3829.8,455.0,20260823,0.02166559544307506,1458145094,1,False,oracle_dim,one_sample,256,21829,0,50,50,1,0.0196078431372549,602.4375286944289,ok,8.417142857142858,16,0.40482369802348894,0.372596880798331,True,,True,2.0,0.23,0.0078125,,True,2.0,0.23,0.0078125,8.417142857142858,2.0,2.0,50,logistic,oracle_dim:00016,False,False,assessed,ok,1,,True,1.0,1.0,1.0,0.205,0.00390625,256,8.536298805000115
0.0,0.5,4371.68,459.25999999999993,20260823,0.028512231631596233,842987019,1,False,oracle_dim,one_sample,256,21346,0,50,50,1,0.0196078431372549,788.5148712436405,ok,9.518965291991467,17,0.48002424016175105,0.3587273801560719,True,,True,2.0,0.135,0.0078125,,True,2.0,0.135,0.0078125,9.518965291991467,2.0,2.0,50,logistic,oracle_dim:00017,False,False,assessed,ok,1,,True,1.0,1.0,1.0,0.105,0.00390625,256,6.730158114000005
0.0,0.5,5361.1,602.5,20260823,0.030961676911818725,3573163102,1,False,oracle_dim,one_sample,256,21088,0,50,50,1,0.0196078431372549,666.6746784971688,ok,8.898091286307055,18,0.5223098082156662,0.3437921009227581,True,,True,2.0,0.105,0.0078125,,True,2.0,0.105,0.0078125,8.898091286307055,2.0,2.0,50,logistic,oracle_dim:00018,False,False,assessed,ok,1,,True,1.0,1.0,1.0,0.06,0.00390625,256,5.601627582000219
0.0,0.5,5597.7,527.7,20260823,0.033557518636842254,368305781,1,False,oracle_dim,one_sample,256,21140,0,50,50,1,0.0196078431372549,698.7288103595487,ok,10.607731665719157,19,0.519767685276729,0.34549456342360463,True,,True,2.0,0.105,0.0078125,,True,2.0,0.105,0.0078125,10.607731665719157,2.0,2.0,50,logistic,oracle_dim:00019,False,False,assessed,ok,1,,True,1.0,1.0,1.0,0.08,0.00390625,256,5.21815346800031
0.0,0.5,6618.4400000000005,489.63,20260823,0.030832484592785814,745135004,1,False,oracle_dim,one_sample,256,21738,0,50,50,1,0.0196078431372549,510.1111834477797,ok,13.517227294079204,20,0.526586402965344,0.3425358154027492,True,,True,2.0,0.2,0.0078125,,True,2.0,0.2,0.0078125,13.517227294079204,2.0,2.0,50,logistic,oracle_dim:00020,False,False,assessed,ok,1,,True,1.0,1.0,1.0,0.115,0.00390625,256,5.523490339999626
0.0,0.5,5579.08,517.6800000000001,20260823,0.032297617320554445,2237865140,1,False,oracle_dim,one_sample,256,21793,0,50,50,1,0.0196078431372549,547.5660328523272,ok,10.777082367485704,21,0.5070597103813786,0.35107835882543836,True,,True,2.0,0.235,0.0078125,,True,2.0,0.235,0.0078125,10.777082367485704,2.0,2.0,50,logistic,oracle_dim:00021,False,False,assessed,ok,1,,True,0.0,2.0,2.0,0.235,0.0078125,256,8.406058779999512
0.0,0.5,5175.98,539.76,20260823,0.03509115469367016,407955920,1,False,oracle_dim,one_sample,256,21452,0,50,50,1,0.0196078431372549,700.4980484937314,ok,9.589410108196235,22,0.5003550250033446,0.35396774853180957,True,,True,2.0,0.2,0.0078125,,True,2.0,0.2,0.0078125,9.589410108196235,2.0,2.0,50,logistic,oracle_dim:00022,False,False,assessed,ok,1,,True,1.0,1.0,1.0,0.135,0.00390625,256,8.654981002999193
0.0,0.5,6165.06,544.87,20260823,0.03000903579886111,4003317703,1,False,oracle_dim,one_sample,256,21391,0,50,50,1,0.0196078431372549,551.4026935148216,ok,11.31473562501147,23,0.5154442593814046,0.3464172573764943,True,,True,2.0,0.155,0.0078125,,True,2.0,0.155,0.0078125,11.31473562501147,2.0,2.0,50,logistic,oracle_dim:00023,False,False,assessed,ok,1,,True,1.0,1.0,1.0,0.12,0.00390625,256,5.89941341300073
0.0,0.5,4694.04,566.3299999999999,20260823,0.030923435089283996,2713073067,1,False,oracle_dim,one_sample,256,21303,0,50,50,1,0.0196078431372549,628.3004365154028,ok,8.288524358589516,24,0.4629618974538492,0.36357649147172394,True,,True,2.0,0.17,0.0078125,,True,2.0,0.17,0.0078125,8.288524358589516,2.0,2.0,50,logistic,oracle_dim:00024,False,False,assessed,ok,1,,True,1.0,1.0,1.0,0.145,0.00390625,256,5.3361846869993315
0.0,0.5,4671.139999999999,538.9699999999999,20260823,0.030369634576308646,165118891,1,False,oracle_dim,one_sample,256,21414,0,50,50,1,0.0196078431372549,588.3264629039908,ok,8.666790359389205,25,0.5100345598037747,0.3498429543804035,True,,True,2.0,0.23,0.0078125,,True,2.0,0.23,0.0078125,8.666790359389205,2.0,2.0,50,logistic,oracle_dim:00025,False,False,assessed,ok,1,,True,1.0,1.0,1.0,0.125,0.00390625,256,5.3202306029998
0.0,0.5,5487.34,485.76,20260823,0.03738564267518235,2921005077,1,False,oracle_dim,one_sample,256,21605,0,50,50,1,0.0196078431372549,644.8436044020083,ok,11.296401515151516,26,0.48665228691701146,0.3592459633154786,True,,True,2.0,0.21,0.0078125,,True,2.0,0.21,0.0078125,11.296401515151516,2.0,2.0,50,logistic,oracle_dim:00026,False,False,assessed,ok,1,,True,1.0,1.0,1.0,0.145,0.00390625,256,6.22191614500116
0.0,0.5,5253.3,491.31999999999994,20260823,0.035597431855867806,1518783019,1,False,oracle_dim,one_sample,256,21444,0,50,50,1,0.0196078431372549,629.0075459325969,ok,10.692216885125786,27,0.5109158856439429,0.3488688307883876,True,,True,2.0,0.19,0.0078125,,True,2.0,0.19,0.0078125,10.692216885125786,2.0,2.0,50,logistic,oracle_dim:00027,False,False,assessed,ok,1,,True,1.0,1.0,1.0,0.13,0.00390625,256,8.923692198000936
0.0,0.5,4856.4400000000005,497.94000000000005,20260823,0.034214795444143596,2556668425,1,False,oracle_dim,one_sample,256,21440,0,50,50,1,0.0196078431372549,636.2184386448652,ok,9.753062617986103,28,0.4746876005863097,0.36159018451221925,True,,True,2.0,0.195,0.0078125,,True,2.0,0.195,0.0078125,9.753062617986103,2.0,2.0,50,logistic,oracle_dim:00028,False,False,assessed,ok,1,,True,1.0,1.0,1.0,0.145,0.00390625,256,7.923764701001346
0.0,0.5,4616.72,497.97999999999996,20260823,0.029631143138650444,4188589604,1,False,oracle_dim,one_sample,256,21381,0,50,50,1,0.0196078431372549,661.2704527643712,ok,9.270894413430259,29,0.48948539713483324,0.35584688462567443,True,,True,2.0,0.14,0.0078125,,True,2.0,0.14,0.0078125,9.270894413430259,2.0,2.0,50,logistic,oracle_dim:00029,False,False,assessed,ok,1,,True,1.0,1.0,1.0,0.11,0.00390625,256,5.232884096998532
0.0,0.48,982.26,160.84,20260823,0.10005591572843728,493659376,2,False,oracle_dim,one_sample,255,2500,0,50,50,2,0.0196078431372549,38.14179505610346,ok,6.107062919671724,0,0.26445474078243325,0.7185357572222877,True,,True,1.0,0.145,0.00392156862745098,,True,1.0,0.145,0.00392156862745098,6.107062919671724,1.0,1.0,50,henon,oracle_dim:00030,False,False,assessed,ok,1,,True,1.0,0.0,0.0,0.0,0.0,256,6.790149726999516
0.0,0.5,1438.94,165.73000000000002,20260823,0.10868186573646954,216778323,2,False,oracle_dim,one_sample,255,2520,0,50,50,2,0.0196078431372549,31.449505218085214,ok,8.682435286309056,1,0.2527486479696773,0.7223541927573707,True,,True,1.0,0.155,0.00392156862745098,,True,1.0,0.155,0.00392156862745098,8.682435286309056,1.0,1.0,50,henon,oracle_dim:00031,False,False,assessed,ok,1,,True,0.0,1.0,1.0,0.155,0.00392156862745098,256,8.245489663000626
0.0,0.5,941.6,156.24,20260823,0.0975927828032439,378400350,2,False,oracle_dim,one_sample,255,2500,0,50,50,2,0.0196078431372549,41.7484419328947,ok,6.026625704045059,2,0.24984904705355496,0.7265451466103804,True,,True,1.0,0.13,0.00392156862745098,,True,1.0,0.13,0.00392156862745098,6.026625704045059,1.0,1.0,50,henon,oracle_dim:00032,False,False,assessed,ok,1,,True,1.0,0.0,0.0,0.0,0.0,256,9.817299085998457
0.0,0.5,714.26,146.82999999999998,20260823,0.09923651515485335,1663362928,2,False,oracle_dim,one_sample,255,2494,0,50,50,2,0.0196078431372549,58.964430207588876,ok,4.864537219914187,3,0.2665077431498841,0.7160010131097019,True,,True,1.0,0.095,0.00392156862745098,,True,1.0,0.095,0.00392156862745098,4.864537219914187,1.0,1.0,50,henon,oracle_dim:00033,False,False,assessed,ok,1,,True,1.0,0.0,0.0,0.0,0.0,256,9.097512352000194
0.0,0.5,797.8,154.32999999999998,20260823,0.10053410595974047,1537020589,2,False,oracle_dim,one_sample,255,2495,0,50,50,2,0.0196078431372549,33.980762738522586,ok,5.169442104581092,4,0.27326953666795517,0.7119034544832478,True,,True,1.0,0.095,0.00392156862745098,,True,1.0,0.095,0.00392156862745098,5.169442104581092,1.0,1.0,50,henon,oracle_dim:00034,False,False,assessed,ok,1,,True,1.0,0.0,0.0,0.0,0.0,256,7.176199530998929
0.0,0.5,753.14,153.86,20260823,0.09547570729595108,1462996361,2,False,oracle_dim,one_sample,255,2496,0,50,50,2,0.0196078431372549,44.23665796481174,ok,4.894969452749252,5,0.2691515922049937,0.712861049268508,True,,True,1.0,0.075,0.00392156862745098,,True,1.0,0.075,0.00392156862745098,4.894969452749252,1.0,1.0,50,henon,oracle_dim:00035,False,False,assessed,ok,1,,True,1.0,0.0,0.0,0.0,0.0,256,6.98070851599914
0.0,0.5,808.88,157.3,20260823,0.10125562737720092,1666659224,2,False,oracle_dim,one_sample,255,2486,0,50,50,2,0.0196078431372549,45.76194680911043,ok,5.142275905912269,6,0.2602605484673193,0.7214353954212712,True,,True,1.0,0.1,0.00392156862745098,,True,1.0,0.1,0.00392156862745098,5.142275905912269,1.0,1.0,50,henon,oracle_dim:00036,False,False,assessed,ok,1,,True,1.0,0.0,0.0,0.0,0.0,256,9.618585444000928
0.0,0.5,806.04,169.20999999999998,20260823,0.09062372308004857,1523205322,2,False,oracle_dim,one_sample,255,2500,0,50,50,2,0.0196078431372549,24.61648576205838,ok,4.7635482536493114,7,0.2846654480937584,0.7006114265734719,True,,True,1.0,0.095,0.00392156862745098,,True,1.0,0.095,0.00392156862745098,4.7635482536493114,1.0,1.0,50,henon,oracle_dim:00037,False,False,assessed,ok,1,,True,1.0,0.0,0.0,0.0,0.0,256,9.853356038998754
0.0,0.5,837.5,161.58,20260823,0.10303856223466334,273461635,2,False,oracle_dim,one_sample,255,2495,0,50,50,2,0.0196078431372549,59.84082721371459,ok,5.183190988983784,8,0.2056592609701639,0.7509055557482693,True,,True,1.0,0.12,0.00392156862745098,,True,1.0,0.12,0.00392156862745098,5.183190988983784,1.0,1.0,50,henon,oracle_dim:00038,False,False,assessed,ok,1,,True,1.0,0.0,0.0,0.0,0.0,256,7.717194652001126
0.0,0.5,1164.16,152.77,20260823,0.1095652283177904,1502100350,2,False,oracle_dim,one_sample,255,2519,0,50,50,2,0.0196078431372549,32.74597847745722,ok,7.62034430843752,9,0.2652435749098716,0.7149448840965194,True,,True,1.0,0.16,0.00392156862745098,,True,1.0,0.16,0.00392156862745098,7.62034430843752,1.0,1.0,50,henon,oracle_dim:00039,False,False,assessed,ok,1,,True,1.0,0.0,0.0,0.0,0.0,256,6.84617585200067
0.0,0.5,884.1800000000001,157.28,20260823,0.0948902840186659,2679122804,2,False,oracle_dim,one_sample,255,2509,0,50,50,2,0.0196078431372549,57.87471943716103,ok,5.621693794506613,10,0.2232420775372898,0.7402290236537015,True,,True,1.0,0.13,0.00392156862745098,,True,1.0,0.13,0.00392156862745098,5.621693794506613,1.0,1.0,50,henon,oracle_dim:00040,False,False,assessed,ok,1,,True,1.0,0.0,0.0,0.0,0.0,256,8.470676240998728
0.0,0.5,1012.26,182.60999999999999,20260823,0.1062883927674605,3697673766,2,False,oracle_dim,one_sample,255,2494,0,50,50,2,0.0196078431372549,31.542629193779113,ok,5.543288976507311,11,0.2645419397638122,0.7191565611614339,True,,True,1.0,0.145,0.00392156862745098,,True,1.0,0.145,0.00392156862745098,5.543288976507311,1.0,1.0,50,henon,oracle_dim:00041,False,False,assessed,ok,1,,True,1.0,0.0,0.0,0.0,0.0,256,10.486817450999297
0.0,0.5,1083.3600000000001,152.32,20260823,0.10921618416220322,732492722,2,False,oracle_dim,one_sample,255,2501,0,50,50,2,0.0196078431372549,42.62074833201759,ok,7.112394957983194,12,0.25290757530085917,0.7223997984614621,True,,True,1.0,0.13,0.00392156862745098,,True,1.0,0.13,0.00392156862745098,7.112394957983194,1.0,1.0,50,henon,oracle_dim:00042,False,False,assessed,ok,1,,True,1.0,0.0,0.0,0.0,0.0,256,8.458615546000146
0.0,0.5,582.24,139.91,20260823,0.10880409014765718,2650272499,2,False,oracle_dim,one_sample,255,2477,0,50,50,2,0.0196078431372549,41.63549839384873,ok,4.161532413694518,13,0.2377845406748651,0.7354252259286074,True,,True,1.0,0.14,0.00392156862745098,,True,2.0,0.14,0.00784313725490196,4.161532413694518,2.0,2.0,50,henon,oracle_dim:00043,False,False,assessed,ok,1,,True,2.0,0.0,0.0,0.0,0.0,256,6.724543987000288
0.0,0.5,781.96,162.6,20260823,0.09639494821541161,2582023415,2,False,oracle_dim,one_sample,255,2473,0,50,50,2,0.0196078431372549,51.70342880521635,ok,4.809102091020911,14,0.20927247329744525,0.7559577402533573,True,,True,1.0,0.075,0.00392156862745098,,True,1.0,0.075,0.00392156862745098,4.809102091020911,1.0,1.0,50,henon,oracle_dim:00044,False,False,assessed,ok,1,,True,1.0,0.0,0.0,0.0,0.0,256,6.676650171999427
0.0,0.5,1279.9,150.89999999999998,20260823,0.1033134924148671,2534286796,2,False,oracle_dim,one_sample,255,2515,0,50,50,2,0.0196078431372549,40.38426219906465,ok,8.48177601060305,15,0.25214131546791774,0.724231669894058,True,,True,1.0,0.16,0.00392156862745098,,True,1.0,0.16,0.00392156862745098,8.48177601060305,1.0,1.0,50,henon,oracle_dim:00045,False,False,assessed,ok,1,,True,0.0,1.0,1.0,0.16,0.00392156862745098,256,10.301356714000576
0.0,0.5,461.6,163.88,20260823,0.09536025852954605,2578131799,2,False,oracle_dim,one_sample,255,2474,0,50,50,2,0.0196078431372549,65.31043318457822,ok,2.8166951427874056,16,0.25179176294730243,0.7266582703008558,True,,True,1.0,0.075,0.00392156862745098,,True,1.0,0.075,0.00392156862745098,2.8166951427874056,1.0,1.0,50,henon,oracle_dim:00046,False,False,assessed,ok,1,,True,1.0,0.0,0.0,0.0,0.0,256,10.136984785000095
0.0,0.5,882.22,182.16000000000003,20260823,0.10955336715910594,1990281096,2,False,oracle_dim,one_sample,255,2508,0,50,50,2,0.0196078431372549,38.888111350084486,ok,4.843104962670179,17,0.24404080916078857,0.7298244750280033,True,,True,1.0,0.12,0.00392156862745098,,True,1.0,0.12,0.00392156862745098,4.843104962670179,1.0,1.0,50,henon,oracle_dim:00047,False,False,assessed,ok,1,,True,0.0,1.0,1.0,0.12,0.00392156862745098,256,6.8213598180009285
0.0,0.5,974.0799999999999,166.16,20260823,0.1009310262820132,2053305126,2,False,oracle_dim,one_sample,255,2509,0,50,50,2,0.0196078431372549,38.545136174917985,ok,5.862301396244583,18,0.25732295715735876,0.7222871292038034,True,,True,1.0,0.11,0.00392156862745098,,True,1.0,0.11,0.00392156862745098,5.862301396244583,1.0,1.0,50,henon,oracle_dim:00048,False,False,assessed,ok,1,,True,1.0,0.0,0.0,0.0,0.0,256,6.809343846998672
0.0,0.5,1084.8600000000001,186.37,20260823,0.09848353881252178,1511984254,2,False,oracle_dim,one_sample,255,2503,0,50,50,2,0.0196078431372549,26.138579927008237,ok,5.821001234104202,19,0.26247988417391827,0.7158439269731581,True,,True,1.0,0.11,0.00392156862745098,,True,1.0,0.11,0.00392156862745098,5.821001234104202,1.0,1.0,50,henon,oracle_dim:00049,False,False,assessed,ok,1,,True,1.0,0.0,0.0,0.0,0.0,256,9.618400634000864
0.0,0.5,1172.46,159.83,20260823,0.10475557655136616,3364347009,2,False,oracle_dim,one_sample,255,2490,0,50,50,2,0.0196078431372549,35.77397143698249,ok,7.33566914847025,20,0.2513452482334824,0.7257350857631296,True,,True,1.0,0.135,0.00392156862745098,,True,1.0,0.135,0.00392156862745098,7.33566914847025,1.0,1.0,50,henon,oracle_dim:00050,False,False,assessed,ok,1,,True,0.0,1.0,1.0,0.135,0.00392156862745098,256,10.585011556999234
0.0,0.5,1163.58,155.44,20260823,0.10270544819680051,4081926746,2,False,oracle_dim,one_sample,255,2501,0,50,50,2,0.0196078431372549,38.973133558148795,ok,7.485717961914565,21,0.2505427710702309,0.7233613526586662,True,,True,1.0,0.16,0.00392156862745098,,True,1.0,0.16,0.00392156862745098,7.485717961914565,1.0,1.0,50,henon,oracle_dim:00051,False,False,assessed,ok,1,,True,1.0,0.0,0.0,0.0,0.0,256,7.282585188000667
0.0,0.5,1246.88,147.27999999999997,20260823,0.0993702543295115,3999581070,2,False,oracle_dim,one_sample,255,2520,0,50,50,2,0.0196078431372549,23.858041831381268,ok,8.466051059206954,22,0.27584554399592387,0.7120205454226262,True,,True,1.0,0.16,0.00392156862745098,,True,1.0,0.16,0.00392156862745098,8.466051059206954,1.0,1.0,50,henon,oracle_dim:00052,False,False,assessed,ok,1,,True,0.0,1.0,1.0,0.16,0.00392156862745098,256,6.868146266999247
0.0,0.5,1048.56,150.62,20260823,0.1081523883117638,1569788839,2,False,oracle_dim,one_sample,255,2497,0,50,50,2,0.0196078431372549,53.32822504863019,ok,6.961625282167042,23,0.24332985290751336,0.7299718053340404,True,,True,1.0,0.105,0.00392156862745098,,True,1.0,0.105,0.00392156862745098,6.961625282167042,1.0,1.0,50,henon,oracle_dim:00053,False,False,assessed,ok,1,,True,1.0,0.0,0.0,0.0,0.0,256,8.063271204000557
0.0,0.5,643.4,155.75,20260823,0.11473623667053812,3026696393,2,False,oracle_dim,one_sample,255,2492,0,50,50,2,0.0196078431372549,41.21621373909389,ok,4.130979133226324,24,0.23477066260108115,0.7346319983276965,True,,True,1.0,0.12,0.00392156862745098,,True,1.0,0.12,0.00392156862745098,4.130979133226324,1.0,1.0,50,henon,oracle_dim:00054,False,False,assessed,ok,1,,True,1.0,0.0,0.0,0.0,0.0,256,9.976606190999519
0.0,0.5,749.3199999999999,149.8,20260823,0.09967069725783784,2378322099,2,False,oracle_dim,one_sample,255,2497,0,50,50,2,0.0196078431372549,35.70143075316468,ok,5.002136181575433,25,0.25996943620098656,0.7206111982120664,True,,True,1.0,0.105,0.00392156862745098,,True,1.0,0.105,0.00392156862745098,5.002136181575433,1.0,1.0,50,henon,oracle_dim:00055,False,False,assessed,ok,1,,True,1.0,0.0,0.0,0.0,0.0,256,8.935486049000247
0.0,0.5,1620.8,178.92999999999998,20260823,0.10706632359129399,2208778284,2,False,oracle_dim,one_sample,255,2535,0,50,50,2,0.0196078431372549,9.647618298051128,ok,9.058290951768848,26,0.27670648324119573,0.7072847797541597,True,,True,1.0,0.245,0.00392156862745098,,True,1.0,0.245,0.00392156862745098,9.058290951768848,1.0,1.0,50,henon,oracle_dim:00056,False,False,assessed,ok,1,,True,0.0,1.0,1.0,0.245,0.00392156862745098,256,6.581375146999562
0.0,0.5,648.28,162.91000000000003,20260823,0.1009744733988433,2446859969,2,False,oracle_dim,one_sample,255,2473,0,50,50,2,0.0196078431372549,48.263817468243104,ok,3.979375115094223,27,0.2429454882963043,0.7301732189713616,True,,True,1.0,0.12,0.00392156862745098,,True,1.0,0.12,0.00392156862745098,3.979375115094223,1.0,1.0,50,henon,oracle_dim:00057,False,False,assessed,ok,1,,True,1.0,0.0,0.0,0.0,0.0,256,7.39289758599989
0.0,0.5,951.78,187.29999999999998,20260823,0.09730980709920428,955981557,2,False,oracle_dim,one_sample,255,2515,0,50,50,2,0.0196078431372549,49.52668337636554,ok,5.081580352375868,28,0.257270621411468,0.7206180519285789,True,,True,1.0,0.135,0.00392156862745098,,True,1.0,0.135,0.00392156862745098,5.081580352375868,1.0,1.0,50,henon,oracle_dim:00058,False,False,assessed,ok,1,,True,1.0,0.0,0.0,0.0,0.0,256,8.635170677998758
0.0,0.5,1113.0,139.56,20260823,0.0999832902951378,874063825,2,False,oracle_dim,one_sample,255,2508,0,50,50,2,0.0196078431372549,33.43733875769204,ok,7.975064488392089,29,0.2610878335909278,0.7194381866739806,True,,True,1.0,0.155,0.00392156862745098,,True,1.0,0.155,0.00392156862745098,7.975064488392089,1.0,1.0,50,henon,oracle_dim:00059,False,False,assessed,ok,1,,True,0.0,1.0,1.0,0.155,0.00392156862745098,256,9.77416529400034
