M,all_off_stability_none,data_seed,experiment,fp1_analytic_moduli,fp1_analytic_moduli_at_detected,fp1_extension_moduli,fp1_hybrid_moduli,fp1_hybrid_n_points,fp1_hybrid_unstable,fp1_peak_abs_error,fp2_analytic_moduli,fp2_analytic_moduli_at_detected,fp2_extension_moduli,fp2_hybrid_moduli,fp2_hybrid_n_points,fp2_hybrid_unstable,fp2_peak_abs_error,kind,n_peaks,n_runtime_warnings,peaks_identical_without_stability,period2_source_stability_all_none,realization,seed,status_with_stability,status_without_stability,system,task_id,window_length,runtime_s,fields_differing_without_stability,significance_status,significant_peak_count,source_peak_count,upo_status
2.0,True,3032515042,stability,"[1.9237388581534067, 0.15594632230279395]","[1.9475305710748678, 0.1540412276221297]","[1.9226190557724787, 0.15068612017945734]","[1.9396129786779486, 0.279030726893636]",321.0,True,0.009177431286473303,"[3.259822097891452, 0.0920295620408392]","[1.9475305710748678, 0.1540412276221297]","[1.9226190557724787, 0.15068612017945734]","[1.9396129786779486, 0.279030726893636]",321.0,True,1.7718863854654827,detector,1.0,0,True,True,0.0,0,ok,ok,henon,stability:00000,1024,3.881800660999943,,,,,
7.0,True,3032515042,stability,"[1.9237388581534067, 0.15594632230279395]","[1.9472334821185893, 0.15406472965614793]","[1.922619055772479, 0.15068612017945732]","[1.928671123748114, 0.20813126120842088]",326.0,True,0.009062934504224351,"[3.259822097891452, 0.0920295620408392]","[1.9472334821185893, 0.15406472965614793]","[1.922619055772479, 0.15068612017945732]","[1.928671123748114, 0.20813126120842088]",326.0,True,1.7717718886832339,detector,1.0,0,True,True,0.0,0,ok,ok,henon,stability:00001,1024,5.22478515200055,,,,,
2.0,True,105936610,stability,"[1.9237388581534067, 0.15594632230279395]","[1.9546160998617128, 0.1534828245921154]","[1.9214265864268856, 0.1625145712720531]","[1.9312242754829305, 0.21277511429710808]",333.0,True,0.011907406935351639,"[3.259822097891452, 0.0920295620408392]","[1.9546160998617128, 0.1534828245921154]","[1.9214265864268856, 0.1625145712720531]","[1.9312242754829305, 0.21277511429710808]",333.0,True,1.774616361114361,detector,1.0,0,True,True,1.0,1,ok,ok,henon,stability:00002,1024,5.425002775999019,,,,,
7.0,True,105936610,stability,"[1.9237388581534067, 0.15594632230279395]","[1.952761284034846, 0.15362860911505383]","[1.921426586426887, 0.16251457127205357]","[1.9078870253735833, 0.16348054819837018]",331.0,True,0.011192906810421177,"[3.259822097891452, 0.0920295620408392]","[1.952761284034846, 0.15362860911505383]","[1.921426586426887, 0.16251457127205357]","[1.9078870253735833, 0.16348054819837018]",331.0,True,1.7739018609894306,detector,1.0,0,True,True,1.0,1,ok,ok,henon,stability:00003,1024,4.169630628999585,,,,,
2.0,True,197256315,stability,"[1.9237388581534067, 0.15594632230279395]","[1.9441787856726593, 0.15430679637634462]","[1.9076449261096637, 0.14779353654670938]","[1.9186135911036, 0.20156621809016187]",318.0,True,0.007885519087750592,"[3.259822097891452, 0.0920295620408392]","[1.9441787856726593, 0.15430679637634462]","[1.9076449261096637, 0.14779353654670938]","[1.9186135911036, 0.20156621809016187]",318.0,True,1.77059447326676,detector,1.0,0,True,True,2.0,2,ok,ok,henon,stability:00004,1024,3.9176202609996835,,,,,
7.0,True,197256315,stability,"[1.9237388581534067, 0.15594632230279395]","[1.9442492760732275, 0.15430120185303897]","[1.9076449261096646, 0.14779353654670943]","[1.91654385187437, 0.1646697565500007]",324.0,True,0.007912692274848476,"[3.259822097891452, 0.0920295620408392]","[1.9442492760732275, 0.15430120185303897]","[1.9076449261096646, 0.14779353654670943]","[1.91654385187437, 0.1646697565500007]",324.0,True,1.7706216464538578,detector,1.0,0,True,True,2.0,2,ok,ok,henon,stability:00005,1024,3.8385720100013714,,,,,
2.0,True,1961576188,stability,"[2.236632669203145, 0.13413020570198605]","[2.1985388780527853, 0.13645426196224728]","[2.1528501778827382, 0.16112349261101042]","[2.3055379587815437, 0.13796834481231673]",252.0,True,0.011500713505885218,"[2.0926695753165023, 0.14335755799126912]","[2.0915145996106688, 0.1434367228686065]","[2.054175798456157, 0.14106603664608272]","[1.9374405126952081, 0.7741908886911749]",107.0,True,0.008597324880504909,detector,2.0,0,True,True,0.0,0,ok,ok,skewed_henon,stability:00006,1024,3.9389842850014247,,,,,
7.0,True,1961576188,stability,"[2.236632669203145, 0.13413020570198605]","[2.202033262811055, 0.1362377240464698]","[2.152850177882737, 0.16112349261100964]","[2.321194442137004, 0.13123367101081027]",256.0,True,0.010441272571492188,"[2.0926695753165023, 0.14335755799126912]","[2.0930912177688943, 0.1433286793490928]","[2.0541757984561557, 0.14106603664608297]","[1.8495228425676702, 0.08874111314806322]",112.0,True,0.003203344793732521,detector,2.0,0,True,True,0.0,0,ok,ok,skewed_henon,stability:00007,1024,4.883918145998905,,,,,
2.0,True,2479861447,stability,"[2.236632669203145, 0.13413020570198605]","[2.1843269728732366, 0.13734207548853536]","[2.15642670907652, 0.12177943014130194]","[2.3585505763871915, 0.12508943457222846]",272.0,True,0.01581895631006769,"[2.0926695753165023, 0.14335755799126912]","[2.091545729396114, 0.14343458800999684]","[2.043234645819135, 0.14392442387576254]","[1.8632074929070037, 0.03961980351987033]",100.0,True,0.008368885772899404,detector,2.0,0,True,True,1.0,1,ok,ok,skewed_henon,stability:00008,1024,6.052873043001455,,,,,
7.0,True,2479861447,stability,"[2.236632669203145, 0.13413020570198605]","[2.1836977748697137, 0.13738164843708692]","[2.1564267090765186, 0.12177943014130221]","[2.3058229655964744, 0.11802953834445963]",275.0,True,0.016010487464275247,"[2.0926695753165023, 0.14335755799126912]","[2.092335816227304, 0.14338042568182519]","[2.0432346458191364, 0.1439244238757624]","[1.906121354347042, 0.07119015499165351]",106.0,True,0.002510618899324024,detector,2.0,0,True,True,1.0,1,ok,ok,skewed_henon,stability:00009,1024,6.204875605999405,,,,,
2.0,True,2601622717,stability,"[2.236632669203145, 0.13413020570198605]","[2.187355962617751, 0.13715188799950534]","[2.1819454525318775, 0.13104781390359227]","[2.4403984026903585, 0.13756395737243673]",289.0,True,0.014897334101176107,"[2.0926695753165023, 0.14335755799126912]","[2.0926189198994445, 0.14336102820594576]","[2.0525268010586535, 0.14438659591241076]","[1.9395001440377406, 0.7719946816819852]",94.0,True,0.00038245085973942494,detector,2.0,0,True,True,2.0,2,ok,ok,skewed_henon,stability:00010,1024,5.052239759001168,,,,,
7.0,True,2601622717,stability,"[2.236632669203145, 0.13413020570198605]","[2.1884723780989503, 0.1370819220759823]","[2.1819454525318767, 0.13104781390359233]","[2.439692102750188, 0.11800985548305547]",283.0,True,0.014557819895397062,"[2.0926695753165023, 0.14335755799126912]","[2.092687066970637, 0.14335635974196487]","[2.0525268010586526, 0.14438659591241046]","[1.8547451917545814, 0.12494456565405791]",96.0,True,0.0001321809031216148,detector,2.0,0,True,True,2.0,2,ok,ok,skewed_henon,stability:00011,1024,3.9195536770002946,,,,,
,,493659376,stability,,,,,,,,,,,,,,,pipeline,,0,True,,,0,,,henon,stability:00012,256,21.889327917000628,[],assessed,1.0,2.0,ok
,,216778323,stability,,,,,,,,,,,,,,,pipeline,,0,True,,,1,,,henon,stability:00013,256,20.81774775100166,[],assessed,1.0,1.0,ok
,,378400350,stability,,,,,,,,,,,,,,,pipeline,,0,True,,,2,,,henon,stability:00014,256,22.220655154998894,[],assessed,1.0,1.0,ok
,,1949141757,stability,,,,,,,,,,,,,,,pipeline,,0,True,,,0,,,logistic,stability:00015,256,20.426208353999755,[],assessed,2.0,2.0,ok
,,1652537900,stability,,,,,,,,,,,,,,,pipeline,,0,True,,,1,,,logistic,stability:00016,256,20.575153591000344,[],assessed,2.0,2.0,ok
,,292278060,stability,,,,,,,,,,,,,,,pipeline,,0,True,,,2,,,logistic,stability:00017,256,20.88260460499987,[],assessed,1.0,2.0,ok
,,3525481314,stability,,,,,,,,,,,,,,,pipeline,,0,True,,,0,,,white_noise,stability:00018,256,36.00455747500018,[],assessed,0.0,2.0,ok
,,448579287,stability,,,,,,,,,,,,,,,pipeline,,0,True,,,1,,,white_noise,stability:00019,256,34.735850648999985,[],assessed,0.0,1.0,ok
,,2708556317,stability,,,,,,,,,,,,,,,pipeline,,0,True,,,2,,,white_noise,stability:00020,256,32.74584323199997,[],assessed,0.0,2.0,ok
