arm,system,window/SNR,N,LLE valid_N,LLE NaN_N,valid-fit rate,R2>=0.9 rate (of valid),LLE among valid,SD,fraction > 0 (of valid),LLE tau (TDMI),LLE m (Cao),LLE m not saturated,NaN reasons
core,ar1,128.0,50,47,3,"47/50 = 0.940 [0.838, 0.979]","0/47 = 0.000 [0.000, 0.076]","0.0477 [0.0278, 0.0678]; mean 0.0503; valid 47/50",0.02786288159700407,"47/47 = 1.000 [0.924, 1.000]","5 [4, 6]; mean 5; valid 47/50","9 [8, 10]; mean 9.09; valid 47/50",9,analyze_segment raised: 3
core,ar1,256.0,100,100,0,"100/100 = 1.000 [0.963, 1.000]","0/100 = 0.000 [0.000, 0.037]","0.0774 [0.0502, 0.0982]; mean 0.0758; valid 100/100",0.033637579638915005,"100/100 = 1.000 [0.963, 1.000]","7 [5, 8]; mean 6.76; valid 100/100","9 [8, 10.2]; mean 9.45; valid 100/100",16,
core,ar1,512.0,50,50,0,"50/50 = 1.000 [0.929, 1.000]","0/50 = 0.000 [0.000, 0.071]","0.119 [0.103, 0.132]; mean 0.114; valid 50/50",0.027320345714448194,"50/50 = 1.000 [0.929, 1.000]","8 [7, 9.75]; mean 8.34; valid 50/50","9 [8, 10]; mean 9.28; valid 50/50",5,
core,constant,128.0,3,0,3,"0/3 = 0.000 [0.000, 0.562]",NA,NA (valid 0/3),,NA,"1 [1, 1]; mean 1; valid 3/3","13 [13, 13]; mean 13; valid 3/3",3,insufficient divergence points: 3
core,constant,256.0,3,0,3,"0/3 = 0.000 [0.000, 0.562]",NA,NA (valid 0/3),,NA,"1 [1, 1]; mean 1; valid 3/3","13 [13, 13]; mean 13; valid 3/3",3,insufficient divergence points: 3
core,constant,512.0,3,0,3,"0/3 = 0.000 [0.000, 0.562]",NA,NA (valid 0/3),,NA,"1 [1, 1]; mean 1; valid 3/3","13 [13, 13]; mean 13; valid 3/3",3,insufficient divergence points: 3
core,henon,128.0,30,6,24,"6/30 = 0.200 [0.095, 0.373]","0/6 = 0.000 [0.000, 0.390]","0.115 [0.0791, 0.133]; mean 0.109; valid 6/30",0.033818076448178025,"6/6 = 1.000 [0.610, 1.000]","7 [6.25, 7.75]; mean 7.17; valid 6/30","8 [7.25, 9.5]; mean 8.33; valid 6/30",0,analyze_segment raised: 24
core,henon,256.0,30,30,0,"30/30 = 1.000 [0.886, 1.000]","0/30 = 0.000 [0.000, 0.114]","0.118 [0.103, 0.137]; mean 0.121; valid 30/30",0.027672119092037817,"30/30 = 1.000 [0.886, 1.000]","11 [10, 12.8]; mean 11.5; valid 30/30","10 [8, 11]; mean 9.8; valid 30/30",5,
core,henon,512.0,30,30,0,"30/30 = 1.000 [0.886, 1.000]","0/30 = 0.000 [0.000, 0.114]","0.15 [0.133, 0.164]; mean 0.152; valid 30/30",0.021388691147511026,"30/30 = 1.000 [0.886, 1.000]","15 [11.2, 17]; mean 14.5; valid 30/30","9 [8, 10]; mean 8.93; valid 30/30",1,
core,logistic,128.0,30,20,10,"20/30 = 0.667 [0.488, 0.808]","0/20 = 0.000 [0.000, 0.161]","0.0906 [0.0794, 0.124]; mean 0.103; valid 20/30",0.03253098065953844,"20/20 = 1.000 [0.839, 1.000]","6 [6, 7.25]; mean 6.85; valid 20/30","10 [8.5, 11.5]; mean 9.85; valid 20/30",5,analyze_segment raised: 10
core,logistic,256.0,30,30,0,"30/30 = 1.000 [0.886, 1.000]","0/30 = 0.000 [0.000, 0.114]","0.122 [0.109, 0.151]; mean 0.13; valid 30/30",0.028639646797683844,"30/30 = 1.000 [0.886, 1.000]","8 [7, 10]; mean 8.43; valid 30/30","9.5 [8, 10]; mean 9.27; valid 30/30",3,
core,logistic,512.0,30,30,0,"30/30 = 1.000 [0.886, 1.000]","0/30 = 0.000 [0.000, 0.114]","0.141 [0.125, 0.171]; mean 0.149; valid 30/30",0.032305552269465444,"30/30 = 1.000 [0.886, 1.000]","8 [7.25, 9]; mean 8.53; valid 30/30","10 [8, 11]; mean 9.9; valid 30/30",7,
core,logistic_p4,128.0,30,0,30,"0/30 = 0.000 [0.000, 0.114]",NA,NA (valid 0/30),,NA,"6 [6, 6]; mean 6; valid 30/30","13 [13, 13]; mean 13; valid 30/30",30,insufficient divergence points: 30
core,logistic_p4,256.0,30,0,30,"0/30 = 0.000 [0.000, 0.114]",NA,NA (valid 0/30),,NA,"6 [6, 6]; mean 6; valid 30/30","13 [13, 13]; mean 13; valid 30/30",30,insufficient divergence points: 30
core,logistic_p4,512.0,30,0,30,"0/30 = 0.000 [0.000, 0.114]",NA,NA (valid 0/30),,NA,"6 [6, 6]; mean 6; valid 30/30","13 [13, 13]; mean 13; valid 30/30",30,insufficient divergence points: 30
core,sinusoid,128.0,30,30,0,"30/30 = 1.000 [0.886, 1.000]","26/30 = 0.867 [0.703, 0.947]","0.188 [0.128, 0.204]; mean 0.192; valid 30/30",0.08256730365398376,"30/30 = 1.000 [0.886, 1.000]","5 [5, 5]; mean 5.1; valid 30/30","5 [4, 6]; mean 5.17; valid 30/30",0,
core,sinusoid,256.0,30,30,0,"30/30 = 1.000 [0.886, 1.000]","0/30 = 0.000 [0.000, 0.114]","0.0109 [0.00849, 0.0137]; mean 0.0129; valid 30/30",0.008425824642513161,"30/30 = 1.000 [0.886, 1.000]","5 [5, 5]; mean 5.13; valid 30/30","6 [5, 6]; mean 5.7; valid 30/30",0,
core,sinusoid,512.0,30,30,0,"30/30 = 1.000 [0.886, 1.000]","0/30 = 0.000 [0.000, 0.114]","0.00965 [0.00755, 0.0132]; mean 0.0127; valid 30/30",0.009167727890138424,"30/30 = 1.000 [0.886, 1.000]","5 [5, 5]; mean 5.17; valid 30/30","7 [6.25, 7]; mean 7.1; valid 30/30",0,
core,white_noise,128.0,50,45,5,"45/50 = 0.900 [0.786, 0.957]","0/45 = 0.000 [0.000, 0.079]","0.0589 [0.0319, 0.0826]; mean 0.0571; valid 45/50",0.03047909231624638,"44/45 = 0.978 [0.884, 0.996]","4 [4, 6]; mean 4.76; valid 45/50","10 [9, 13]; mean 10.3; valid 45/50",14,analyze_segment raised: 5
core,white_noise,256.0,100,100,0,"100/100 = 1.000 [0.963, 1.000]","0/100 = 0.000 [0.000, 0.037]","0.0751 [0.0583, 0.0979]; mean 0.0765; valid 100/100",0.027967220187862792,"100/100 = 1.000 [0.963, 1.000]","4 [3, 6]; mean 4.74; valid 100/100","9 [8, 11]; mean 9.68; valid 100/100",23,
core,white_noise,512.0,50,50,0,"50/50 = 1.000 [0.929, 1.000]","0/50 = 0.000 [0.000, 0.071]","0.0914 [0.0553, 0.109]; mean 0.0822; valid 50/50",0.03485237701413972,"50/50 = 1.000 [0.929, 1.000]","4 [3, 6]; mean 4.68; valid 50/50","9.5 [9, 11]; mean 9.66; valid 50/50",3,
noise,henon,0.0,30,30,0,"30/30 = 1.000 [0.886, 1.000]","0/30 = 0.000 [0.000, 0.114]","0.072 [0.0416, 0.0967]; mean 0.0695; valid 30/30",0.037201417881169825,"30/30 = 1.000 [0.886, 1.000]","4 [3, 5]; mean 4; valid 30/30","9 [8, 10]; mean 8.8; valid 30/30",0,
noise,henon,5.0,30,30,0,"30/30 = 1.000 [0.886, 1.000]","0/30 = 0.000 [0.000, 0.114]","0.0741 [0.0342, 0.0947]; mean 0.0672; valid 30/30",0.03963908977713095,"30/30 = 1.000 [0.886, 1.000]","4 [3, 5]; mean 4.23; valid 30/30","9.5 [8.25, 11]; mean 9.5; valid 30/30",2,
noise,henon,10.0,30,30,0,"30/30 = 1.000 [0.886, 1.000]","0/30 = 0.000 [0.000, 0.114]","0.091 [0.0369, 0.114]; mean 0.081; valid 30/30",0.04186759908741696,"30/30 = 1.000 [0.886, 1.000]","6 [5, 7]; mean 6.33; valid 30/30","9.5 [8, 10]; mean 9.4; valid 30/30",3,
noise,henon,20.0,30,30,0,"30/30 = 1.000 [0.886, 1.000]","0/30 = 0.000 [0.000, 0.114]","0.118 [0.1, 0.14]; mean 0.122; valid 30/30",0.027641955107779666,"30/30 = 1.000 [0.886, 1.000]","9 [8.25, 10]; mean 9.37; valid 30/30","10 [8, 12.5]; mean 9.87; valid 30/30",8,
noise,henon,30.0,30,30,0,"30/30 = 1.000 [0.886, 1.000]","0/30 = 0.000 [0.000, 0.114]","0.114 [0.0961, 0.144]; mean 0.122; valid 30/30",0.03150008121632313,"30/30 = 1.000 [0.886, 1.000]","11.5 [9, 13.8]; mean 11.7; valid 30/30","10 [8, 12.5]; mean 9.83; valid 30/30",8,
noise,logistic,0.0,30,30,0,"30/30 = 1.000 [0.886, 1.000]","0/30 = 0.000 [0.000, 0.114]","0.06 [0.044, 0.089]; mean 0.0646; valid 30/30",0.031235687812182743,"30/30 = 1.000 [0.886, 1.000]","4 [3.25, 5]; mean 4.27; valid 30/30","9 [8, 10]; mean 9.4; valid 30/30",5,
noise,logistic,5.0,30,30,0,"30/30 = 1.000 [0.886, 1.000]","0/30 = 0.000 [0.000, 0.114]","0.0721 [0.0488, 0.0908]; mean 0.0705; valid 30/30",0.026839173670552666,"30/30 = 1.000 [0.886, 1.000]","4 [3, 4]; mean 3.8; valid 30/30","9 [8, 10]; mean 8.97; valid 30/30",2,
noise,logistic,10.0,30,30,0,"30/30 = 1.000 [0.886, 1.000]","0/30 = 0.000 [0.000, 0.114]","0.051 [0.0376, 0.0618]; mean 0.0623; valid 30/30",0.03643694723294406,"30/30 = 1.000 [0.886, 1.000]","4 [4, 5]; mean 4.67; valid 30/30","9 [8, 10]; mean 9.3; valid 30/30",3,
noise,logistic,20.0,30,30,0,"30/30 = 1.000 [0.886, 1.000]","0/30 = 0.000 [0.000, 0.114]","0.117 [0.0873, 0.136]; mean 0.11; valid 30/30",0.04683911894670977,"30/30 = 1.000 [0.886, 1.000]","6 [5.25, 7]; mean 6.27; valid 30/30","9 [7.25, 10]; mean 9.03; valid 30/30",3,
noise,logistic,30.0,30,30,0,"30/30 = 1.000 [0.886, 1.000]","0/30 = 0.000 [0.000, 0.114]","0.117 [0.105, 0.135]; mean 0.118; valid 30/30",0.022042286052740116,"30/30 = 1.000 [0.886, 1.000]","8 [6, 9]; mean 8.07; valid 30/30","10 [9, 11]; mean 10.2; valid 30/30",6,
tau_step (same LLE path),ar1,256.0,30,30,0,"30/30 = 1.000 [0.886, 1.000]","0/30 = 0.000 [0.000, 0.114]","0.0754 [0.0595, 0.0957]; mean 0.0772; valid 30/30",0.03214729009592288,"30/30 = 1.000 [0.886, 1.000]","6.5 [6, 7]; mean 6.67; valid 30/30","9 [8.25, 10.8]; mean 9.6; valid 30/30",5,
tau_step (same LLE path),constant,256.0,3,0,3,"0/3 = 0.000 [0.000, 0.562]",NA,NA (valid 0/3),,NA,"1 [1, 1]; mean 1; valid 3/3","13 [13, 13]; mean 13; valid 3/3",3,insufficient divergence points: 3
tau_step (same LLE path),henon,256.0,30,30,0,"30/30 = 1.000 [0.886, 1.000]","0/30 = 0.000 [0.000, 0.114]","0.118 [0.103, 0.137]; mean 0.121; valid 30/30",0.027672119092037817,"30/30 = 1.000 [0.886, 1.000]","11 [10, 12.8]; mean 11.5; valid 30/30","10 [8, 11]; mean 9.8; valid 30/30",5,
tau_step (same LLE path),logistic,256.0,30,30,0,"30/30 = 1.000 [0.886, 1.000]","0/30 = 0.000 [0.000, 0.114]","0.122 [0.109, 0.151]; mean 0.13; valid 30/30",0.028639646797683844,"30/30 = 1.000 [0.886, 1.000]","8 [7, 10]; mean 8.43; valid 30/30","9.5 [8, 10]; mean 9.27; valid 30/30",3,
tau_step (same LLE path),logistic_p4,256.0,30,0,30,"0/30 = 0.000 [0.000, 0.114]",NA,NA (valid 0/30),,NA,"6 [6, 6]; mean 6; valid 30/30","13 [13, 13]; mean 13; valid 30/30",30,insufficient divergence points: 30
tau_step (same LLE path),sinusoid,256.0,30,30,0,"30/30 = 1.000 [0.886, 1.000]","0/30 = 0.000 [0.000, 0.114]","0.0109 [0.00849, 0.0137]; mean 0.0129; valid 30/30",0.008425824642513161,"30/30 = 1.000 [0.886, 1.000]","5 [5, 5]; mean 5.13; valid 30/30","6 [5, 6]; mean 5.7; valid 30/30",0,
tau_step (same LLE path),white_noise,256.0,30,30,0,"30/30 = 1.000 [0.886, 1.000]","0/30 = 0.000 [0.000, 0.114]","0.0725 [0.0491, 0.0877]; mean 0.0707; valid 30/30",0.031200290769793023,"30/30 = 1.000 [0.886, 1.000]","4.5 [4, 6]; mean 4.97; valid 30/30","10 [8, 12.5]; mean 9.93; valid 30/30",8,
