system,window,windows,non-failed,Level A peaks,Level B peaks,B/A,Level C gated,C/A,verified unstable,C failed gates,C residual (per peak),C R2 (per peak),C support ratio,hybrid source_stability unstable
constant,128,3,0,0,0,NA,0,NA,0,,,,,
constant,256,3,0,0,0,NA,0,NA,0,,,,,
constant,512,3,0,0,0,NA,0,NA,0,,,,,
white_noise,128,50,35,63,2,0.032,0,0.000,0,r2: 63; residual: 56; support_ratio: 17,"0.334 [0.173, 0.52]; mean 0.378; valid 63/63","0.27 [0.205, 0.317]; mean 0.267; valid 63/63","3.81 [1.94, 10.3]; mean 10.5; valid 63/63",62/63
white_noise,256,100,89,159,7,0.044,0,0.000,0,r2: 159; residual: 144; support_ratio: 45,"0.28 [0.158, 0.459]; mean 0.35; valid 159/159","0.292 [0.209, 0.384]; mean 0.298; valid 159/159","3.33 [1.75, 6.05]; mean 4.86; valid 159/159",159/159
white_noise,512,50,49,74,5,0.068,0,0.000,0,r2: 74; residual: 69; support_ratio: 16,"0.233 [0.145, 0.435]; mean 0.314; valid 74/74","0.307 [0.217, 0.398]; mean 0.307; valid 74/74","4.65 [2.44, 8.7]; mean 6.16; valid 74/74",74/74
ar1,128,50,39,144,2,0.014,0,0.000,0,r2: 144; residual: 125; support_ratio: 30,"0.187 [0.0886, 0.288]; mean 0.212; valid 144/144","0.522 [0.416, 0.648]; mean 0.521; valid 144/144","4.37 [2.26, 8.63]; mean 7.95; valid 144/144",141/144
ar1,256,100,88,331,11,0.033,0,0.000,0,r2: 331; residual: 278; support_ratio: 86,"0.16 [0.0764, 0.275]; mean 0.195; valid 331/331","0.492 [0.371, 0.616]; mean 0.494; valid 331/331","3.29 [1.94, 7.05]; mean 6.38; valid 331/331",326/331
ar1,512,50,49,184,2,0.011,0,0.000,0,r2: 184; residual: 151; support_ratio: 70,"0.146 [0.0622, 0.26]; mean 0.182; valid 184/184","0.467 [0.37, 0.577]; mean 0.468; valid 184/184","2.53 [1.55, 4.35]; mean 3.17; valid 184/184",184/184
sinusoid,128,30,29,57,15,0.263,0,0.000,0,residual: 57; support_ratio: 1,"0.407 [0.404, 0.414]; mean 0.503; valid 57/57","1 [1, 1]; mean 1; valid 57/57","13.9 [11.7, 19.5]; mean 16.7; valid 57/57",8/57
sinusoid,256,30,30,52,42,0.808,1,0.019,0,residual: 51,"0.407 [0.405, 0.408]; mean 0.436; valid 52/52","1 [1, 1]; mean 1; valid 52/52","36.5 [24.2, 49.4]; mean 41.7; valid 52/52",23/52
sinusoid,512,30,30,49,38,0.776,3,0.061,0,residual: 46,"0.43 [0.36, 0.501]; mean 0.387; valid 49/49","1 [1, 1]; mean 1; valid 49/49","55.9 [46.7, 71.1]; mean 66.6; valid 49/49",46/49
logistic_p4,128,30,0,0,0,NA,0,NA,0,,,,,
logistic_p4,256,30,0,0,0,NA,0,NA,0,,,,,
logistic_p4,512,30,0,0,0,NA,0,NA,0,,,,,
logistic,128,30,19,33,25,0.758,0,0.000,0,r2: 30; residual: 33,"0.806 [0.548, 1.05]; mean 0.854; valid 33/33","0.504 [0.261, 0.823]; mean 0.532; valid 33/33","13.2 [7.89, 23]; mean 20.4; valid 33/33",33/33
logistic,256,30,30,60,54,0.900,0,0.000,0,r2: 7; residual: 60,"1.83 [1.1, 9.28]; mean 366; valid 60/60","0.999 [0.998, 1]; mean 0.948; valid 60/60","20.6 [13.4, 30]; mean 25.8; valid 60/60",60/60
logistic,512,30,30,59,58,0.983,0,0.000,0,residual: 59,"19.3 [11.9, 2.16e+03]; mean 3.29e+03; valid 59/59","1 [1, 1]; mean 1; valid 59/59","20.6 [14.7, 31.7]; mean 25.2; valid 59/59",59/59
henon,128,30,6,8,4,0.500,0,0.000,0,r2: 2; residual: 8; support_ratio: 1,"0.573 [0.281, 3.7]; mean 3.25; valid 8/8","0.974 [0.944, 0.992]; mean 0.957; valid 8/8","40.6 [19, 91.7]; mean 58.9; valid 8/8",8/8
henon,256,30,30,34,29,0.853,0,0.000,0,r2: 1; residual: 34; support_ratio: 2,"0.808 [0.189, 1.63]; mean 4.24; valid 34/34","0.998 [0.997, 0.999]; mean 0.995; valid 34/34","131 [88.1, 190]; mean 144; valid 34/34",34/34
henon,512,30,30,30,30,1.000,0,0.000,0,residual: 30,"0.836 [0.133, 0.909]; mean 0.982; valid 30/30","1 [1, 1]; mean 0.999; valid 30/30","189 [146, 275]; mean 231; valid 30/30",30/30
