system,window,N,failure_N,upo_status,cao_dim (UPO),n_embedded,LLE valid rate,LLE (valid),>=1 Level-A peak,source_peak_count,sig assessed N,>=1 Level-B peak,significant_peak_count,rJ,source_coverage,verified_unstable_count
constant,128,3,3,constant_data: 3,NA (valid 0/3),"0 [0, 0]; mean 0; valid 3/3","0/3 = 0.000 [0.000, 0.562]",NA (valid 0/3),"0/3 = 0.000 [0.000, 0.562]",NA (valid 0/3),0,"0/3 = 0.000 [0.000, 0.562]",NA (valid 0/3),NA (valid 0/3),NA (valid 0/3),NA (valid 0/3)
constant,256,3,3,constant_data: 3,NA (valid 0/3),"0 [0, 0]; mean 0; valid 3/3","0/3 = 0.000 [0.000, 0.562]",NA (valid 0/3),"0/3 = 0.000 [0.000, 0.562]",NA (valid 0/3),0,"0/3 = 0.000 [0.000, 0.562]",NA (valid 0/3),NA (valid 0/3),NA (valid 0/3),NA (valid 0/3)
constant,512,3,3,constant_data: 3,NA (valid 0/3),"0 [0, 0]; mean 0; valid 3/3","0/3 = 0.000 [0.000, 0.562]",NA (valid 0/3),"0/3 = 0.000 [0.000, 0.562]",NA (valid 0/3),0,"0/3 = 0.000 [0.000, 0.562]",NA (valid 0/3),NA (valid 0/3),NA (valid 0/3),NA (valid 0/3)
white_noise,128,50,15,ok: 35; embedding_not_saturated: 10; analysis_error: 5,"9 [8, 11]; mean 9.62; valid 45/50","120 [0, 121]; mean 84.2; valid 50/50","45/50 = 0.900 [0.786, 0.957]","0.0589 [0.0319, 0.0826]; mean 0.0571; valid 45/50","35/50 = 0.700 [0.562, 0.809]","2 [1, 2]; mean 1.8; valid 35/50",35,"2/50 = 0.040 [0.011, 0.135]","0 [0, 0]; mean 0.0571; valid 35/50","0.94 [0.796, 1.26]; mean 1.06; valid 35/50","1 [1, 1]; mean 1; valid 35/50","0 [0, 0]; mean 0; valid 35/50"
white_noise,256,100,11,ok: 89; embedding_not_saturated: 11,"9 [8, 10]; mean 9.29; valid 100/100","248 [247, 249]; mean 221; valid 100/100","100/100 = 1.000 [0.963, 1.000]","0.0751 [0.0583, 0.0979]; mean 0.0765; valid 100/100","89/100 = 0.890 [0.814, 0.937]","2 [1, 2]; mean 1.79; valid 89/100",89,"7/100 = 0.070 [0.034, 0.137]","0 [0, 0]; mean 0.0787; valid 89/100","1.07 [0.698, 1.41]; mean 1.11; valid 89/100","1 [1, 1]; mean 1; valid 89/100","0 [0, 0]; mean 0; valid 89/100"
white_noise,512,50,1,ok: 49; embedding_not_saturated: 1,"9 [8, 10]; mean 8.92; valid 50/50","504 [503, 505]; mean 494; valid 50/50","50/50 = 1.000 [0.929, 1.000]","0.0914 [0.0553, 0.109]; mean 0.0822; valid 50/50","49/50 = 0.980 [0.895, 0.996]","1 [1, 2]; mean 1.51; valid 49/50",49,"5/50 = 0.100 [0.043, 0.214]","0 [0, 0]; mean 0.102; valid 49/50","1.22 [0.861, 1.74]; mean 1.25; valid 49/50","1 [1, 1]; mean 1; valid 49/50","0 [0, 0]; mean 0; valid 49/50"
ar1,128,50,11,ok: 39; embedding_not_saturated: 8; analysis_error: 3,"9 [8, 10]; mean 9.06; valid 47/50","120 [118, 121]; mean 94.2; valid 50/50","47/50 = 0.940 [0.838, 0.979]","0.0477 [0.0278, 0.0678]; mean 0.0503; valid 47/50","39/50 = 0.780 [0.648, 0.872]","4 [3, 4]; mean 3.69; valid 39/50",39,"2/50 = 0.040 [0.011, 0.135]","0 [0, 0]; mean 0.0513; valid 39/50","1.01 [0.685, 1.2]; mean 1.04; valid 39/50","1 [1, 1]; mean 0.999; valid 39/50","0 [0, 0]; mean 0; valid 39/50"
ar1,256,100,12,ok: 88; embedding_not_saturated: 12,"9 [8, 10]; mean 9.12; valid 100/100","248 [247, 249]; mean 219; valid 100/100","100/100 = 1.000 [0.963, 1.000]","0.0774 [0.0502, 0.0982]; mean 0.0758; valid 100/100","88/100 = 0.880 [0.802, 0.930]","4 [3, 4]; mean 3.76; valid 88/100",88,"11/100 = 0.110 [0.063, 0.186]","0 [0, 0]; mean 0.125; valid 88/100","1.15 [0.851, 1.44]; mean 1.23; valid 88/100","1 [0.995, 1]; mean 0.988; valid 88/100","0 [0, 0]; mean 0; valid 88/100"
ar1,512,50,1,ok: 49; embedding_not_saturated: 1,"9 [8, 10]; mean 8.8; valid 50/50","504 [503, 505]; mean 494; valid 50/50","50/50 = 1.000 [0.929, 1.000]","0.119 [0.103, 0.132]; mean 0.114; valid 50/50","49/50 = 0.980 [0.895, 0.996]","4 [3, 4]; mean 3.76; valid 49/50",49,"2/50 = 0.040 [0.011, 0.135]","0 [0, 0]; mean 0.0408; valid 49/50","1.03 [0.805, 1.31]; mean 1.04; valid 49/50","1 [0.985, 1]; mean 0.99; valid 49/50","0 [0, 0]; mean 0; valid 49/50"
sinusoid,128,30,1,ok: 29; no_valid_transforms: 1,"6 [6, 6]; mean 5.9; valid 30/30","123 [123, 123]; mean 123; valid 30/30","30/30 = 1.000 [0.886, 1.000]","0.188 [0.128, 0.204]; mean 0.192; valid 30/30","29/30 = 0.967 [0.833, 0.994]","2 [2, 2]; mean 1.97; valid 29/30",29,"11/30 = 0.367 [0.219, 0.545]","0 [0, 1]; mean 0.517; valid 29/30","1.33 [1.04, 2.23]; mean 1.61; valid 29/30","0 [0, 0]; mean 0; valid 29/30","0 [0, 0]; mean 0; valid 29/30"
sinusoid,256,30,0,ok: 30,"6 [6, 6.75]; mean 6.13; valid 30/30","251 [250, 251]; mean 251; valid 30/30","30/30 = 1.000 [0.886, 1.000]","0.0109 [0.00849, 0.0137]; mean 0.0129; valid 30/30","30/30 = 1.000 [0.886, 1.000]","2 [1.25, 2]; mean 1.73; valid 30/30",30,"21/30 = 0.700 [0.521, 0.833]","2 [0, 2]; mean 1.4; valid 30/30","2.45 [0.192, 2.87]; mean 1.9; valid 30/30","0 [0, 0]; mean 0.0025; valid 30/30","0 [0, 0]; mean 0; valid 30/30"
sinusoid,512,30,0,ok: 30,"6 [6, 7]; mean 6.63; valid 30/30","507 [506, 507]; mean 506; valid 30/30","30/30 = 1.000 [0.886, 1.000]","0.00965 [0.00755, 0.0132]; mean 0.0127; valid 30/30","30/30 = 1.000 [0.886, 1.000]","2 [1, 2]; mean 1.63; valid 30/30",30,"19/30 = 0.633 [0.455, 0.781]","2 [0, 2]; mean 1.27; valid 30/30","2.83 [0.0148, 2.96]; mean 1.88; valid 30/30","0 [0, 0]; mean 0; valid 30/30","0 [0, 0]; mean 0; valid 30/30"
logistic_p4,128,30,30,embedding_not_saturated: 30,"13 [13, 13]; mean 13; valid 30/30","0 [0, 0]; mean 0; valid 30/30","0/30 = 0.000 [0.000, 0.114]",NA (valid 0/30),"0/30 = 0.000 [0.000, 0.114]",NA (valid 0/30),0,"0/30 = 0.000 [0.000, 0.114]",NA (valid 0/30),NA (valid 0/30),NA (valid 0/30),NA (valid 0/30)
logistic_p4,256,30,30,embedding_not_saturated: 30,"13 [13, 13]; mean 13; valid 30/30","0 [0, 0]; mean 0; valid 30/30","0/30 = 0.000 [0.000, 0.114]",NA (valid 0/30),"0/30 = 0.000 [0.000, 0.114]",NA (valid 0/30),0,"0/30 = 0.000 [0.000, 0.114]",NA (valid 0/30),NA (valid 0/30),NA (valid 0/30),NA (valid 0/30)
logistic_p4,512,30,30,embedding_not_saturated: 30,"13 [13, 13]; mean 13; valid 30/30","0 [0, 0]; mean 0; valid 30/30","0/30 = 0.000 [0.000, 0.114]",NA (valid 0/30),"0/30 = 0.000 [0.000, 0.114]",NA (valid 0/30),0,"0/30 = 0.000 [0.000, 0.114]",NA (valid 0/30),NA (valid 0/30),NA (valid 0/30),NA (valid 0/30)
logistic,128,30,11,ok: 18; analysis_error: 10; embedding_not_saturated: 1; no_peaks: 1,"4 [4, 4.25]; mean 5.2; valid 20/30","124 [0, 125]; mean 78.7; valid 30/30","20/30 = 0.667 [0.488, 0.808]","0.0906 [0.0794, 0.124]; mean 0.103; valid 20/30","18/30 = 0.600 [0.423, 0.754]","2 [1, 2]; mean 1.74; valid 19/30",19,"17/30 = 0.567 [0.392, 0.726]","1 [1, 2]; mean 1.32; valid 19/30","4.99 [2.9, 7.17]; mean 5.59; valid 19/30","0.304 [0.256, 0.458]; mean 0.414; valid 19/30","0 [0, 0]; mean 0; valid 19/30"
logistic,256,30,0,ok: 30,"4 [4, 4]; mean 4; valid 30/30","253 [253, 253]; mean 253; valid 30/30","30/30 = 1.000 [0.886, 1.000]","0.122 [0.109, 0.151]; mean 0.13; valid 30/30","30/30 = 1.000 [0.886, 1.000]","2 [2, 2]; mean 2; valid 30/30",30,"30/30 = 1.000 [0.886, 1.000]","2 [2, 2]; mean 1.8; valid 30/30","9.41 [7.38, 11.3]; mean 9.36; valid 30/30","0.103 [0.09, 0.13]; mean 0.113; valid 30/30","0 [0, 0]; mean 0; valid 30/30"
logistic,512,30,0,ok: 30,"4 [4, 4]; mean 4; valid 30/30","509 [509, 509]; mean 509; valid 30/30","30/30 = 1.000 [0.886, 1.000]","0.141 [0.125, 0.171]; mean 0.149; valid 30/30","30/30 = 1.000 [0.886, 1.000]","2 [2, 2]; mean 1.97; valid 30/30",30,"30/30 = 1.000 [0.886, 1.000]","2 [2, 2]; mean 1.93; valid 30/30","9.54 [7.81, 10.4]; mean 9.8; valid 30/30","0.05 [0.0363, 0.055]; mean 0.0502; valid 30/30","0 [0, 0]; mean 0; valid 30/30"
henon,128,30,24,analysis_error: 24; ok: 6,"4.5 [4, 6.5]; mean 5.33; valid 6/30","0 [0, 0]; mean 24.7; valid 30/30","6/30 = 0.200 [0.095, 0.373]","0.115 [0.0791, 0.133]; mean 0.109; valid 6/30","6/30 = 0.200 [0.095, 0.373]","1 [1, 1]; mean 1.33; valid 6/30",6,"4/30 = 0.133 [0.053, 0.297]","1 [0.25, 1]; mean 0.667; valid 6/30","3.46 [1.32, 4.84]; mean 3.13; valid 6/30","0.41 [0.336, 0.853]; mean 0.562; valid 6/30","0 [0, 0]; mean 0; valid 6/30"
henon,256,30,0,ok: 30,"4 [4, 4]; mean 4.27; valid 30/30","253 [253, 253]; mean 253; valid 30/30","30/30 = 1.000 [0.886, 1.000]","0.118 [0.103, 0.137]; mean 0.121; valid 30/30","30/30 = 1.000 [0.886, 1.000]","1 [1, 1]; mean 1.13; valid 30/30",30,"29/30 = 0.967 [0.833, 0.994]","1 [1, 1]; mean 0.967; valid 30/30","6.07 [5, 6.72]; mean 6.24; valid 30/30","0.107 [0.0912, 0.129]; mean 0.118; valid 30/30","0 [0, 0]; mean 0; valid 30/30"
henon,512,30,0,ok: 30,"4 [4, 4]; mean 4.33; valid 30/30","509 [509, 509]; mean 509; valid 30/30","30/30 = 1.000 [0.886, 1.000]","0.15 [0.133, 0.164]; mean 0.152; valid 30/30","30/30 = 1.000 [0.886, 1.000]","1 [1, 1]; mean 1; valid 30/30",30,"30/30 = 1.000 [0.886, 1.000]","1 [1, 1]; mean 1; valid 30/30","7.85 [7.07, 9.03]; mean 7.94; valid 30/30","0.06 [0.0375, 0.075]; mean 0.0592; valid 30/30","0 [0, 0]; mean 0; valid 30/30"
