system,window,Level-A peaks,A within 0.05 of a known fixed point,Level-B peaks,B within 0.05 of a known fixed point,A location
henon,128,8,3/8,4,3/4,"0.507 [0.367, 0.645]; mean 0.455; valid 8/8"
henon,256,34,12/34,29,12/29,"0.563 [0.558, 0.643]; mean 0.566; valid 34/34"
henon,512,30,12/30,30,12/30,"0.561 [0.558, 0.644]; mean 0.59; valid 30/30"
logistic,128,33,27/33,25,21/25,"0.639 [0.00148, 0.758]; mean 0.393; valid 33/33"
logistic,256,60,60/60,54,54/54,"0.378 [0.00114, 0.757]; mean 0.379; valid 60/60"
logistic,512,59,58/59,58,58/58,"0.754 [0.00135, 0.757]; mean 0.387; valid 59/59"
sinusoid,128,57,2/57,15,0/15,"-0.0329 [-0.201, 0.202]; mean 0.0033; valid 57/57"
sinusoid,256,52,8/52,42,0/42,"-0.0351 [-0.201, 0.201]; mean -0.00139; valid 52/52"
sinusoid,512,49,11/49,38,0/38,"0.0352 [-0.201, 0.201]; mean 0.00237; valid 49/49"
