system,variant,abnormal fraction,n,AND,UPO,LLE
henon,a_clean,"(0.0999, 0.2]",37,37/37,37/37,37/37
henon,a_clean,"(0.2, 0.3]",28,28/28,28/28,28/28
henon,a_clean,"(0.3, 0.5]",21,21/21,21/21,21/21
henon,a_clean,"(0.5, 1.0]",8,8/8,8/8,8/8
henon,c_ectopy,"(0.0999, 0.2]",37,26/37,26/37,37/37
henon,c_ectopy,"(0.2, 0.3]",28,16/28,17/28,27/28
henon,c_ectopy,"(0.3, 0.5]",21,8/21,8/21,21/21
henon,c_ectopy,"(0.5, 1.0]",8,2/8,2/8,8/8
henon,d_ectopy_jitter,"(0.0999, 0.2]",37,26/37,26/37,37/37
henon,d_ectopy_jitter,"(0.2, 0.3]",28,18/28,19/28,27/28
henon,d_ectopy_jitter,"(0.3, 0.5]",21,7/21,7/21,20/21
henon,d_ectopy_jitter,"(0.5, 1.0]",8,2/8,2/8,6/8
logistic,a_clean,"(0.0999, 0.2]",37,37/37,37/37,37/37
logistic,a_clean,"(0.2, 0.3]",28,28/28,28/28,28/28
logistic,a_clean,"(0.3, 0.5]",21,21/21,21/21,21/21
logistic,a_clean,"(0.5, 1.0]",8,8/8,8/8,8/8
logistic,c_ectopy,"(0.0999, 0.2]",37,35/37,35/37,37/37
logistic,c_ectopy,"(0.2, 0.3]",28,25/28,25/28,28/28
logistic,c_ectopy,"(0.3, 0.5]",21,9/21,9/21,20/21
logistic,c_ectopy,"(0.5, 1.0]",8,5/8,5/8,8/8
logistic,d_ectopy_jitter,"(0.0999, 0.2]",37,34/37,35/37,36/37
logistic,d_ectopy_jitter,"(0.2, 0.3]",28,27/28,27/28,28/28
logistic,d_ectopy_jitter,"(0.3, 0.5]",21,12/21,12/21,20/21
logistic,d_ectopy_jitter,"(0.5, 1.0]",8,6/8,6/8,7/8
